Plot Title: ACWA-BR,,,,,,,,
#,"Date Time, GMT-06:00","Full Range, μS/cm (LGR S/N: 20847371, SEN S/N: 20847371)","Temp, °C (LGR S/N: 20847371, SEN S/N: 20847371)",Coupler Detached (LGR S/N: 20847371),Coupler Attached (LGR S/N: 20847371),Host Connected (LGR S/N: 20847371),Stopped (LGR S/N: 20847371),End Of File (LGR S/N: 20847371)
1,22/08/31 08:00:00,4.9,24.03,Logged,,,,
2,22/08/31 08:30:00,4.9,23.61,,,,,
3,22/08/31 09:00:00,1.8,23.20,,,,,
4,22/08/31 09:30:00,4.9,22.83,,,,,
5,22/08/31 10:00:00,4.9,22.58,,,,,
6,22/08/31 10:30:00,4.9,27.48,,,,,
7,22/08/31 11:00:00,4.9,31.57,,,,,
8,22/08/31 11:30:00,4.8,33.90,,,,,
9,22/08/31 12:00:00,4.5,33.40,,,,,
10,22/08/31 12:30:00,4.9,33.87,,,,,
11,22/08/31 13:00:00,4.8,37.06,,,,,
12,22/08/31 13:30:00,4.8,35.64,,,,,
13,22/08/31 14:00:00,4.8,34.21,,,,,
14,22/08/31 14:30:00,4.9,33.29,,,,,
15,22/08/31 15:00:00,4.9,33.35,,,,,
16,22/08/31 15:30:00,4.9,33.49,,,,,
17,22/08/31 16:00:00,4.9,33.13,,,,,
18,22/08/31 16:30:00,4.9,32.76,,,,,
19,22/08/31 17:00:00,4.9,33.56,,,,,
20,22/08/31 17:30:00,4.8,34.64,,,,,
21,22/08/31 18:00:00,17.0,35.40,,,,,
22,22/08/31 18:30:00,4.8,35.84,,,,,
23,22/08/31 19:00:00,4.8,35.90,,,,,
24,22/08/31 19:30:00,17.0,35.70,,,,,
25,22/08/31 20:00:00,4.8,35.33,,,,,
26,22/08/31 20:30:00,4.8,34.76,,,,,
27,22/08/31 21:00:00,4.8,34.04,,,,,
28,22/08/31 21:30:00,4.9,33.22,,,,,
29,22/08/31 22:00:00,4.9,32.34,,,,,
30,22/08/31 22:30:00,4.9,31.45,,,,,
31,22/08/31 23:00:00,4.9,30.61,,,,,
32,22/08/31 23:30:00,4.9,29.80,,,,,
33,22/09/01 00:00:00,4.9,29.01,,,,,
34,22/09/01 00:30:00,17.2,28.23,,,,,
35,22/09/01 01:00:00,4.9,27.48,,,,,
36,22/09/01 01:30:00,4.9,26.75,,,,,
37,22/09/01 02:00:00,17.2,26.06,,,,,
38,22/09/01 02:30:00,4.9,25.42,,,,,
39,22/09/01 03:00:00,4.9,24.79,,,,,
40,22/09/01 03:30:00,4.9,24.22,,,,,
41,22/09/01 04:00:00,4.9,23.71,,,,,
42,22/09/01 04:30:00,17.3,23.20,,,,,
43,22/09/01 05:00:00,17.3,22.71,,,,,
44,22/09/01 05:30:00,4.9,22.23,,,,,
45,22/09/01 06:00:00,4.9,21.76,,,,,
46,22/09/01 06:30:00,4.9,21.34,,,,,
47,22/09/01 07:00:00,4.9,20.97,,,,,
48,22/09/01 07:30:00,17.3,20.62,,,,,
49,22/09/01 08:00:00,4.9,20.32,,,,,
50,22/09/01 08:30:00,4.9,20.22,,,,,
51,22/09/01 09:00:00,4.9,20.11,,,,,
52,22/09/01 09:30:00,4.9,20.54,,,,,
53,22/09/01 10:00:00,4.9,23.97,,,,,
54,22/09/01 10:30:00,4.9,26.86,,,,,
55,22/09/01 11:00:00,17.1,30.57,,,,,
56,22/09/01 11:30:00,17.1,33.01,,,,,
57,22/09/01 12:00:00,4.8,35.37,,,,,
58,22/09/01 12:30:00,4.8,36.00,,,,,
59,22/09/01 13:00:00,1.8,36.62,,,,,
60,22/09/01 13:30:00,4.8,36.19,,,,,
61,22/09/01 14:00:00,4.5,35.19,,,,,
62,22/09/01 14:30:00,4.8,35.30,,,,,
63,22/09/01 15:00:00,4.8,34.35,,,,,
64,22/09/01 15:30:00,4.9,33.59,,,,,
65,22/09/01 16:00:00,321.2,19.83,,,,,
66,22/09/01 16:30:00,315.1,20.16,,,,,
67,22/09/01 17:00:00,312.2,20.28,,,,,
68,22/09/01 17:30:00,310.3,20.02,,,,,
69,22/09/01 18:00:00,303.6,19.93,,,,,
70,22/09/01 18:30:00,319.2,19.84,,,,,
71,22/09/01 19:00:00,318.8,19.81,,,,,
72,22/09/01 19:30:00,318.8,19.74,,,,,
73,22/09/01 20:00:00,318.0,19.68,,,,,
74,22/09/01 20:30:00,321.2,19.69,,,,,
75,22/09/01 21:00:00,320.8,19.64,,,,,
76,22/09/01 21:30:00,320.8,19.66,,,,,
77,22/09/01 22:00:00,320.0,19.59,,,,,
78,22/09/01 22:30:00,319.7,19.51,,,,,
79,22/09/01 23:00:00,319.3,19.44,,,,,
80,22/09/01 23:30:00,319.3,19.39,,,,,
81,22/09/02 00:00:00,319.0,19.23,,,,,
82,22/09/02 00:30:00,319.0,19.19,,,,,
83,22/09/02 01:00:00,319.0,19.09,,,,,
84,22/09/02 01:30:00,318.6,19.04,,,,,
85,22/09/02 02:00:00,318.2,18.99,,,,,
86,22/09/02 02:30:00,317.9,18.97,,,,,
87,22/09/02 03:00:00,317.9,18.89,,,,,
88,22/09/02 03:30:00,317.9,18.80,,,,,
89,22/09/02 04:00:00,317.5,18.75,,,,,
90,22/09/02 04:30:00,317.1,18.69,,,,,
91,22/09/02 05:00:00,317.2,18.62,,,,,
92,22/09/02 05:30:00,316.8,18.57,,,,,
93,22/09/02 06:00:00,316.4,18.49,,,,,
94,22/09/02 06:30:00,316.5,18.38,,,,,
95,22/09/02 07:00:00,316.1,18.36,,,,,
96,22/09/02 07:30:00,316.1,18.31,,,,,
97,22/09/02 08:00:00,315.7,18.29,,,,,
98,22/09/02 08:30:00,315.7,18.35,,,,,
99,22/09/02 09:00:00,315.6,18.41,,,,,
100,22/09/02 09:30:00,316.0,18.47,,,,,
101,22/09/02 10:00:00,316.4,18.57,,,,,
102,22/09/02 10:30:00,316.3,18.69,,,,,
103,22/09/02 11:00:00,316.7,18.83,,,,,
104,22/09/02 11:30:00,316.7,18.90,,,,,
105,22/09/02 12:00:00,317.0,19.03,,,,,
106,22/09/02 12:30:00,317.4,19.13,,,,,
107,22/09/02 13:00:00,317.0,19.25,,,,,
108,22/09/02 13:30:00,317.7,19.28,,,,,
109,22/09/02 14:00:00,319.3,19.32,,,,,
110,22/09/02 14:30:00,319.7,19.35,,,,,
111,22/09/02 15:00:00,319.7,19.38,,,,,
112,22/09/02 15:30:00,319.3,19.38,,,,,
113,22/09/02 16:00:00,318.9,19.39,,,,,
114,22/09/02 16:30:00,318.9,19.41,,,,,
115,22/09/02 17:00:00,318.9,19.35,,,,,
116,22/09/02 17:30:00,318.1,19.32,,,,,
117,22/09/02 18:00:00,318.6,19.27,,,,,
118,22/09/02 18:30:00,317.8,19.21,,,,,
119,22/09/02 19:00:00,317.0,19.17,,,,,
120,22/09/02 19:30:00,317.0,19.14,,,,,
121,22/09/02 20:00:00,317.4,19.11,,,,,
122,22/09/02 20:30:00,317.4,19.09,,,,,
123,22/09/02 21:00:00,317.8,19.11,,,,,
124,22/09/02 21:30:00,317.8,19.15,,,,,
125,22/09/02 22:00:00,318.6,19.17,,,,,
126,22/09/02 22:30:00,319.4,19.20,,,,,
127,22/09/02 23:00:00,320.2,19.19,,,,,
128,22/09/02 23:30:00,323.8,19.21,,,,,
129,22/09/03 00:00:00,325.0,19.19,,,,,
130,22/09/03 00:30:00,325.4,19.14,,,,,
131,22/09/03 01:00:00,325.0,19.08,,,,,
132,22/09/03 01:30:00,324.2,19.01,,,,,
133,22/09/03 02:00:00,323.4,18.97,,,,,
134,22/09/03 02:30:00,323.1,18.92,,,,,
135,22/09/03 03:00:00,323.1,18.87,,,,,
136,22/09/03 03:30:00,322.7,18.81,,,,,
137,22/09/03 04:00:00,322.3,18.74,,,,,
138,22/09/03 04:30:00,321.9,18.68,,,,,
139,22/09/03 05:00:00,903.8,18.63,,,,,
140,22/09/03 05:30:00,824.4,18.60,,,,,
141,22/09/03 06:00:00,326.8,18.53,,,,,
142,22/09/03 06:30:00,321.2,18.47,,,,,
143,22/09/03 07:00:00,320.4,18.41,,,,,
144,22/09/03 07:30:00,320.1,18.33,,,,,
145,22/09/03 08:00:00,320.1,18.31,,,,,
146,22/09/03 08:30:00,319.7,18.32,,,,,
147,22/09/03 09:00:00,319.3,18.32,,,,,
148,22/09/03 09:30:00,319.3,18.33,,,,,
149,22/09/03 10:00:00,318.9,18.38,,,,,
150,22/09/03 10:30:00,318.0,18.44,,,,,
151,22/09/03 11:00:00,318.0,18.51,,,,,
152,22/09/03 11:30:00,318.0,18.62,,,,,
153,22/09/03 12:00:00,317.9,18.79,,,,,
154,22/09/03 12:30:00,317.1,18.87,,,,,
155,22/09/03 13:00:00,317.1,18.91,,,,,
156,22/09/03 13:30:00,318.6,19.02,,,,,
157,22/09/03 14:00:00,317.8,19.04,,,,,
158,22/09/03 14:30:00,314.2,19.04,,,,,
159,22/09/03 15:00:00,314.6,19.11,,,,,
160,22/09/03 15:30:00,317.0,19.04,,,,,
161,22/09/03 16:00:00,317.9,18.92,,,,,
162,22/09/03 16:30:00,317.9,18.85,,,,,
163,22/09/03 17:00:00,315.9,18.84,,,,,
164,22/09/03 17:30:00,315.9,18.84,,,,,
165,22/09/03 18:00:00,316.3,18.80,,,,,
166,22/09/03 18:30:00,316.3,18.73,,,,,
167,22/09/03 19:00:00,317.2,18.66,,,,,
168,22/09/03 19:30:00,316.4,18.63,,,,,
169,22/09/03 20:00:00,316.0,18.61,,,,,
170,22/09/03 20:30:00,316.0,18.59,,,,,
171,22/09/03 21:00:00,315.6,18.65,,,,,
172,22/09/03 21:30:00,315.6,18.68,,,,,
173,22/09/03 22:00:00,315.6,18.69,,,,,
174,22/09/03 22:30:00,316.3,18.71,,,,,
175,22/09/03 23:00:00,316.3,18.74,,,,,
176,22/09/03 23:30:00,317.9,18.72,,,,,
177,22/09/04 00:00:00,319.1,18.68,,,,,
178,22/09/04 00:30:00,319.1,18.68,,,,,
179,22/09/04 01:00:00,318.4,18.67,,,,,
180,22/09/04 01:30:00,318.0,18.62,,,,,
181,22/09/04 02:00:00,318.0,18.54,,,,,
182,22/09/04 02:30:00,318.0,18.49,,,,,
183,22/09/04 03:00:00,317.6,18.45,,,,,
184,22/09/04 03:30:00,317.6,18.41,,,,,
185,22/09/04 04:00:00,316.9,18.36,,,,,
186,22/09/04 04:30:00,316.9,18.35,,,,,
187,22/09/04 05:00:00,316.5,18.27,,,,,
188,22/09/04 05:30:00,316.1,18.24,,,,,
189,22/09/04 06:00:00,316.1,18.19,,,,,
190,22/09/04 06:30:00,315.7,18.15,,,,,
191,22/09/04 07:00:00,315.4,18.08,,,,,
192,22/09/04 07:30:00,315.4,18.08,,,,,
193,22/09/04 08:00:00,315.0,18.09,,,,,
194,22/09/04 08:30:00,314.5,18.12,,,,,
195,22/09/04 09:00:00,314.5,18.15,,,,,
196,22/09/04 09:30:00,314.5,18.19,,,,,
197,22/09/04 10:00:00,314.5,18.23,,,,,
198,22/09/04 10:30:00,314.5,18.33,,,,,
199,22/09/04 11:00:00,315.2,18.44,,,,,
200,22/09/04 11:30:00,315.2,18.53,,,,,
201,22/09/04 12:00:00,315.2,18.63,,,,,
202,22/09/04 12:30:00,315.1,18.71,,,,,
203,22/09/04 13:00:00,315.5,18.78,,,,,
204,22/09/04 13:30:00,316.3,18.85,,,,,
205,22/09/04 14:00:00,317.1,18.92,,,,,
206,22/09/04 14:30:00,317.4,19.07,,,,,
207,22/09/04 15:00:00,317.8,19.05,,,,,
208,22/09/04 15:30:00,318.6,19.16,,,,,
209,22/09/04 16:00:00,317.4,19.16,,,,,
210,22/09/04 16:30:00,316.2,19.11,,,,,
211,22/09/04 17:00:00,316.2,19.14,,,,,
212,22/09/04 17:30:00,315.8,19.09,,,,,
213,22/09/04 18:00:00,315.4,19.11,,,,,
214,22/09/04 18:30:00,315.0,19.01,,,,,
215,22/09/04 19:00:00,315.1,18.92,,,,,
216,22/09/04 19:30:00,315.5,18.97,,,,,
217,22/09/04 20:00:00,316.3,18.96,,,,,
218,22/09/04 20:30:00,316.2,19.01,,,,,
219,22/09/04 21:00:00,316.2,19.03,,,,,
220,22/09/04 21:30:00,316.2,19.04,,,,,
221,22/09/04 22:00:00,317.0,19.05,,,,,
222,22/09/04 22:30:00,317.8,19.04,,,,,
223,22/09/04 23:00:00,317.8,19.02,,,,,
224,22/09/04 23:30:00,317.8,19.03,,,,,
225,22/09/05 00:00:00,317.9,18.97,,,,,
226,22/09/05 00:30:00,317.9,18.86,,,,,
227,22/09/05 01:00:00,317.5,18.77,,,,,
228,22/09/05 01:30:00,317.9,18.72,,,,,
229,22/09/05 02:00:00,318.0,18.66,,,,,
230,22/09/05 02:30:00,317.2,18.59,,,,,
231,22/09/05 03:00:00,317.6,18.57,,,,,
232,22/09/05 03:30:00,317.6,18.50,,,,,
233,22/09/05 04:00:00,317.6,18.44,,,,,
234,22/09/05 04:30:00,317.7,18.38,,,,,
235,22/09/05 05:00:00,317.7,18.35,,,,,
236,22/09/05 05:30:00,318.5,18.29,,,,,
237,22/09/05 06:00:00,317.7,18.26,,,,,
238,22/09/05 06:30:00,317.3,18.23,,,,,
239,22/09/05 07:00:00,317.0,18.07,,,,,
240,22/09/05 07:30:00,316.6,18.05,,,,,
241,22/09/05 08:00:00,316.2,18.07,,,,,
242,22/09/05 08:30:00,315.4,18.06,,,,,
243,22/09/05 09:00:00,315.0,18.07,,,,,
244,22/09/05 09:30:00,314.9,18.11,,,,,
245,22/09/05 10:00:00,315.3,18.19,,,,,
246,22/09/05 10:30:00,315.7,18.31,,,,,
247,22/09/05 11:00:00,316.1,18.39,,,,,
248,22/09/05 11:30:00,316.4,18.49,,,,,
249,22/09/05 12:00:00,315.6,18.57,,,,,
250,22/09/05 12:30:00,316.0,18.62,,,,,
251,22/09/05 13:00:00,317.1,18.74,,,,,
252,22/09/05 13:30:00,317.1,18.79,,,,,
253,22/09/05 14:00:00,317.5,18.86,,,,,
254,22/09/05 14:30:00,317.5,18.91,,,,,
255,22/09/05 15:00:00,317.5,18.96,,,,,
256,22/09/05 15:30:00,316.3,18.75,,,,,
257,22/09/05 16:00:00,317.1,18.89,,,,,
258,22/09/05 16:30:00,317.1,18.86,,,,,
259,22/09/05 17:00:00,316.3,18.86,,,,,
260,22/09/05 17:30:00,315.9,18.79,,,,,
261,22/09/05 18:00:00,315.1,18.73,,,,,
262,22/09/05 18:30:00,314.8,18.68,,,,,
263,22/09/05 19:00:00,314.8,18.67,,,,,
264,22/09/05 19:30:00,314.8,18.62,,,,,
265,22/09/05 20:00:00,314.4,18.57,,,,,
266,22/09/05 20:30:00,314.4,18.56,,,,,
267,22/09/05 21:00:00,312.8,18.54,,,,,
268,22/09/05 21:30:00,312.0,18.48,,,,,
269,22/09/05 22:00:00,311.6,18.43,,,,,
270,22/09/05 22:30:00,312.5,18.36,,,,,
271,22/09/05 23:00:00,312.9,18.27,,,,,
272,22/09/05 23:30:00,312.9,18.21,,,,,
273,22/09/06 00:00:00,313.3,18.14,,,,,
274,22/09/06 00:30:00,313.8,18.06,,,,,
275,22/09/06 01:00:00,313.8,17.99,,,,,
276,22/09/06 01:30:00,313.8,17.91,,,,,
277,22/09/06 02:00:00,314.2,17.85,,,,,
278,22/09/06 02:30:00,314.2,17.81,,,,,
279,22/09/06 03:00:00,313.9,17.75,,,,,
280,22/09/06 03:30:00,313.9,17.67,,,,,
281,22/09/06 04:00:00,313.5,17.61,,,,,
282,22/09/06 04:30:00,313.5,17.55,,,,,
283,22/09/06 05:00:00,313.6,17.49,,,,,
284,22/09/06 05:30:00,312.8,17.40,,,,,
285,22/09/06 06:00:00,312.4,17.33,,,,,
286,22/09/06 06:30:00,311.6,17.28,,,,,
287,22/09/06 07:00:00,311.3,17.19,,,,,
288,22/09/06 07:30:00,310.9,17.12,,,,,
289,22/09/06 08:00:00,310.5,17.10,,,,,
290,22/09/06 08:30:00,310.5,17.15,,,,,
291,22/09/06 09:00:00,310.9,17.17,,,,,
292,22/09/06 09:30:00,311.2,17.24,,,,,
293,22/09/06 10:00:00,310.8,17.23,,,,,
294,22/09/06 10:30:00,311.6,17.24,,,,,
295,22/09/06 11:00:00,311.2,17.28,,,,,
296,22/09/06 11:30:00,311.6,17.40,,,,,
297,22/09/06 12:00:00,311.6,17.51,,,,,
298,22/09/06 12:30:00,311.5,17.61,,,,,
299,22/09/06 13:00:00,310.3,17.66,,,,,
300,22/09/06 13:30:00,310.7,17.71,,,,,
301,22/09/06 14:00:00,310.7,17.76,,,,,
302,22/09/06 14:30:00,309.9,17.79,,,,,
303,22/09/06 15:00:00,309.8,17.89,,,,,
304,22/09/06 15:30:00,309.8,17.83,,,,,
305,22/09/06 16:00:00,309.8,17.90,,,,,
306,22/09/06 16:30:00,309.0,17.87,,,,,
307,22/09/06 17:00:00,308.2,17.88,,,,,
308,22/09/06 17:30:00,307.8,17.84,,,,,
309,22/09/06 18:00:00,307.9,17.83,,,,,
310,22/09/06 18:30:00,307.4,17.84,,,,,
311,22/09/06 19:00:00,307.9,17.79,,,,,
312,22/09/06 19:30:00,308.3,17.83,,,,,
313,22/09/06 20:00:00,309.9,17.82,,,,,
314,22/09/06 20:30:00,309.9,17.82,,,,,
315,22/09/06 21:00:00,311.1,17.79,,,,,
316,22/09/06 21:30:00,311.5,17.76,,,,,
317,22/09/06 22:00:00,311.5,17.72,,,,,
318,22/09/06 22:30:00,311.5,17.69,,,,,
319,22/09/06 23:00:00,311.9,17.64,,,,,
320,22/09/06 23:30:00,312.3,17.60,,,,,
321,22/09/07 00:00:00,311.9,17.55,,,,,
322,22/09/07 00:30:00,311.9,17.52,,,,,
323,22/09/07 01:00:00,312.0,17.47,,,,,
324,22/09/07 01:30:00,312.0,17.42,,,,,
325,22/09/07 02:00:00,312.0,17.37,,,,,
326,22/09/07 02:30:00,312.0,17.33,,,,,
327,22/09/07 03:00:00,312.0,17.30,,,,,
328,22/09/07 03:30:00,312.4,17.24,,,,,
329,22/09/07 04:00:00,312.1,17.19,,,,,
330,22/09/07 04:30:00,312.9,17.13,,,,,
331,22/09/07 05:00:00,312.9,17.10,,,,,
332,22/09/07 05:30:00,312.5,17.04,,,,,
333,22/09/07 06:00:00,312.5,16.99,,,,,
334,22/09/07 06:30:00,312.1,16.97,,,,,
335,22/09/07 07:00:00,311.8,16.89,,,,,
336,22/09/07 07:30:00,319.8,16.86,,,,,
337,22/09/07 08:00:00,317.0,16.82,,,,,
338,22/09/07 08:30:00,316.2,16.87,,,,,
339,22/09/07 09:00:00,314.1,16.97,,,,,
340,22/09/07 09:30:00,315.7,17.03,,,,,
341,22/09/07 10:00:00,320.1,17.11,,,,,
342,22/09/07 10:30:00,310.8,17.23,,,,,
343,22/09/07 11:00:00,311.2,17.28,,,,,
344,22/09/07 11:30:00,311.2,17.31,,,,,
345,22/09/07 12:00:00,311.2,17.36,,,,,
346,22/09/07 12:30:00,312.4,17.37,,,,,
347,22/09/07 13:00:00,313.2,17.43,,,,,
348,22/09/07 13:30:00,313.5,17.64,,,,,
349,22/09/07 14:00:00,310.0,17.48,,,,,
350,22/09/07 14:30:00,309.9,17.79,,,,,
351,22/09/07 15:00:00,311.8,18.06,,,,,
352,22/09/07 15:30:00,310.7,17.57,,,,,
353,22/09/07 16:00:00,310.7,17.72,,,,,
354,22/09/07 16:30:00,311.0,17.89,,,,,
355,22/09/07 17:00:00,311.1,17.78,,,,,
356,22/09/07 17:30:00,310.3,17.73,,,,,
357,22/09/07 18:00:00,311.1,17.66,,,,,
358,22/09/07 18:30:00,309.9,17.58,,,,,
359,22/09/07 19:00:00,309.9,17.54,,,,,
360,22/09/07 19:30:00,309.9,17.53,,,,,
361,22/09/07 20:00:00,309.5,17.59,,,,,
362,22/09/07 20:30:00,309.5,17.59,,,,,
363,22/09/07 21:00:00,309.5,17.55,,,,,
364,22/09/07 21:30:00,309.1,17.54,,,,,
365,22/09/07 22:00:00,"1,446.6",17.49,,,,,
366,22/09/07 22:30:00,308.0,17.48,,,,,
367,22/09/07 23:00:00,308.0,17.45,,,,,
368,22/09/07 23:30:00,748.0,17.33,,,,,
369,22/09/08 00:00:00,306.4,17.29,,,,,
370,22/09/08 00:30:00,307.6,17.23,,,,,
371,22/09/08 01:00:00,308.5,17.22,,,,,
372,22/09/08 01:30:00,308.5,17.19,,,,,
373,22/09/08 02:00:00,308.9,17.15,,,,,
374,22/09/08 02:30:00,308.9,17.07,,,,,
375,22/09/08 03:00:00,309.7,17.05,,,,,
376,22/09/08 03:30:00,309.3,17.04,,,,,
377,22/09/08 04:00:00,309.4,16.88,,,,,
378,22/09/08 04:30:00,309.8,16.91,,,,,
379,22/09/08 05:00:00,309.4,16.89,,,,,
380,22/09/08 05:30:00,309.0,16.86,,,,,
381,22/09/08 06:00:00,309.4,16.80,,,,,
382,22/09/08 06:30:00,309.4,16.77,,,,,
383,22/09/08 07:00:00,309.0,16.73,,,,,
384,22/09/08 07:30:00,308.6,16.70,,,,,
385,22/09/08 08:00:00,308.6,16.74,,,,,
386,22/09/08 08:30:00,308.2,16.73,,,,,
387,22/09/08 09:00:00,308.2,16.65,,,,,
388,22/09/08 09:30:00,308.2,16.71,,,,,
389,22/09/08 10:00:00,308.6,16.83,,,,,
390,22/09/08 10:30:00,307.4,16.69,,,,,
391,22/09/08 11:00:00,307.4,16.73,,,,,
392,22/09/08 11:30:00,307.4,16.75,,,,,
393,22/09/08 12:00:00,307.4,16.80,,,,,
394,22/09/08 12:30:00,308.1,17.01,,,,,
395,22/09/08 13:00:00,308.5,17.18,,,,,
396,22/09/08 13:30:00,307.8,16.83,,,,,
397,22/09/08 14:00:00,306.5,16.94,,,,,
398,22/09/08 14:30:00,306.6,16.83,,,,,
399,22/09/08 15:00:00,306.6,16.77,,,,,
400,22/09/08 15:30:00,308.5,17.21,,,,,
401,22/09/08 16:00:00,308.5,17.16,,,,,
402,22/09/08 16:30:00,306.1,17.11,,,,,
403,22/09/08 17:00:00,305.3,16.93,,,,,
404,22/09/08 17:30:00,306.2,16.67,,,,,
405,22/09/08 18:00:00,305.8,16.75,,,,,
406,22/09/08 18:30:00,305.8,16.79,,,,,
407,22/09/08 19:00:00,306.2,16.85,,,,,
408,22/09/08 19:30:00,305.8,16.70,,,,,
409,22/09/08 20:00:00,305.8,16.67,,,,,
410,22/09/08 20:30:00,303.5,16.57,,,,,
411,22/09/08 21:00:00,303.9,16.52,,,,,
412,22/09/08 21:30:00,304.3,16.46,,,,,
413,22/09/08 22:00:00,304.3,16.40,,,,,
414,22/09/08 22:30:00,305.1,16.34,,,,,
415,22/09/08 23:00:00,305.5,16.32,,,,,
416,22/09/08 23:30:00,306.4,16.30,,,,,
417,22/09/09 00:00:00,306.4,16.25,,,,,
418,22/09/09 00:30:00,306.4,16.09,,,,,
419,22/09/09 01:00:00,303.7,15.90,,,,,
420,22/09/09 01:30:00,303.3,15.91,,,,,
421,22/09/09 02:00:00,302.1,15.83,,,,,
422,22/09/09 02:30:00,304.1,15.77,,,,,
423,22/09/09 03:00:00,305.3,15.73,,,,,
424,22/09/09 03:30:00,306.2,15.60,,,,,
425,22/09/09 04:00:00,305.4,15.59,,,,,
426,22/09/09 04:30:00,305.8,15.59,,,,,
427,22/09/09 05:00:00,307.4,15.50,,,,,
428,22/09/09 05:30:00,306.6,15.41,,,,,
429,22/09/09 06:00:00,307.1,15.34,,,,,
430,22/09/09 06:30:00,306.3,15.30,,,,,
431,22/09/09 07:00:00,305.1,15.25,,,,,
432,22/09/09 07:30:00,305.1,15.22,,,,,
433,22/09/09 08:00:00,305.1,15.19,,,,,
434,22/09/09 08:30:00,305.5,15.20,,,,,
435,22/09/09 09:00:00,306.3,15.26,,,,,
436,22/09/09 09:30:00,307.5,15.32,,,,,
437,22/09/09 10:00:00,308.6,15.41,,,,,
438,22/09/09 10:30:00,310.6,15.55,,,,,
439,22/09/09 11:00:00,310.6,15.62,,,,,
440,22/09/09 11:30:00,312.6,15.67,,,,,
441,22/09/09 12:00:00,314.1,15.82,,,,,
442,22/09/09 12:30:00,314.9,15.85,,,,,
443,22/09/09 13:00:00,314.1,15.74,,,,,
444,22/09/09 13:30:00,314.9,15.70,,,,,
445,22/09/09 14:00:00,316.4,16.10,,,,,
446,22/09/09 14:30:00,313.8,15.62,,,,,
447,22/09/09 15:00:00,316.4,16.21,,,,,
448,22/09/09 15:30:00,316.3,16.32,,,,,
449,22/09/09 16:00:00,316.4,16.28,,,,,
450,22/09/09 16:30:00,315.6,16.18,,,,,
451,22/09/09 17:00:00,315.2,16.24,,,,,
452,22/09/09 17:30:00,314.8,16.18,,,,,
453,22/09/09 18:00:00,314.0,16.10,,,,,
454,22/09/09 18:30:00,314.0,16.06,,,,,
455,22/09/09 19:00:00,312.8,16.01,,,,,
456,22/09/09 19:30:00,312.9,15.98,,,,,
457,22/09/09 20:00:00,312.0,16.01,,,,,
458,22/09/09 20:30:00,311.6,16.01,,,,,
459,22/09/09 21:00:00,312.0,16.01,,,,,
460,22/09/09 21:30:00,312.5,15.98,,,,,
461,22/09/09 22:00:00,312.5,15.96,,,,,
462,22/09/09 22:30:00,312.5,15.91,,,,,
463,22/09/09 23:00:00,312.5,15.86,,,,,
464,22/09/09 23:30:00,312.1,15.82,,,,,
465,22/09/10 00:00:00,312.1,15.76,,,,,
466,22/09/10 00:30:00,312.5,15.72,,,,,
467,22/09/10 01:00:00,316.2,15.65,,,,,
468,22/09/10 01:30:00,316.6,15.58,,,,,
469,22/09/10 02:00:00,316.2,15.54,,,,,
470,22/09/10 02:30:00,314.6,15.49,,,,,
471,22/09/10 03:00:00,315.0,15.40,,,,,
472,22/09/10 03:30:00,314.7,15.34,,,,,
473,22/09/10 04:00:00,313.9,15.30,,,,,
474,22/09/10 04:30:00,313.5,15.24,,,,,
475,22/09/10 05:00:00,312.7,15.17,,,,,
476,22/09/10 05:30:00,312.7,15.13,,,,,
477,22/09/10 06:00:00,312.4,15.07,,,,,
478,22/09/10 06:30:00,312.0,14.99,,,,,
479,22/09/10 07:00:00,311.6,14.95,,,,,
480,22/09/10 07:30:00,311.2,14.90,,,,,
481,22/09/10 08:00:00,310.8,14.89,,,,,
482,22/09/10 08:30:00,311.2,14.94,,,,,
483,22/09/10 09:00:00,311.6,15.04,,,,,
484,22/09/10 09:30:00,311.9,15.12,,,,,
485,22/09/10 10:00:00,312.7,15.24,,,,,
486,22/09/10 10:30:00,313.5,15.34,,,,,
487,22/09/10 11:00:00,313.8,15.46,,,,,
488,22/09/10 11:30:00,314.2,15.53,,,,,
489,22/09/10 12:00:00,314.2,15.62,,,,,
490,22/09/10 12:30:00,314.9,15.70,,,,,
491,22/09/10 13:00:00,315.7,15.80,,,,,
492,22/09/10 13:30:00,316.1,15.89,,,,,
493,22/09/10 14:00:00,316.1,15.97,,,,,
494,22/09/10 14:30:00,316.0,16.07,,,,,
495,22/09/10 15:00:00,316.4,16.14,,,,,
496,22/09/10 15:30:00,315.6,16.19,,,,,
497,22/09/10 16:00:00,315.2,16.19,,,,,
498,22/09/10 16:30:00,314.4,16.13,,,,,
499,22/09/10 17:00:00,314.4,16.14,,,,,
500,22/09/10 17:30:00,314.4,16.13,,,,,
501,22/09/10 18:00:00,314.4,16.08,,,,,
502,22/09/10 18:30:00,314.0,16.08,,,,,
503,22/09/10 19:00:00,314.0,16.07,,,,,
504,22/09/10 19:30:00,313.6,16.06,,,,,
505,22/09/10 20:00:00,313.6,16.06,,,,,
506,22/09/10 20:30:00,313.2,16.09,,,,,
507,22/09/10 21:00:00,312.8,16.14,,,,,
508,22/09/10 21:30:00,313.2,16.16,,,,,
509,22/09/10 22:00:00,313.2,16.18,,,,,
510,22/09/10 22:30:00,313.2,16.22,,,,,
511,22/09/10 23:00:00,313.6,16.24,,,,,
512,22/09/10 23:30:00,314.0,16.24,,,,,
513,22/09/11 00:00:00,314.0,16.18,,,,,
514,22/09/11 00:30:00,313.6,16.15,,,,,
515,22/09/11 01:00:00,313.2,16.13,,,,,
516,22/09/11 01:30:00,313.6,16.07,,,,,
517,22/09/11 02:00:00,316.5,15.95,,,,,
518,22/09/11 02:30:00,315.7,15.90,,,,,
519,22/09/11 03:00:00,315.7,15.82,,,,,
520,22/09/11 03:30:00,315.3,15.79,,,,,
521,22/09/11 04:00:00,315.3,15.72,,,,,
522,22/09/11 04:30:00,315.8,15.62,,,,,
523,22/09/11 05:00:00,315.0,15.64,,,,,
524,22/09/11 05:30:00,314.6,15.58,,,,,
525,22/09/11 06:00:00,314.6,15.49,,,,,
526,22/09/11 06:30:00,314.2,15.46,,,,,
527,22/09/11 07:00:00,313.8,15.43,,,,,
528,22/09/11 07:30:00,313.5,15.36,,,,,
529,22/09/11 08:00:00,313.1,15.37,,,,,
530,22/09/11 08:30:00,313.0,15.42,,,,,
531,22/09/11 09:00:00,313.4,15.46,,,,,
532,22/09/11 09:30:00,313.8,15.56,,,,,
533,22/09/11 10:00:00,313.7,15.72,,,,,
534,22/09/11 10:30:00,314.5,15.85,,,,,
535,22/09/11 11:00:00,314.5,15.94,,,,,
536,22/09/11 11:30:00,315.2,16.08,,,,,
537,22/09/11 12:00:00,315.6,16.24,,,,,
538,22/09/11 12:30:00,316.7,16.32,,,,,
539,22/09/11 13:00:00,316.3,16.34,,,,,
540,22/09/11 13:30:00,314.8,16.10,,,,,
541,22/09/11 14:00:00,315.5,16.39,,,,,
542,22/09/11 14:30:00,315.5,16.37,,,,,
543,22/09/11 15:00:00,314.8,16.25,,,,,
544,22/09/11 15:30:00,313.6,16.27,,,,,
545,22/09/11 16:00:00,314.4,16.30,,,,,
546,22/09/11 16:30:00,315.1,16.42,,,,,
547,22/09/11 17:00:00,315.1,16.38,,,,,
548,22/09/11 17:30:00,315.5,16.36,,,,,
549,22/09/11 18:00:00,315.1,16.37,,,,,
550,22/09/11 18:30:00,315.5,16.44,,,,,
551,22/09/11 19:00:00,315.5,16.48,,,,,
552,22/09/11 19:30:00,315.1,16.54,,,,,
553,22/09/11 20:00:00,314.3,16.45,,,,,
554,22/09/11 20:30:00,314.3,16.43,,,,,
555,22/09/11 21:00:00,325.1,16.45,,,,,
556,22/09/11 21:30:00,337.1,16.44,,,,,
557,22/09/11 22:00:00,313.9,16.46,,,,,
558,22/09/11 22:30:00,313.9,16.46,,,,,
559,22/09/11 23:00:00,314.7,16.45,,,,,
560,22/09/11 23:30:00,313.1,16.43,,,,,
561,22/09/12 00:00:00,313.9,16.37,,,,,
562,22/09/12 00:30:00,323.1,16.32,,,,,
563,22/09/12 01:00:00,313.6,16.26,,,,,
564,22/09/12 01:30:00,314.0,16.24,,,,,
565,22/09/12 02:00:00,315.2,16.19,,,,,
566,22/09/12 02:30:00,315.2,16.15,,,,,
567,22/09/12 03:00:00,315.6,16.12,,,,,
568,22/09/12 03:30:00,315.6,16.07,,,,,
569,22/09/12 04:00:00,315.7,16.00,,,,,
570,22/09/12 04:30:00,316.9,15.92,,,,,
571,22/09/12 05:00:00,315.7,15.90,,,,,
572,22/09/12 05:30:00,315.3,15.89,,,,,
573,22/09/12 06:00:00,315.3,15.82,,,,,
574,22/09/12 06:30:00,315.7,15.73,,,,,
575,22/09/12 07:00:00,315.4,15.70,,,,,
576,22/09/12 07:30:00,315.0,15.68,,,,,
577,22/09/12 08:00:00,315.0,15.66,,,,,
578,22/09/12 08:30:00,313.7,15.71,,,,,
579,22/09/12 09:00:00,314.5,15.74,,,,,
580,22/09/12 09:30:00,315.3,15.71,,,,,
581,22/09/12 10:00:00,314.5,15.76,,,,,
582,22/09/12 10:30:00,318.1,15.80,,,,,
583,22/09/12 11:00:00,314.5,15.85,,,,,
584,22/09/12 11:30:00,315.3,15.96,,,,,
585,22/09/12 12:00:00,315.2,16.09,,,,,
586,22/09/12 12:30:00,317.6,16.01,,,,,
587,22/09/12 13:00:00,313.7,15.98,,,,,
588,22/09/12 13:30:00,316.0,16.19,,,,,
589,22/09/12 14:00:00,314.0,16.07,,,,,
590,22/09/12 14:30:00,316.4,16.06,,,,,
591,22/09/12 15:00:00,315.6,16.22,,,,,
592,22/09/12 15:30:00,314.4,16.03,,,,,
593,22/09/12 16:00:00,314.5,15.91,,,,,
594,22/09/12 16:30:00,312.5,15.95,,,,,
595,22/09/12 17:00:00,312.1,15.97,,,,,
596,22/09/12 17:30:00,311.3,15.98,,,,,
597,22/09/12 18:00:00,311.7,15.97,,,,,
598,22/09/12 18:30:00,312.5,15.96,,,,,
599,22/09/12 19:00:00,310.9,15.95,,,,,
600,22/09/12 19:30:00,310.9,15.92,,,,,
601,22/09/12 20:00:00,311.3,15.86,,,,,
602,22/09/12 20:30:00,318.5,15.86,,,,,
603,22/09/12 21:00:00,317.7,15.86,,,,,
604,22/09/12 21:30:00,309.7,15.85,,,,,
605,22/09/12 22:00:00,310.1,15.78,,,,,
606,22/09/12 22:30:00,309.7,15.73,,,,,
607,22/09/12 23:00:00,310.1,15.70,,,,,
608,22/09/12 23:30:00,311.4,15.68,,,,,
609,22/09/13 00:00:00,311.8,15.66,,,,,
610,22/09/13 00:30:00,312.2,15.62,,,,,
611,22/09/13 01:00:00,311.8,15.60,,,,,
612,22/09/13 01:30:00,312.6,15.52,,,,,
613,22/09/13 02:00:00,314.6,15.46,,,,,
614,22/09/13 02:30:00,314.7,15.37,,,,,
615,22/09/13 03:00:00,315.1,15.35,,,,,
616,22/09/13 03:30:00,316.3,15.34,,,,,
617,22/09/13 04:00:00,316.3,15.32,,,,,
618,22/09/13 04:30:00,315.5,15.36,,,,,
619,22/09/13 05:00:00,314.3,15.35,,,,,
620,22/09/13 05:30:00,315.5,15.31,,,,,
621,22/09/13 06:00:00,315.9,15.26,,,,,
622,22/09/13 06:30:00,315.9,15.26,,,,,
623,22/09/13 07:00:00,316.3,15.23,,,,,
624,22/09/13 07:30:00,315.5,15.22,,,,,
625,22/09/13 08:00:00,315.1,15.24,,,,,
626,22/09/13 08:30:00,314.7,15.26,,,,,
627,22/09/13 09:00:00,314.7,15.30,,,,,
628,22/09/13 09:30:00,314.7,15.32,,,,,
629,22/09/13 10:00:00,313.9,15.32,,,,,
630,22/09/13 10:30:00,314.2,15.44,,,,,
631,22/09/13 11:00:00,315.8,15.65,,,,,
632,22/09/13 11:30:00,315.0,15.56,,,,,
633,22/09/13 12:00:00,317.7,15.92,,,,,
634,22/09/13 12:30:00,318.1,15.91,,,,,
635,22/09/13 13:00:00,318.4,16.08,,,,,
636,22/09/13 13:30:00,316.5,15.74,,,,,
637,22/09/13 14:00:00,318.5,15.95,,,,,
638,22/09/13 14:30:00,318.8,16.12,,,,,
639,22/09/13 15:00:00,318.8,16.24,,,,,
640,22/09/13 15:30:00,318.4,16.18,,,,,
641,22/09/13 16:00:00,318.8,16.22,,,,,
642,22/09/13 16:30:00,317.2,16.10,,,,,
643,22/09/13 17:00:00,317.2,16.06,,,,,
644,22/09/13 17:30:00,317.6,16.02,,,,,
645,22/09/13 18:00:00,317.6,16.08,,,,,
646,22/09/13 18:30:00,317.2,16.12,,,,,
647,22/09/13 19:00:00,317.2,16.15,,,,,
648,22/09/13 19:30:00,316.8,16.15,,,,,
649,22/09/13 20:00:00,305.2,16.13,,,,,
650,22/09/13 20:30:00,315.6,16.15,,,,,
651,22/09/13 21:00:00,315.2,16.22,,,,,
652,22/09/13 21:30:00,314.8,16.21,,,,,
653,22/09/13 22:00:00,314.0,16.22,,,,,
654,22/09/13 22:30:00,313.6,16.22,,,,,
655,22/09/13 23:00:00,313.6,16.21,,,,,
656,22/09/13 23:30:00,313.2,16.19,,,,,
657,22/09/14 00:00:00,313.6,16.19,,,,,
658,22/09/14 00:30:00,313.6,16.19,,,,,
659,22/09/14 01:00:00,315.6,16.18,,,,,
660,22/09/14 01:30:00,319.2,16.12,,,,,
661,22/09/14 02:00:00,319.2,16.06,,,,,
662,22/09/14 02:30:00,318.8,16.04,,,,,
663,22/09/14 03:00:00,318.5,16.00,,,,,
664,22/09/14 03:30:00,318.5,15.97,,,,,
665,22/09/14 04:00:00,318.9,15.94,,,,,
666,22/09/14 04:30:00,318.9,15.89,,,,,
667,22/09/14 05:00:00,318.1,15.82,,,,,
668,22/09/14 05:30:00,318.9,15.77,,,,,
669,22/09/14 06:00:00,318.5,15.72,,,,,
670,22/09/14 06:30:00,319.4,15.68,,,,,
671,22/09/14 07:00:00,319.4,15.67,,,,,
672,22/09/14 07:30:00,319.0,15.61,,,,,
673,22/09/14 08:00:00,321.8,15.62,,,,,
674,22/09/14 08:30:00,318.6,15.61,,,,,
675,22/09/14 09:00:00,319.4,15.66,,,,,
676,22/09/14 09:30:00,320.1,15.74,,,,,
677,22/09/14 10:00:00,320.1,15.83,,,,,
678,22/09/14 10:30:00,321.3,15.95,,,,,
679,22/09/14 11:00:00,322.4,16.08,,,,,
680,22/09/14 11:30:00,324.4,16.19,,,,,
681,22/09/14 12:00:00,325.2,16.24,,,,,
682,22/09/14 12:30:00,326.3,16.38,,,,,
683,22/09/14 13:00:00,327.1,16.48,,,,,
684,22/09/14 13:30:00,326.7,16.52,,,,,
685,22/09/14 14:00:00,326.2,16.62,,,,,
686,22/09/14 14:30:00,327.0,16.69,,,,,
687,22/09/14 15:00:00,325.1,16.49,,,,,
688,22/09/14 15:30:00,324.7,16.40,,,,,
689,22/09/14 16:00:00,325.8,16.71,,,,,
690,22/09/14 16:30:00,325.8,16.70,,,,,
691,22/09/14 17:00:00,325.1,16.51,,,,,
692,22/09/14 17:30:00,325.5,16.48,,,,,
693,22/09/14 18:00:00,326.7,16.51,,,,,
694,22/09/14 18:30:00,327.4,16.63,,,,,
695,22/09/14 19:00:00,327.4,16.68,,,,,
696,22/09/14 19:30:00,325.4,16.64,,,,,
697,22/09/14 20:00:00,325.4,16.65,,,,,
698,22/09/14 20:30:00,325.0,16.64,,,,,
699,22/09/14 21:00:00,324.2,16.65,,,,,
700,22/09/14 21:30:00,323.0,16.64,,,,,
701,22/09/14 22:00:00,322.6,16.63,,,,,
702,22/09/14 22:30:00,322.6,16.63,,,,,
703,22/09/14 23:00:00,303.1,16.62,,,,,
704,22/09/14 23:30:00,323.5,16.55,,,,,
705,22/09/15 00:00:00,323.5,16.50,,,,,
706,22/09/15 00:30:00,322.3,16.43,,,,,
707,22/09/15 01:00:00,323.1,16.38,,,,,
708,22/09/15 01:30:00,323.2,16.31,,,,,
709,22/09/15 02:00:00,323.6,16.24,,,,,
710,22/09/15 02:30:00,323.6,16.21,,,,,
711,22/09/15 03:00:00,325.2,16.12,,,,,
712,22/09/15 03:30:00,325.2,16.07,,,,,
713,22/09/15 04:00:00,325.7,16.01,,,,,
714,22/09/15 04:30:00,325.7,15.96,,,,,
715,22/09/15 05:00:00,325.7,15.88,,,,,
716,22/09/15 05:30:00,325.7,15.83,,,,,
717,22/09/15 06:00:00,326.1,15.79,,,,,
718,22/09/15 06:30:00,325.8,15.70,,,,,
719,22/09/15 07:00:00,325.8,15.65,,,,,
720,22/09/15 07:30:00,325.8,15.62,,,,,
721,22/09/15 08:00:00,325.0,15.61,,,,,
722,22/09/15 08:30:00,324.6,15.61,,,,,
723,22/09/15 09:00:00,324.2,15.56,,,,,
724,22/09/15 09:30:00,323.8,15.61,,,,,
725,22/09/15 10:00:00,325.3,15.74,,,,,
726,22/09/15 10:30:00,326.1,15.84,,,,,
727,22/09/15 11:00:00,327.3,16.02,,,,,
728,22/09/15 11:30:00,328.0,16.18,,,,,
729,22/09/15 12:00:00,328.0,16.28,,,,,
730,22/09/15 12:30:00,329.1,16.40,,,,,
731,22/09/15 13:00:00,329.5,16.49,,,,,
732,22/09/15 13:30:00,329.5,16.62,,,,,
733,22/09/15 14:00:00,330.3,16.56,,,,,
734,22/09/15 14:30:00,329.5,16.50,,,,,
735,22/09/15 15:00:00,329.9,16.56,,,,,
736,22/09/15 15:30:00,328.7,16.59,,,,,
737,22/09/15 16:00:00,328.7,16.56,,,,,
738,22/09/15 16:30:00,327.5,16.54,,,,,
739,22/09/15 17:00:00,326.7,16.49,,,,,
740,22/09/15 17:30:00,325.5,16.55,,,,,
741,22/09/15 18:00:00,325.5,16.58,,,,,
742,22/09/15 18:30:00,326.3,16.58,,,,,
743,22/09/15 19:00:00,327.1,16.57,,,,,
744,22/09/15 19:30:00,327.0,16.62,,,,,
745,22/09/15 20:00:00,327.1,16.61,,,,,
746,22/09/15 20:30:00,327.1,16.61,,,,,
747,22/09/15 21:00:00,325.0,16.63,,,,,
748,22/09/15 21:30:00,324.2,16.63,,,,,
749,22/09/15 22:00:00,325.1,16.59,,,,,
750,22/09/15 22:30:00,325.1,16.57,,,,,
751,22/09/15 23:00:00,322.3,16.51,,,,,
752,22/09/15 23:30:00,321.9,16.44,,,,,
753,22/09/16 00:00:00,323.5,16.38,,,,,
754,22/09/16 00:30:00,323.9,16.32,,,,,
755,22/09/16 01:00:00,325.2,16.24,,,,,
756,22/09/16 01:30:00,325.2,16.19,,,,,
757,22/09/16 02:00:00,325.2,16.13,,,,,
758,22/09/16 02:30:00,326.1,16.02,,,,,
759,22/09/16 03:00:00,326.5,15.98,,,,,
760,22/09/16 03:30:00,327.3,15.91,,,,,
761,22/09/16 04:00:00,327.3,15.86,,,,,
762,22/09/16 04:30:00,327.3,15.83,,,,,
763,22/09/16 05:00:00,327.3,15.76,,,,,
764,22/09/16 05:30:00,327.4,15.68,,,,,
765,22/09/16 06:00:00,327.0,15.67,,,,,
766,22/09/16 06:30:00,326.2,15.58,,,,,
767,22/09/16 07:00:00,326.6,15.46,,,,,
768,22/09/16 07:30:00,325.9,15.43,,,,,
769,22/09/16 08:00:00,325.0,15.46,,,,,
770,22/09/16 08:30:00,324.6,15.49,,,,,
771,22/09/16 09:00:00,324.2,15.48,,,,,
772,22/09/16 09:30:00,323.0,15.52,,,,,
773,22/09/16 10:00:00,323.4,15.64,,,,,
774,22/09/16 10:30:00,323.7,15.76,,,,,
775,22/09/16 11:00:00,322.5,15.79,,,,,
776,22/09/16 11:30:00,321.7,15.85,,,,,
777,22/09/16 12:00:00,321.7,15.79,,,,,
778,22/09/16 12:30:00,326.4,16.28,,,,,
779,22/09/16 13:00:00,326.3,16.38,,,,,
780,22/09/16 13:30:00,327.5,16.52,,,,,
781,22/09/16 14:00:00,326.6,16.63,,,,,
782,22/09/16 14:30:00,327.1,16.61,,,,,
783,22/09/16 15:00:00,324.7,16.39,,,,,
784,22/09/16 15:30:00,325.1,16.36,,,,,
785,22/09/16 16:00:00,323.2,16.27,,,,,
786,22/09/16 16:30:00,324.3,16.37,,,,,
787,22/09/16 17:00:00,325.2,16.22,,,,,
788,22/09/16 17:30:00,321.9,16.38,,,,,
789,22/09/16 18:00:00,320.3,16.43,,,,,
790,22/09/16 18:30:00,322.8,16.30,,,,,
791,22/09/16 19:00:00,325.2,16.26,,,,,
792,22/09/16 19:30:00,325.2,16.26,,,,,
793,22/09/16 20:00:00,324.8,16.24,,,,,
794,22/09/16 20:30:00,324.4,16.24,,,,,
795,22/09/16 21:00:00,324.8,16.27,,,,,
796,22/09/16 21:30:00,322.0,16.28,,,,,
797,22/09/16 22:00:00,321.2,16.26,,,,,
798,22/09/16 22:30:00,321.2,16.24,,,,,
799,22/09/16 23:00:00,321.2,16.19,,,,,
800,22/09/16 23:30:00,321.2,16.07,,,,,
801,22/09/17 00:00:00,322.0,16.06,,,,,
802,22/09/17 00:30:00,322.5,15.98,,,,,
803,22/09/17 01:00:00,322.5,15.91,,,,,
804,22/09/17 01:30:00,324.5,15.84,,,,,
805,22/09/17 02:00:00,324.5,15.77,,,,,
806,22/09/17 02:30:00,324.6,15.70,,,,,
807,22/09/17 03:00:00,325.4,15.64,,,,,
808,22/09/17 03:30:00,324.6,15.58,,,,,
809,22/09/17 04:00:00,324.6,15.49,,,,,
810,22/09/17 04:30:00,324.6,15.44,,,,,
811,22/09/17 05:00:00,324.3,15.40,,,,,
812,22/09/17 05:30:00,323.9,15.32,,,,,
813,22/09/17 06:00:00,323.9,15.24,,,,,
814,22/09/17 06:30:00,322.7,15.20,,,,,
815,22/09/17 07:00:00,323.5,15.14,,,,,
816,22/09/17 07:30:00,323.2,15.10,,,,,
817,22/09/17 08:00:00,322.8,15.04,,,,,
818,22/09/17 08:30:00,320.8,14.98,,,,,
819,22/09/17 09:00:00,320.8,15.04,,,,,
820,22/09/17 09:30:00,321.2,15.10,,,,,
821,22/09/17 10:00:00,321.5,15.18,,,,,
822,22/09/17 10:30:00,320.3,15.20,,,,,
823,22/09/17 11:00:00,318.7,15.41,,,,,
824,22/09/17 11:30:00,319.8,15.61,,,,,
825,22/09/17 12:00:00,319.4,15.60,,,,,
826,22/09/17 12:30:00,320.5,15.74,,,,,
827,22/09/17 13:00:00,322.1,15.88,,,,,
828,22/09/17 13:30:00,322.1,15.92,,,,,
829,22/09/17 14:00:00,322.8,16.13,,,,,
830,22/09/17 14:30:00,323.2,16.03,,,,,
831,22/09/17 15:00:00,323.2,16.15,,,,,
832,22/09/17 15:30:00,322.8,16.04,,,,,
833,22/09/17 16:00:00,321.7,15.94,,,,,
834,22/09/17 16:30:00,321.3,16.00,,,,,
835,22/09/17 17:00:00,318.8,16.04,,,,,
836,22/09/17 17:30:00,320.9,16.00,,,,,
837,22/09/17 18:00:00,322.5,15.92,,,,,
838,22/09/17 18:30:00,321.3,15.94,,,,,
839,22/09/17 19:00:00,322.9,15.95,,,,,
840,22/09/17 19:30:00,322.1,15.96,,,,,
841,22/09/17 20:00:00,322.5,15.97,,,,,
842,22/09/17 20:30:00,323.3,15.94,,,,,
843,22/09/17 21:00:00,324.1,15.92,,,,,
844,22/09/17 21:30:00,321.7,15.90,,,,,
845,22/09/17 22:00:00,323.3,15.88,,,,,
846,22/09/17 22:30:00,323.7,15.84,,,,,
847,22/09/17 23:00:00,320.5,15.77,,,,,
848,22/09/17 23:30:00,321.0,15.61,,,,,
849,22/09/18 00:00:00,322.2,15.52,,,,,
850,22/09/18 00:30:00,322.2,15.49,,,,,
851,22/09/18 01:00:00,324.3,15.36,,,,,
852,22/09/18 01:30:00,324.3,15.25,,,,,
853,22/09/18 02:00:00,323.9,15.25,,,,,
854,22/09/18 02:30:00,325.2,15.13,,,,,
855,22/09/18 03:00:00,326.0,15.06,,,,,
856,22/09/18 03:30:00,324.8,15.05,,,,,
857,22/09/18 04:00:00,324.0,15.00,,,,,
858,22/09/18 04:30:00,325.7,14.81,,,,,
859,22/09/18 05:00:00,324.1,14.84,,,,,
860,22/09/18 05:30:00,323.7,14.78,,,,,
861,22/09/18 06:00:00,324.9,14.60,,,,,
862,22/09/18 06:30:00,324.1,14.59,,,,,
863,22/09/18 07:00:00,323.0,14.54,,,,,
864,22/09/18 07:30:00,322.6,14.42,,,,,
865,22/09/18 08:00:00,322.2,14.41,,,,,
866,22/09/18 08:30:00,321.8,14.45,,,,,
867,22/09/18 09:00:00,321.4,14.46,,,,,
868,22/09/18 09:30:00,321.8,14.47,,,,,
869,22/09/18 10:00:00,320.5,14.62,,,,,
870,22/09/18 10:30:00,319.3,14.68,,,,,
871,22/09/18 11:00:00,317.7,14.71,,,,,
872,22/09/18 11:30:00,317.3,14.76,,,,,
873,22/09/18 12:00:00,317.6,14.87,,,,,
874,22/09/18 12:30:00,317.3,14.75,,,,,
875,22/09/18 13:00:00,318.0,14.98,,,,,
876,22/09/18 13:30:00,318.7,15.19,,,,,
877,22/09/18 14:00:00,319.5,15.25,,,,,
878,22/09/18 14:30:00,318.3,15.22,,,,,
879,22/09/18 15:00:00,318.3,15.20,,,,,
880,22/09/18 15:30:00,318.4,14.99,,,,,
881,22/09/18 16:00:00,320.8,14.96,,,,,
882,22/09/18 16:30:00,320.8,14.99,,,,,
883,22/09/18 17:00:00,319.2,15.07,,,,,
884,22/09/18 17:30:00,318.3,15.13,,,,,
885,22/09/18 18:00:00,324.0,15.08,,,,,
886,22/09/18 18:30:00,323.6,15.11,,,,,
887,22/09/18 19:00:00,324.4,15.12,,,,,
888,22/09/18 19:30:00,324.4,15.14,,,,,
889,22/09/18 20:00:00,324.3,15.16,,,,,
890,22/09/18 20:30:00,323.1,15.17,,,,,
891,22/09/18 21:00:00,322.7,15.19,,,,,
892,22/09/18 21:30:00,320.7,15.18,,,,,
893,22/09/18 22:00:00,320.7,15.17,,,,,
894,22/09/18 22:30:00,320.7,15.14,,,,,
895,22/09/18 23:00:00,320.8,15.11,,,,,
896,22/09/18 23:30:00,319.6,15.04,,,,,
897,22/09/19 00:00:00,320.0,14.99,,,,,
898,22/09/19 00:30:00,320.8,14.96,,,,,
899,22/09/19 01:00:00,321.2,14.90,,,,,
900,22/09/19 01:30:00,322.0,14.88,,,,,
901,22/09/19 02:00:00,322.8,14.84,,,,,
902,22/09/19 02:30:00,323.3,14.78,,,,,
903,22/09/19 03:00:00,324.9,14.72,,,,,
904,22/09/19 03:30:00,324.5,14.69,,,,,
905,22/09/19 04:00:00,324.1,14.64,,,,,
906,22/09/19 04:30:00,325.4,14.56,,,,,
907,22/09/19 05:00:00,324.2,14.54,,,,,
908,22/09/19 05:30:00,324.6,14.53,,,,,
909,22/09/19 06:00:00,324.6,14.47,,,,,
910,22/09/19 06:30:00,323.8,14.45,,,,,
911,22/09/19 07:00:00,323.0,14.33,,,,,
912,22/09/19 07:30:00,323.1,14.24,,,,,
913,22/09/19 08:00:00,321.9,14.23,,,,,
914,22/09/19 08:30:00,323.1,14.20,,,,,
915,22/09/19 09:00:00,322.3,14.11,,,,,
916,22/09/19 09:30:00,323.5,14.09,,,,,
917,22/09/19 10:00:00,321.9,14.12,,,,,
918,22/09/19 10:30:00,321.9,14.17,,,,,
919,22/09/19 11:00:00,322.3,14.06,,,,,
920,22/09/19 11:30:00,321.9,14.02,,,,,
921,22/09/19 12:00:00,322.7,13.97,,,,,
922,22/09/19 12:30:00,322.0,13.88,,,,,
923,22/09/19 13:00:00,321.6,13.80,,,,,
924,22/09/19 13:30:00,318.8,13.74,,,,,
925,22/09/19 14:00:00,318.4,13.76,,,,,
926,22/09/19 14:30:00,317.6,13.74,,,,,
927,22/09/19 15:00:00,315.6,13.76,,,,,
928,22/09/19 15:30:00,314.8,13.79,,,,,
929,22/09/19 16:00:00,312.4,13.68,,,,,
930,22/09/19 16:30:00,312.0,13.81,,,,,
931,22/09/19 17:00:00,311.6,13.74,,,,,
932,22/09/19 17:30:00,308.4,13.72,,,,,
933,22/09/19 18:00:00,310.4,13.65,,,,,
934,22/09/19 18:30:00,312.8,13.57,,,,,
935,22/09/19 19:00:00,314.9,13.47,,,,,
936,22/09/19 19:30:00,314.9,13.39,,,,,
937,22/09/19 20:00:00,314.1,13.33,,,,,
938,22/09/19 20:30:00,313.3,13.26,,,,,
939,22/09/19 21:00:00,312.6,13.23,,,,,
940,22/09/19 21:30:00,312.2,13.23,,,,,
941,22/09/19 22:00:00,311.4,13.14,,,,,
942,22/09/19 22:30:00,311.4,13.09,,,,,
943,22/09/19 23:00:00,312.2,13.06,,,,,
944,22/09/19 23:30:00,311.8,13.01,,,,,
945,22/09/20 00:00:00,286.6,12.97,,,,,
946,22/09/20 00:30:00,292.6,12.91,,,,,
947,22/09/20 01:00:00,268.2,12.85,,,,,
948,22/09/20 01:30:00,279.0,12.79,,,,,
949,22/09/20 02:00:00,309.1,12.75,,,,,
950,22/09/20 02:30:00,309.5,12.69,,,,,
951,22/09/20 03:00:00,309.9,12.61,,,,,
952,22/09/20 03:30:00,310.0,12.57,,,,,
953,22/09/20 04:00:00,310.0,12.48,,,,,
954,22/09/20 04:30:00,309.2,12.42,,,,,
955,22/09/20 05:00:00,308.8,12.39,,,,,
956,22/09/20 05:30:00,308.4,12.34,,,,,
957,22/09/20 06:00:00,309.3,12.29,,,,,
958,22/09/20 06:30:00,309.3,12.19,,,,,
959,22/09/20 07:00:00,308.5,12.13,,,,,
960,22/09/20 07:30:00,308.5,12.10,,,,,
961,22/09/20 08:00:00,308.9,12.07,,,,,
962,22/09/20 08:30:00,308.9,12.11,,,,,
963,22/09/20 09:00:00,309.3,12.13,,,,,
964,22/09/20 09:30:00,309.3,12.19,,,,,
965,22/09/20 10:00:00,310.0,12.31,,,,,
966,22/09/20 10:30:00,310.0,12.45,,,,,
967,22/09/20 11:00:00,310.3,12.63,,,,,
968,22/09/20 11:30:00,312.7,12.78,,,,,
969,22/09/20 12:00:00,313.1,12.89,,,,,
970,22/09/20 12:30:00,313.8,12.99,,,,,
971,22/09/20 13:00:00,315.4,13.08,,,,,
972,22/09/20 13:30:00,314.3,12.96,,,,,
973,22/09/20 14:00:00,315.4,13.15,,,,,
974,22/09/20 14:30:00,314.2,13.00,,,,,
975,22/09/20 15:00:00,315.8,13.27,,,,,
976,22/09/20 15:30:00,314.9,13.30,,,,,
977,22/09/20 16:00:00,313.4,13.24,,,,,
978,22/09/20 16:30:00,313.4,13.17,,,,,
979,22/09/20 17:00:00,312.6,13.24,,,,,
980,22/09/20 17:30:00,311.4,13.21,,,,,
981,22/09/20 18:00:00,310.2,13.18,,,,,
982,22/09/20 18:30:00,309.4,13.11,,,,,
983,22/09/20 19:00:00,309.0,13.15,,,,,
984,22/09/20 19:30:00,309.4,13.14,,,,,
985,22/09/20 20:00:00,307.3,13.21,,,,,
986,22/09/20 20:30:00,306.5,13.25,,,,,
987,22/09/20 21:00:00,304.9,13.29,,,,,
988,22/09/20 21:30:00,304.5,13.27,,,,,
989,22/09/20 22:00:00,304.5,13.24,,,,,
990,22/09/20 22:30:00,303.7,13.21,,,,,
991,22/09/20 23:00:00,303.7,13.19,,,,,
992,22/09/20 23:30:00,303.8,13.15,,,,,
993,22/09/21 00:00:00,304.2,13.11,,,,,
994,22/09/21 00:30:00,303.8,13.07,,,,,
995,22/09/21 01:00:00,303.8,13.06,,,,,
996,22/09/21 01:30:00,303.8,13.01,,,,,
997,22/09/21 02:00:00,302.2,12.99,,,,,
998,22/09/21 02:30:00,303.8,12.94,,,,,
999,22/09/21 03:00:00,303.8,12.88,,,,,
1000,22/09/21 03:30:00,303.9,12.81,,,,,
1001,22/09/21 04:00:00,304.3,12.75,,,,,
1002,22/09/21 04:30:00,304.3,12.67,,,,,
1003,22/09/21 05:00:00,303.9,12.63,,,,,
1004,22/09/21 05:30:00,303.5,12.59,,,,,
1005,22/09/21 06:00:00,303.6,12.53,,,,,
1006,22/09/21 06:30:00,303.2,12.47,,,,,
1007,22/09/21 07:00:00,302.8,12.42,,,,,
1008,22/09/21 07:30:00,302.0,12.35,,,,,
1009,22/09/21 08:00:00,301.6,12.33,,,,,
1010,22/09/21 08:30:00,301.6,12.34,,,,,
1011,22/09/21 09:00:00,301.6,12.41,,,,,
1012,22/09/21 09:30:00,302.0,12.47,,,,,
1013,22/09/21 10:00:00,303.5,12.58,,,,,
1014,22/09/21 10:30:00,303.5,12.72,,,,,
1015,22/09/21 11:00:00,304.3,12.83,,,,,
1016,22/09/21 11:30:00,306.6,12.89,,,,,
1017,22/09/21 12:00:00,307.4,13.03,,,,,
1018,22/09/21 12:30:00,308.5,13.23,,,,,
1019,22/09/21 13:00:00,309.7,13.35,,,,,
1020,22/09/21 13:30:00,310.9,13.48,,,,,
1021,22/09/21 14:00:00,310.8,13.57,,,,,
1022,22/09/21 14:30:00,311.7,13.50,,,,,
1023,22/09/21 15:00:00,312.5,13.54,,,,,
1024,22/09/21 15:30:00,312.5,13.55,,,,,
1025,22/09/21 16:00:00,312.8,13.56,,,,,
1026,22/09/21 16:30:00,313.2,13.60,,,,,
1027,22/09/21 17:00:00,313.2,13.57,,,,,
1028,22/09/21 17:30:00,313.3,13.56,,,,,
1029,22/09/21 18:00:00,313.3,13.50,,,,,
1030,22/09/21 18:30:00,313.7,13.43,,,,,
1031,22/09/21 19:00:00,313.7,13.38,,,,,
1032,22/09/21 19:30:00,314.1,13.33,,,,,
1033,22/09/21 20:00:00,314.1,13.33,,,,,
1034,22/09/21 20:30:00,313.7,13.29,,,,,
1035,22/09/21 21:00:00,313.7,13.29,,,,,
1036,22/09/21 21:30:00,313.8,13.26,,,,,
1037,22/09/21 22:00:00,313.8,13.24,,,,,
1038,22/09/21 22:30:00,313.0,13.21,,,,,
1039,22/09/21 23:00:00,313.0,13.18,,,,,
1040,22/09/21 23:30:00,313.4,13.17,,,,,
1041,22/09/22 00:00:00,314.2,13.08,,,,,
1042,22/09/22 00:30:00,314.6,13.02,,,,,
1043,22/09/22 01:00:00,315.1,12.94,,,,,
1044,22/09/22 01:30:00,315.9,12.89,,,,,
1045,22/09/22 02:00:00,315.1,12.85,,,,,
1046,22/09/22 02:30:00,316.3,12.81,,,,,
1047,22/09/22 03:00:00,316.3,12.77,,,,,
1048,22/09/22 03:30:00,318.4,12.67,,,,,
1049,22/09/22 04:00:00,319.2,12.63,,,,,
1050,22/09/22 04:30:00,318.8,12.60,,,,,
1051,22/09/22 05:00:00,321.2,12.51,,,,,
1052,22/09/22 05:30:00,321.7,12.42,,,,,
1053,22/09/22 06:00:00,322.1,12.41,,,,,
1054,22/09/22 06:30:00,322.5,12.33,,,,,
1055,22/09/22 07:00:00,322.5,12.28,,,,,
1056,22/09/22 07:30:00,322.5,12.28,,,,,
1057,22/09/22 08:00:00,320.9,12.29,,,,,
1058,22/09/22 08:30:00,320.5,12.33,,,,,
1059,22/09/22 09:00:00,320.1,12.33,,,,,
1060,22/09/22 09:30:00,320.1,12.36,,,,,
1061,22/09/22 10:00:00,320.1,12.35,,,,,
1062,22/09/22 10:30:00,320.1,12.39,,,,,
1063,22/09/22 11:00:00,320.0,12.60,,,,,
1064,22/09/22 11:30:00,319.1,12.75,,,,,
1065,22/09/22 12:00:00,320.3,12.93,,,,,
1066,22/09/22 12:30:00,321.9,13.05,,,,,
1067,22/09/22 13:00:00,320.7,12.75,,,,,
1068,22/09/22 13:30:00,329.2,12.81,,,,,
1069,22/09/22 14:00:00,319.9,12.76,,,,,
1070,22/09/22 14:30:00,321.8,13.24,,,,,
1071,22/09/22 15:00:00,322.6,13.26,,,,,
1072,22/09/22 15:30:00,321.4,13.08,,,,,
1073,22/09/22 16:00:00,321.5,13.01,,,,,
1074,22/09/22 16:30:00,321.0,13.14,,,,,
1075,22/09/22 17:00:00,320.2,13.05,,,,,
1076,22/09/22 17:30:00,320.6,13.08,,,,,
1077,22/09/22 18:00:00,320.2,13.12,,,,,
1078,22/09/22 18:30:00,319.0,13.18,,,,,
1079,22/09/22 19:00:00,318.2,13.17,,,,,
1080,22/09/22 19:30:00,317.8,13.20,,,,,
1081,22/09/22 20:00:00,317.8,13.21,,,,,
1082,22/09/22 20:30:00,316.6,13.25,,,,,
1083,22/09/22 21:00:00,315.8,13.23,,,,,
1084,22/09/22 21:30:00,315.8,13.20,,,,,
1085,22/09/22 22:00:00,315.4,13.19,,,,,
1086,22/09/22 22:30:00,314.6,13.15,,,,,
1087,22/09/22 23:00:00,315.0,13.13,,,,,
1088,22/09/22 23:30:00,313.8,13.07,,,,,
1089,22/09/23 00:00:00,312.6,13.01,,,,,
1090,22/09/23 00:30:00,312.6,12.95,,,,,
1091,22/09/23 01:00:00,313.1,12.90,,,,,
1092,22/09/23 01:30:00,313.5,12.84,,,,,
1093,22/09/23 02:00:00,314.3,12.79,,,,,
1094,22/09/23 02:30:00,314.3,12.76,,,,,
1095,22/09/23 03:00:00,314.3,12.70,,,,,
1096,22/09/23 03:30:00,314.4,12.65,,,,,
1097,22/09/23 04:00:00,314.8,12.59,,,,,
1098,22/09/23 04:30:00,315.2,12.54,,,,,
1099,22/09/23 05:00:00,315.2,12.49,,,,,
1100,22/09/23 05:30:00,315.2,12.45,,,,,
1101,22/09/23 06:00:00,315.2,12.40,,,,,
1102,22/09/23 06:30:00,315.3,12.36,,,,,
1103,22/09/23 07:00:00,315.3,12.30,,,,,
1104,22/09/23 07:30:00,314.9,12.29,,,,,
1105,22/09/23 08:00:00,314.5,12.27,,,,,
1106,22/09/23 08:30:00,314.5,12.29,,,,,
1107,22/09/23 09:00:00,314.4,12.40,,,,,
1108,22/09/23 09:30:00,314.4,12.52,,,,,
1109,22/09/23 10:00:00,315.2,12.60,,,,,
1110,22/09/23 10:30:00,315.1,12.69,,,,,
1111,22/09/23 11:00:00,316.3,12.90,,,,,
1112,22/09/23 11:30:00,315.9,12.95,,,,,
1113,22/09/23 12:00:00,317.0,13.03,,,,,
1114,22/09/23 12:30:00,318.3,13.01,,,,,
1115,22/09/23 13:00:00,317.0,13.01,,,,,
1116,22/09/23 13:30:00,316.3,12.84,,,,,
1117,22/09/23 14:00:00,317.8,13.14,,,,,
1118,22/09/23 14:30:00,316.2,13.11,,,,,
1119,22/09/23 15:00:00,318.9,13.35,,,,,
1120,22/09/23 15:30:00,318.1,13.55,,,,,
1121,22/09/23 16:00:00,319.7,13.59,,,,,
1122,22/09/23 16:30:00,320.5,13.57,,,,,
1123,22/09/23 17:00:00,319.7,13.36,,,,,
1124,22/09/23 17:30:00,319.7,13.42,,,,,
1125,22/09/23 18:00:00,319.3,13.45,,,,,
1126,22/09/23 18:30:00,320.2,13.31,,,,,
1127,22/09/23 19:00:00,320.1,13.41,,,,,
1128,22/09/23 19:30:00,324.6,13.37,,,,,
1129,22/09/23 20:00:00,318.9,13.36,,,,,
1130,22/09/23 20:30:00,318.9,13.36,,,,,
1131,22/09/23 21:00:00,319.3,13.39,,,,,
1132,22/09/23 21:30:00,316.9,13.45,,,,,
1133,22/09/23 22:00:00,314.9,13.44,,,,,
1134,22/09/23 22:30:00,314.1,13.42,,,,,
1135,22/09/23 23:00:00,313.3,13.37,,,,,
1136,22/09/23 23:30:00,313.3,13.33,,,,,
1137,22/09/24 00:00:00,313.7,13.27,,,,,
1138,22/09/24 00:30:00,314.1,13.27,,,,,
1139,22/09/24 01:00:00,315.0,13.25,,,,,
1140,22/09/24 01:30:00,315.0,13.25,,,,,
1141,22/09/24 02:00:00,315.4,13.20,,,,,
1142,22/09/24 02:30:00,315.0,13.13,,,,,
1143,22/09/24 03:00:00,315.4,13.07,,,,,
1144,22/09/24 03:30:00,315.8,13.05,,,,,
1145,22/09/24 04:00:00,315.4,13.01,,,,,
1146,22/09/24 04:30:00,316.3,12.93,,,,,
1147,22/09/24 05:00:00,316.7,12.89,,,,,
1148,22/09/24 05:30:00,316.7,12.83,,,,,
1149,22/09/24 06:00:00,315.9,12.78,,,,,
1150,22/09/24 06:30:00,315.5,12.73,,,,,
1151,22/09/24 07:00:00,315.6,12.67,,,,,
1152,22/09/24 07:30:00,315.6,12.63,,,,,
1153,22/09/24 08:00:00,315.2,12.59,,,,,
1154,22/09/24 08:30:00,314.8,12.64,,,,,
1155,22/09/24 09:00:00,315.1,12.69,,,,,
1156,22/09/24 09:30:00,315.5,12.78,,,,,
1157,22/09/24 10:00:00,319.9,12.89,,,,,
1158,22/09/24 10:30:00,315.8,13.00,,,,,
1159,22/09/24 11:00:00,317.0,13.12,,,,,
1160,22/09/24 11:30:00,317.4,13.24,,,,,
1161,22/09/24 12:00:00,318.5,13.39,,,,,
1162,22/09/24 12:30:00,319.7,13.59,,,,,
1163,22/09/24 13:00:00,320.5,13.60,,,,,
1164,22/09/24 13:30:00,320.9,13.62,,,,,
1165,22/09/24 14:00:00,320.4,13.65,,,,,
1166,22/09/24 14:30:00,320.4,13.73,,,,,
1167,22/09/24 15:00:00,320.4,13.76,,,,,
1168,22/09/24 15:30:00,320.0,13.80,,,,,
1169,22/09/24 16:00:00,320.8,13.79,,,,,
1170,22/09/24 16:30:00,321.2,13.84,,,,,
1171,22/09/24 17:00:00,320.8,13.91,,,,,
1172,22/09/24 17:30:00,320.4,13.92,,,,,
1173,22/09/24 18:00:00,321.1,13.99,,,,,
1174,22/09/24 18:30:00,320.7,14.00,,,,,
1175,22/09/24 19:00:00,321.1,14.00,,,,,
1176,22/09/24 19:30:00,320.7,14.04,,,,,
1177,22/09/24 20:00:00,327.5,14.03,,,,,
1178,22/09/24 20:30:00,322.7,14.05,,,,,
1179,22/09/24 21:00:00,320.3,14.08,,,,,
1180,22/09/24 21:30:00,318.7,14.09,,,,,
1181,22/09/24 22:00:00,318.3,14.08,,,,,
1182,22/09/24 22:30:00,316.3,14.05,,,,,
1183,22/09/24 23:00:00,315.9,14.03,,,,,
1184,22/09/24 23:30:00,315.9,14.00,,,,,
1185,22/09/25 00:00:00,315.9,13.94,,,,,
1186,22/09/25 00:30:00,316.0,13.84,,,,,
1187,22/09/25 01:00:00,316.0,13.78,,,,,
1188,22/09/25 01:30:00,316.0,13.71,,,,,
1189,22/09/25 02:00:00,316.8,13.63,,,,,
1190,22/09/25 02:30:00,316.9,13.60,,,,,
1191,22/09/25 03:00:00,319.7,13.51,,,,,
1192,22/09/25 03:30:00,318.1,13.43,,,,,
1193,22/09/25 04:00:00,316.5,13.42,,,,,
1194,22/09/25 04:30:00,316.9,13.33,,,,,
1195,22/09/25 05:00:00,319.0,13.20,,,,,
1196,22/09/25 05:30:00,317.0,13.23,,,,,
1197,22/09/25 06:00:00,317.0,13.15,,,,,
1198,22/09/25 06:30:00,317.0,13.02,,,,,
1199,22/09/25 07:00:00,317.1,13.00,,,,,
1200,22/09/25 07:30:00,316.3,12.97,,,,,
1201,22/09/25 08:00:00,317.1,12.96,,,,,
1202,22/09/25 08:30:00,317.1,12.96,,,,,
1203,22/09/25 09:00:00,317.0,13.05,,,,,
1204,22/09/25 09:30:00,316.6,13.01,,,,,
1205,22/09/25 10:00:00,317.0,13.09,,,,,
1206,22/09/25 10:30:00,318.2,13.23,,,,,
1207,22/09/25 11:00:00,319.4,13.29,,,,,
1208,22/09/25 11:30:00,319.3,13.38,,,,,
1209,22/09/25 12:00:00,320.5,13.51,,,,,
1210,22/09/25 12:30:00,321.7,13.62,,,,,
1211,22/09/25 13:00:00,322.4,13.73,,,,,
1212,22/09/25 13:30:00,322.4,13.80,,,,,
1213,22/09/25 14:00:00,322.8,13.90,,,,,
1214,22/09/25 14:30:00,322.8,13.94,,,,,
1215,22/09/25 15:00:00,322.4,13.87,,,,,
1216,22/09/25 15:30:00,322.7,13.96,,,,,
1217,22/09/25 16:00:00,322.7,14.05,,,,,
1218,22/09/25 16:30:00,322.4,13.91,,,,,
1219,22/09/25 17:00:00,322.3,14.06,,,,,
1220,22/09/25 17:30:00,322.3,14.09,,,,,
1221,22/09/25 18:00:00,322.3,14.12,,,,,
1222,22/09/25 18:30:00,322.3,14.16,,,,,
1223,22/09/25 19:00:00,322.3,14.22,,,,,
1224,22/09/25 19:30:00,322.3,14.20,,,,,
1225,22/09/25 20:00:00,321.8,14.27,,,,,
1226,22/09/25 20:30:00,321.8,14.33,,,,,
1227,22/09/25 21:00:00,321.4,14.33,,,,,
1228,22/09/25 21:30:00,321.0,14.36,,,,,
1229,22/09/25 22:00:00,320.2,14.39,,,,,
1230,22/09/25 22:30:00,319.8,14.38,,,,,
1231,22/09/25 23:00:00,319.4,14.36,,,,,
1232,22/09/25 23:30:00,319.0,14.33,,,,,
1233,22/09/26 00:00:00,318.6,14.27,,,,,
1234,22/09/26 00:30:00,319.4,14.24,,,,,
1235,22/09/26 01:00:00,319.9,14.17,,,,,
1236,22/09/26 01:30:00,320.7,14.10,,,,,
1237,22/09/26 02:00:00,320.7,14.06,,,,,
1238,22/09/26 02:30:00,321.1,14.03,,,,,
1239,22/09/26 03:00:00,323.2,13.90,,,,,
1240,22/09/26 03:30:00,323.2,13.85,,,,,
1241,22/09/26 04:00:00,323.6,13.81,,,,,
1242,22/09/26 04:30:00,325.2,13.74,,,,,
1243,22/09/26 05:00:00,325.3,13.68,,,,,
1244,22/09/26 05:30:00,324.5,13.66,,,,,
1245,22/09/26 06:00:00,325.3,13.57,,,,,
1246,22/09/26 06:30:00,325.7,13.48,,,,,
1247,22/09/26 07:00:00,324.9,13.45,,,,,
1248,22/09/26 07:30:00,324.6,13.38,,,,,
1249,22/09/26 08:00:00,324.6,13.31,,,,,
1250,22/09/26 08:30:00,323.7,13.38,,,,,
1251,22/09/26 09:00:00,323.7,13.43,,,,,
1252,22/09/26 09:30:00,324.5,13.44,,,,,
1253,22/09/26 10:00:00,324.9,13.57,,,,,
1254,22/09/26 10:30:00,324.4,13.69,,,,,
1255,22/09/26 11:00:00,325.2,13.80,,,,,
1256,22/09/26 11:30:00,326.4,13.94,,,,,
1257,22/09/26 12:00:00,327.1,14.05,,,,,
1258,22/09/26 12:30:00,328.3,14.12,,,,,
1259,22/09/26 13:00:00,328.7,14.22,,,,,
1260,22/09/26 13:30:00,328.6,14.33,,,,,
1261,22/09/26 14:00:00,329.0,14.38,,,,,
1262,22/09/26 14:30:00,329.0,14.45,,,,,
1263,22/09/26 15:00:00,328.6,14.46,,,,,
1264,22/09/26 15:30:00,329.0,14.47,,,,,
1265,22/09/26 16:00:00,329.4,14.52,,,,,
1266,22/09/26 16:30:00,328.6,14.56,,,,,
1267,22/09/26 17:00:00,328.1,14.68,,,,,
1268,22/09/26 17:30:00,328.1,14.69,,,,,
1269,22/09/26 18:00:00,327.3,14.71,,,,,
1270,22/09/26 18:30:00,327.3,14.75,,,,,
1271,22/09/26 19:00:00,327.3,14.80,,,,,
1272,22/09/26 19:30:00,326.5,14.82,,,,,
1273,22/09/26 20:00:00,326.1,14.84,,,,,
1274,22/09/26 20:30:00,325.2,14.87,,,,,
1275,22/09/26 21:00:00,324.8,14.87,,,,,
1276,22/09/26 21:30:00,323.6,14.88,,,,,
1277,22/09/26 22:00:00,323.2,14.88,,,,,
1278,22/09/26 22:30:00,322.8,14.87,,,,,
1279,22/09/26 23:00:00,322.0,14.84,,,,,
1280,22/09/26 23:30:00,321.7,14.81,,,,,
1281,22/09/27 00:00:00,320.9,14.74,,,,,
1282,22/09/27 00:30:00,321.3,14.70,,,,,
1283,22/09/27 01:00:00,322.1,14.66,,,,,
1284,22/09/27 01:30:00,323.3,14.62,,,,,
1285,22/09/27 02:00:00,323.4,14.54,,,,,
1286,22/09/27 02:30:00,323.4,14.47,,,,,
1287,22/09/27 03:00:00,324.6,14.39,,,,,
1288,22/09/27 03:30:00,325.0,14.36,,,,,
1289,22/09/27 04:00:00,325.4,14.33,,,,,
1290,22/09/27 04:30:00,326.3,14.23,,,,,
1291,22/09/27 05:00:00,325.9,14.20,,,,,
1292,22/09/27 05:30:00,325.5,14.15,,,,,
1293,22/09/27 06:00:00,325.5,14.02,,,,,
1294,22/09/27 06:30:00,325.6,13.97,,,,,
1295,22/09/27 07:00:00,325.2,13.93,,,,,
1296,22/09/27 07:30:00,324.4,13.86,,,,,
1297,22/09/27 08:00:00,324.0,13.81,,,,,
1298,22/09/27 08:30:00,324.0,13.87,,,,,
1299,22/09/27 09:00:00,324.0,13.88,,,,,
1300,22/09/27 09:30:00,325.2,13.88,,,,,
1301,22/09/27 10:00:00,325.9,14.02,,,,,
1302,22/09/27 10:30:00,326.3,14.12,,,,,
1303,22/09/27 11:00:00,327.5,14.20,,,,,
1304,22/09/27 11:30:00,328.2,14.34,,,,,
1305,22/09/27 12:00:00,328.6,14.44,,,,,
1306,22/09/27 12:30:00,329.4,14.52,,,,,
1307,22/09/27 13:00:00,329.3,14.64,,,,,
1308,22/09/27 13:30:00,330.1,14.66,,,,,
1309,22/09/27 14:00:00,329.3,14.66,,,,,
1310,22/09/27 14:30:00,329.7,14.72,,,,,
1311,22/09/27 15:00:00,329.7,14.75,,,,,
1312,22/09/27 15:30:00,330.1,14.87,,,,,
1313,22/09/27 16:00:00,330.5,14.88,,,,,
1314,22/09/27 16:30:00,331.2,14.98,,,,,
1315,22/09/27 17:00:00,331.2,15.04,,,,,
1316,22/09/27 17:30:00,331.6,15.00,,,,,
1317,22/09/27 18:00:00,332.8,15.12,,,,,
1318,22/09/27 18:30:00,333.2,15.12,,,,,
1319,22/09/27 19:00:00,334.0,15.18,,,,,
1320,22/09/27 19:30:00,333.1,15.22,,,,,
1321,22/09/27 20:00:00,332.3,15.32,,,,,
1322,22/09/27 20:30:00,331.9,15.37,,,,,
1323,22/09/27 21:00:00,333.1,15.36,,,,,
1324,22/09/27 21:30:00,331.9,15.36,,,,,
1325,22/09/27 22:00:00,280.3,15.36,,,,,
1326,22/09/27 22:30:00,330.7,15.36,,,,,
1327,22/09/27 23:00:00,292.7,15.32,,,,,
1328,22/09/27 23:30:00,331.1,15.28,,,,,
1329,22/09/28 00:00:00,328.3,15.23,,,,,
1330,22/09/28 00:30:00,328.3,15.18,,,,,
1331,22/09/28 01:00:00,329.2,15.08,,,,,
1332,22/09/28 01:30:00,329.6,15.00,,,,,
1333,22/09/28 02:00:00,329.2,15.00,,,,,
1334,22/09/28 02:30:00,330.1,14.88,,,,,
1335,22/09/28 03:00:00,330.9,14.74,,,,,
1336,22/09/28 03:30:00,330.5,14.72,,,,,
1337,22/09/28 04:00:00,331.3,14.64,,,,,
1338,22/09/28 04:30:00,332.2,14.52,,,,,
1339,22/09/28 05:00:00,331.8,14.50,,,,,
1340,22/09/28 05:30:00,331.8,14.42,,,,,
1341,22/09/28 06:00:00,332.3,14.30,,,,,
1342,22/09/28 06:30:00,331.9,14.28,,,,,
1343,22/09/28 07:00:00,331.1,14.21,,,,,
1344,22/09/28 07:30:00,331.9,14.08,,,,,
1345,22/09/28 08:00:00,331.1,14.06,,,,,
1346,22/09/28 08:30:00,331.1,14.09,,,,,
1347,22/09/28 09:00:00,331.1,14.08,,,,,
1348,22/09/28 09:30:00,331.5,14.10,,,,,
1349,22/09/28 10:00:00,331.5,14.22,,,,,
1350,22/09/28 10:30:00,332.3,14.26,,,,,
1351,22/09/28 11:00:00,333.5,14.34,,,,,
1352,22/09/28 11:30:00,334.2,14.48,,,,,
1353,22/09/28 12:00:00,334.2,14.58,,,,,
1354,22/09/28 12:30:00,334.9,14.72,,,,,
1355,22/09/28 13:00:00,335.3,14.82,,,,,
1356,22/09/28 13:30:00,336.1,14.90,,,,,
1357,22/09/28 14:00:00,336.4,14.98,,,,,
1358,22/09/28 14:30:00,336.4,15.04,,,,,
1359,22/09/28 15:00:00,336.4,15.06,,,,,
1360,22/09/28 15:30:00,336.8,15.07,,,,,
1361,22/09/28 16:00:00,337.6,15.14,,,,,
1362,22/09/28 16:30:00,337.6,15.14,,,,,
1363,22/09/28 17:00:00,338.4,15.20,,,,,
1364,22/09/28 17:30:00,338.0,15.18,,,,,
1365,22/09/28 18:00:00,338.0,15.23,,,,,
1366,22/09/28 18:30:00,338.0,15.17,,,,,
1367,22/09/28 19:00:00,338.0,15.22,,,,,
1368,22/09/28 19:30:00,337.9,15.30,,,,,
1369,22/09/28 20:00:00,338.3,15.38,,,,,
1370,22/09/28 20:30:00,337.9,15.46,,,,,
1371,22/09/28 21:00:00,336.7,15.49,,,,,
1372,22/09/28 21:30:00,334.6,15.53,,,,,
1373,22/09/28 22:00:00,333.8,15.56,,,,,
1374,22/09/28 22:30:00,334.6,15.56,,,,,
1375,22/09/28 23:00:00,332.6,15.56,,,,,
1376,22/09/28 23:30:00,330.2,15.58,,,,,
1377,22/09/29 00:00:00,330.6,15.55,,,,,
1378,22/09/29 00:30:00,331.0,15.49,,,,,
1379,22/09/29 01:00:00,331.5,15.43,,,,,
1380,22/09/29 01:30:00,331.9,15.35,,,,,
1381,22/09/29 02:00:00,333.1,15.30,,,,,
1382,22/09/29 02:30:00,333.9,15.24,,,,,
1383,22/09/29 03:00:00,335.2,15.16,,,,,
1384,22/09/29 03:30:00,335.2,15.16,,,,,
1385,22/09/29 04:00:00,335.6,15.14,,,,,
1386,22/09/29 04:30:00,336.4,15.04,,,,,
1387,22/09/29 05:00:00,336.0,15.06,,,,,
1388,22/09/29 05:30:00,335.2,15.04,,,,,
1389,22/09/29 06:00:00,337.3,14.89,,,,,
1390,22/09/29 06:30:00,336.9,14.87,,,,,
1391,22/09/29 07:00:00,336.5,14.90,,,,,
1392,22/09/29 07:30:00,336.9,14.90,,,,,
1393,22/09/29 08:00:00,336.5,14.88,,,,,
1394,22/09/29 08:30:00,336.5,14.82,,,,,
1395,22/09/29 09:00:00,337.3,14.77,,,,,
1396,22/09/29 09:30:00,336.9,14.75,,,,,
1397,22/09/29 10:00:00,337.3,14.88,,,,,
1398,22/09/29 10:30:00,337.3,14.87,,,,,
1399,22/09/29 11:00:00,338.1,14.81,,,,,
1400,22/09/29 11:30:00,338.5,14.86,,,,,
1401,22/09/29 12:00:00,338.5,14.77,,,,,
1402,22/09/29 12:30:00,339.3,14.86,,,,,
1403,22/09/29 13:00:00,341.5,15.40,,,,,
1404,22/09/29 13:30:00,338.3,15.36,,,,,
1405,22/09/29 14:00:00,339.5,15.30,,,,,
1406,22/09/29 14:30:00,340.3,15.47,,,,,
1407,22/09/29 15:00:00,339.1,15.28,,,,,
1408,22/09/29 15:30:00,339.6,15.17,,,,,
1409,22/09/29 16:00:00,341.1,15.55,,,,,
1410,22/09/29 16:30:00,340.2,15.56,,,,,
1411,22/09/29 17:00:00,339.8,15.56,,,,,
1412,22/09/29 17:30:00,339.5,15.34,,,,,
1413,22/09/29 18:00:00,338.8,15.16,,,,,
1414,22/09/29 18:30:00,338.8,15.19,,,,,
1415,22/09/29 19:00:00,338.8,15.24,,,,,
1416,22/09/29 19:30:00,338.8,15.18,,,,,
1417,22/09/29 20:00:00,338.4,15.18,,,,,
1418,22/09/29 20:30:00,338.0,15.14,,,,,
1419,22/09/29 21:00:00,338.4,15.12,,,,,
1420,22/09/29 21:30:00,336.4,15.06,,,,,
1421,22/09/29 22:00:00,332.4,15.05,,,,,
1422,22/09/29 22:30:00,326.8,15.02,,,,,
1423,22/09/29 23:00:00,326.0,14.98,,,,,
1424,22/09/29 23:30:00,326.8,14.89,,,,,
1425,22/09/30 00:00:00,328.1,14.82,,,,,
1426,22/09/30 00:30:00,329.7,14.84,,,,,
1427,22/09/30 01:00:00,330.9,14.80,,,,,
1428,22/09/30 01:30:00,332.1,14.69,,,,,
1429,22/09/30 02:00:00,331.3,14.69,,,,,
1430,22/09/30 02:30:00,330.9,14.66,,,,,
1431,22/09/30 03:00:00,332.2,14.53,,,,,
1432,22/09/30 03:30:00,332.2,14.54,,,,,
1433,22/09/30 04:00:00,331.4,14.52,,,,,
1434,22/09/30 04:30:00,331.8,14.40,,,,,
1435,22/09/30 05:00:00,331.4,14.39,,,,,
1436,22/09/30 05:30:00,330.6,14.36,,,,,
1437,22/09/30 06:00:00,331.5,14.29,,,,,
1438,22/09/30 06:30:00,331.5,14.22,,,,,
1439,22/09/30 07:00:00,331.5,14.18,,,,,
1440,22/09/30 07:30:00,331.5,14.15,,,,,
1441,22/09/30 08:00:00,331.5,14.05,,,,,
1442,22/09/30 08:30:00,331.1,14.06,,,,,
1443,22/09/30 09:00:00,331.1,14.05,,,,,
1444,22/09/30 09:30:00,331.2,14.04,,,,,
1445,22/09/30 10:00:00,330.4,14.03,,,,,
1446,22/09/30 10:30:00,330.4,14.03,,,,,
1447,22/09/30 11:00:00,331.9,14.27,,,,,
1448,22/09/30 11:30:00,331.9,14.28,,,,,
1449,22/09/30 12:00:00,333.4,14.53,,,,,
1450,22/09/30 12:30:00,334.2,14.57,,,,,
1451,22/09/30 13:00:00,334.9,14.72,,,,,
1452,22/09/30 13:30:00,333.0,14.60,,,,,
1453,22/09/30 14:00:00,334.9,14.75,,,,,
1454,22/09/30 14:30:00,334.6,14.63,,,,,
1455,22/09/30 15:00:00,335.3,14.69,,,,,
1456,22/09/30 15:30:00,335.3,14.82,,,,,
1457,22/09/30 16:00:00,334.9,14.71,,,,,
1458,22/09/30 16:30:00,335.7,14.82,,,,,
1459,22/09/30 17:00:00,335.0,14.56,,,,,
1460,22/09/30 17:30:00,335.4,14.54,,,,,
1461,22/09/30 18:00:00,335.4,14.51,,,,,
1462,22/09/30 18:30:00,335.4,14.52,,,,,
1463,22/09/30 19:00:00,335.0,14.53,,,,,
1464,22/09/30 19:30:00,332.6,14.57,,,,,
1465,22/09/30 20:00:00,330.2,14.56,,,,,
1466,22/09/30 20:30:00,331.4,14.56,,,,,
1467,22/09/30 21:00:00,330.2,14.58,,,,,
1468,22/09/30 21:30:00,329.4,14.58,,,,,
1469,22/09/30 22:00:00,328.1,14.60,,,,,
1470,22/09/30 22:30:00,328.2,14.57,,,,,
1471,22/09/30 23:00:00,325.0,14.52,,,,,
1472,22/09/30 23:30:00,324.6,14.56,,,,,
1473,22/10/01 00:00:00,324.6,14.52,,,,,
1474,22/10/01 00:30:00,325.4,14.52,,,,,
1475,22/10/01 01:00:00,326.2,14.47,,,,,
1476,22/10/01 01:30:00,326.2,14.38,,,,,
1477,22/10/01 02:00:00,327.0,14.30,,,,,
1478,22/10/01 02:30:00,327.1,14.26,,,,,
1479,22/10/01 03:00:00,327.9,14.20,,,,,
1480,22/10/01 03:30:00,328.3,14.14,,,,,
1481,22/10/01 04:00:00,329.1,14.09,,,,,
1482,22/10/01 04:30:00,328.7,14.05,,,,,
1483,22/10/01 05:00:00,328.8,13.98,,,,,
1484,22/10/01 05:30:00,328.4,13.93,,,,,
1485,22/10/01 06:00:00,329.2,13.88,,,,,
1486,22/10/01 06:30:00,326.8,13.82,,,,,
1487,22/10/01 07:00:00,327.2,13.78,,,,,
1488,22/10/01 07:30:00,326.0,13.72,,,,,
1489,22/10/01 08:00:00,326.5,13.65,,,,,
1490,22/10/01 08:30:00,327.3,13.66,,,,,
1491,22/10/01 09:00:00,328.9,13.68,,,,,
1492,22/10/01 09:30:00,328.8,13.74,,,,,
1493,22/10/01 10:00:00,329.6,13.81,,,,,
1494,22/10/01 10:30:00,329.2,13.93,,,,,
1495,22/10/01 11:00:00,329.2,14.02,,,,,
1496,22/10/01 11:30:00,327.5,14.11,,,,,
1497,22/10/01 12:00:00,328.3,14.22,,,,,
1498,22/10/01 12:30:00,329.0,14.33,,,,,
1499,22/10/01 13:00:00,329.8,14.44,,,,,
1500,22/10/01 13:30:00,329.8,14.45,,,,,
1501,22/10/01 14:00:00,332.2,14.52,,,,,
1502,22/10/01 14:30:00,331.8,14.60,,,,,
1503,22/10/01 15:00:00,330.9,14.63,,,,,
1504,22/10/01 15:30:00,330.1,14.64,,,,,
1505,22/10/01 16:00:00,330.1,14.62,,,,,
1506,22/10/01 16:30:00,332.5,14.68,,,,,
1507,22/10/01 17:00:00,332.1,14.70,,,,,
1508,22/10/01 17:30:00,331.7,14.71,,,,,
1509,22/10/01 18:00:00,331.3,14.71,,,,,
1510,22/10/01 18:30:00,330.9,14.75,,,,,
1511,22/10/01 19:00:00,330.9,14.77,,,,,
1512,22/10/01 19:30:00,330.1,14.77,,,,,
1513,22/10/01 20:00:00,330.1,14.77,,,,,
1514,22/10/01 20:30:00,329.7,14.80,,,,,
1515,22/10/01 21:00:00,328.9,14.81,,,,,
1516,22/10/01 21:30:00,326.9,14.80,,,,,
1517,22/10/01 22:00:00,324.5,14.78,,,,,
1518,22/10/01 22:30:00,324.9,14.75,,,,,
1519,22/10/01 23:00:00,324.1,14.71,,,,,
1520,22/10/01 23:30:00,322.1,14.62,,,,,
1521,22/10/02 00:00:00,323.7,14.58,,,,,
1522,22/10/02 00:30:00,325.7,14.60,,,,,
1523,22/10/02 01:00:00,325.7,14.58,,,,,
1524,22/10/02 01:30:00,324.2,14.46,,,,,
1525,22/10/02 02:00:00,325.0,14.32,,,,,
1526,22/10/02 02:30:00,326.3,14.24,,,,,
1527,22/10/02 03:00:00,326.3,14.20,,,,,
1528,22/10/02 03:30:00,326.7,14.12,,,,,
1529,22/10/02 04:00:00,328.0,13.87,,,,,
1530,22/10/02 04:30:00,326.8,13.94,,,,,
1531,22/10/02 05:00:00,326.4,13.90,,,,,
1532,22/10/02 05:30:00,326.8,13.76,,,,,
1533,22/10/02 06:00:00,326.0,13.78,,,,,
1534,22/10/02 06:30:00,325.6,13.73,,,,,
1535,22/10/02 07:00:00,325.7,13.60,,,,,
1536,22/10/02 07:30:00,324.9,13.56,,,,,
1537,22/10/02 08:00:00,324.5,13.59,,,,,
1538,22/10/02 08:30:00,324.1,13.49,,,,,
1539,22/10/02 09:00:00,324.5,13.49,,,,,
1540,22/10/02 09:30:00,324.5,13.60,,,,,
1541,22/10/02 10:00:00,324.9,13.66,,,,,
1542,22/10/02 10:30:00,325.6,13.71,,,,,
1543,22/10/02 11:00:00,326.0,13.88,,,,,
1544,22/10/02 11:30:00,326.4,13.96,,,,,
1545,22/10/02 12:00:00,326.3,14.00,,,,,
1546,22/10/02 12:30:00,327.1,14.16,,,,,
1547,22/10/02 13:00:00,328.2,14.32,,,,,
1548,22/10/02 13:30:00,328.6,14.35,,,,,
1549,22/10/02 14:00:00,328.6,14.42,,,,,
1550,22/10/02 14:30:00,328.6,14.45,,,,,
1551,22/10/02 15:00:00,328.2,14.47,,,,,
1552,22/10/02 15:30:00,328.2,14.48,,,,,
1553,22/10/02 16:00:00,328.2,14.48,,,,,
1554,22/10/02 16:30:00,328.2,14.51,,,,,
1555,22/10/02 17:00:00,327.8,14.54,,,,,
1556,22/10/02 17:30:00,327.8,14.51,,,,,
1557,22/10/02 18:00:00,327.8,14.45,,,,,
1558,22/10/02 18:30:00,327.8,14.40,,,,,
1559,22/10/02 19:00:00,327.0,14.47,,,,,
1560,22/10/02 19:30:00,326.6,14.53,,,,,
1561,22/10/02 20:00:00,326.6,14.54,,,,,
1562,22/10/02 20:30:00,326.2,14.57,,,,,
1563,22/10/02 21:00:00,325.7,14.59,,,,,
1564,22/10/02 21:30:00,325.7,14.59,,,,,
1565,22/10/02 22:00:00,321.7,14.58,,,,,
1566,22/10/02 22:30:00,319.3,14.58,,,,,
1567,22/10/02 23:00:00,319.3,14.53,,,,,
1568,22/10/02 23:30:00,319.8,14.48,,,,,
1569,22/10/03 00:00:00,321.0,14.46,,,,,
1570,22/10/03 00:30:00,321.0,14.35,,,,,
1571,22/10/03 01:00:00,321.4,14.30,,,,,
1572,22/10/03 01:30:00,321.4,14.27,,,,,
1573,22/10/03 02:00:00,323.1,14.18,,,,,
1574,22/10/03 02:30:00,322.7,14.12,,,,,
1575,22/10/03 03:00:00,322.3,14.09,,,,,
1576,22/10/03 03:30:00,323.5,13.99,,,,,
1577,22/10/03 04:00:00,324.0,13.92,,,,,
1578,22/10/03 04:30:00,323.2,13.93,,,,,
1579,22/10/03 05:00:00,324.0,13.81,,,,,
1580,22/10/03 05:30:00,325.2,13.73,,,,,
1581,22/10/03 06:00:00,324.4,13.72,,,,,
1582,22/10/03 06:30:00,324.5,13.66,,,,,
1583,22/10/03 07:00:00,325.3,13.55,,,,,
1584,22/10/03 07:30:00,323.7,13.61,,,,,
1585,22/10/03 08:00:00,324.1,13.59,,,,,
1586,22/10/03 08:30:00,325.7,13.44,,,,,
1587,22/10/03 09:00:00,324.1,13.55,,,,,
1588,22/10/03 09:30:00,325.3,13.61,,,,,
1589,22/10/03 10:00:00,326.5,13.62,,,,,
1590,22/10/03 10:30:00,326.4,13.73,,,,,
1591,22/10/03 11:00:00,327.2,13.87,,,,,
1592,22/10/03 11:30:00,327.6,13.97,,,,,
1593,22/10/03 12:00:00,328.3,14.03,,,,,
1594,22/10/03 12:30:00,327.5,14.18,,,,,
1595,22/10/03 13:00:00,327.5,14.29,,,,,
1596,22/10/03 13:30:00,328.2,14.34,,,,,
1597,22/10/03 14:00:00,328.2,14.44,,,,,
1598,22/10/03 14:30:00,328.2,14.48,,,,,
1599,22/10/03 15:00:00,326.6,14.53,,,,,
1600,22/10/03 15:30:00,326.2,14.52,,,,,
1601,22/10/03 16:00:00,327.4,14.57,,,,,
1602,22/10/03 16:30:00,329.0,14.52,,,,,
1603,22/10/03 17:00:00,330.2,14.51,,,,,
1604,22/10/03 17:30:00,329.8,14.54,,,,,
1605,22/10/03 18:00:00,329.8,14.54,,,,,
1606,22/10/03 18:30:00,329.8,14.54,,,,,
1607,22/10/03 19:00:00,328.6,14.56,,,,,
1608,22/10/03 19:30:00,328.6,14.58,,,,,
1609,22/10/03 20:00:00,328.5,14.63,,,,,
1610,22/10/03 20:30:00,327.7,14.65,,,,,
1611,22/10/03 21:00:00,327.3,14.66,,,,,
1612,22/10/03 21:30:00,326.5,14.69,,,,,
1613,22/10/03 22:00:00,326.1,14.69,,,,,
1614,22/10/03 22:30:00,322.9,14.69,,,,,
1615,22/10/03 23:00:00,322.1,14.68,,,,,
1616,22/10/03 23:30:00,321.7,14.68,,,,,
1617,22/10/04 00:00:00,320.9,14.60,,,,,
1618,22/10/04 00:30:00,321.7,14.54,,,,,
1619,22/10/04 01:00:00,322.2,14.51,,,,,
1620,22/10/04 01:30:00,322.6,14.44,,,,,
1621,22/10/04 02:00:00,323.4,14.35,,,,,
1622,22/10/04 02:30:00,322.6,14.35,,,,,
1623,22/10/04 03:00:00,323.0,14.28,,,,,
1624,22/10/04 03:30:00,323.5,14.16,,,,,
1625,22/10/04 04:00:00,323.1,14.15,,,,,
1626,22/10/04 04:30:00,322.7,14.11,,,,,
1627,22/10/04 05:00:00,354.1,14.02,,,,,
1628,22/10/04 05:30:00,328.0,13.98,,,,,
1629,22/10/04 06:00:00,321.5,13.94,,,,,
1630,22/10/04 06:30:00,321.6,13.84,,,,,
1631,22/10/04 07:00:00,322.0,13.78,,,,,
1632,22/10/04 07:30:00,320.8,13.78,,,,,
1633,22/10/04 08:00:00,320.8,13.72,,,,,
1634,22/10/04 08:30:00,320.8,13.71,,,,,
1635,22/10/04 09:00:00,321.2,13.76,,,,,
1636,22/10/04 09:30:00,321.6,13.80,,,,,
1637,22/10/04 10:00:00,322.8,13.85,,,,,
1638,22/10/04 10:30:00,322.7,13.99,,,,,
1639,22/10/04 11:00:00,323.9,14.10,,,,,
1640,22/10/04 11:30:00,325.5,14.20,,,,,
1641,22/10/04 12:00:00,325.8,14.28,,,,,
1642,22/10/04 12:30:00,326.2,14.45,,,,,
1643,22/10/04 13:00:00,326.6,14.50,,,,,
1644,22/10/04 13:30:00,326.5,14.60,,,,,
1645,22/10/04 14:00:00,326.1,14.68,,,,,
1646,22/10/04 14:30:00,325.7,14.72,,,,,
1647,22/10/04 15:00:00,326.1,14.74,,,,,
1648,22/10/04 15:30:00,326.1,14.72,,,,,
1649,22/10/04 16:00:00,326.1,14.70,,,,,
1650,22/10/04 16:30:00,326.5,14.72,,,,,
1651,22/10/04 17:00:00,327.3,14.70,,,,,
1652,22/10/04 17:30:00,328.9,14.68,,,,,
1653,22/10/04 18:00:00,328.1,14.68,,,,,
1654,22/10/04 18:30:00,328.9,14.68,,,,,
1655,22/10/04 19:00:00,329.3,14.74,,,,,
1656,22/10/04 19:30:00,329.7,14.76,,,,,
1657,22/10/04 20:00:00,329.3,14.86,,,,,
1658,22/10/04 20:30:00,327.7,14.87,,,,,
1659,22/10/04 21:00:00,326.5,14.86,,,,,
1660,22/10/04 21:30:00,326.5,14.84,,,,,
1661,22/10/04 22:00:00,326.1,14.82,,,,,
1662,22/10/04 22:30:00,323.7,14.81,,,,,
1663,22/10/04 23:00:00,324.5,14.76,,,,,
1664,22/10/04 23:30:00,324.5,14.70,,,,,
1665,22/10/05 00:00:00,324.5,14.64,,,,,
1666,22/10/05 00:30:00,325.3,14.59,,,,,
1667,22/10/05 01:00:00,325.8,14.57,,,,,
1668,22/10/05 01:30:00,326.6,14.45,,,,,
1669,22/10/05 02:00:00,326.2,14.41,,,,,
1670,22/10/05 02:30:00,326.2,14.39,,,,,
1671,22/10/05 03:00:00,327.1,14.26,,,,,
1672,22/10/05 03:30:00,327.1,14.21,,,,,
1673,22/10/05 04:00:00,327.1,14.15,,,,,
1674,22/10/05 04:30:00,327.1,14.05,,,,,
1675,22/10/05 05:00:00,327.6,13.97,,,,,
1676,22/10/05 05:30:00,326.8,13.97,,,,,
1677,22/10/05 06:00:00,326.8,13.88,,,,,
1678,22/10/05 06:30:00,326.8,13.76,,,,,
1679,22/10/05 07:00:00,326.4,13.76,,,,,
1680,22/10/05 07:30:00,326.0,13.71,,,,,
1681,22/10/05 08:00:00,326.5,13.57,,,,,
1682,22/10/05 08:30:00,326.1,13.61,,,,,
1683,22/10/05 09:00:00,325.7,13.63,,,,,
1684,22/10/05 09:30:00,326.1,13.60,,,,,
1685,22/10/05 10:00:00,325.2,13.74,,,,,
1686,22/10/05 10:30:00,322.4,13.85,,,,,
1687,22/10/05 11:00:00,318.8,13.75,,,,,
1688,22/10/05 11:30:00,317.5,13.94,,,,,
1689,22/10/05 12:00:00,319.5,14.12,,,,,
1690,22/10/05 12:30:00,319.1,14.18,,,,,
1691,22/10/05 13:00:00,324.7,14.14,,,,,
1692,22/10/05 13:30:00,321.9,13.99,,,,,
1693,22/10/05 14:00:00,321.5,13.99,,,,,
1694,22/10/05 14:30:00,323.1,14.18,,,,,
1695,22/10/05 15:00:00,325.0,14.34,,,,,
1696,22/10/05 15:30:00,323.8,14.33,,,,,
1697,22/10/05 16:00:00,322.7,14.24,,,,,
1698,22/10/05 16:30:00,320.3,14.16,,,,,
1699,22/10/05 17:00:00,322.3,14.17,,,,,
1700,22/10/05 17:30:00,327.1,14.11,,,,,
1701,22/10/05 18:00:00,327.5,14.08,,,,,
1702,22/10/05 18:30:00,327.1,14.15,,,,,
1703,22/10/05 19:00:00,326.3,14.15,,,,,
1704,22/10/05 19:30:00,323.9,14.12,,,,,
1705,22/10/05 20:00:00,323.5,14.09,,,,,
1706,22/10/05 20:30:00,321.9,14.05,,,,,
1707,22/10/05 21:00:00,320.7,14.04,,,,,
1708,22/10/05 21:30:00,320.7,14.02,,,,,
1709,22/10/05 22:00:00,319.9,13.96,,,,,
1710,22/10/05 22:30:00,322.8,13.90,,,,,
1711,22/10/05 23:00:00,322.4,13.86,,,,,
1712,22/10/05 23:30:00,322.4,13.81,,,,,
1713,22/10/06 00:00:00,322.0,13.72,,,,,
1714,22/10/06 00:30:00,322.4,13.67,,,,,
1715,22/10/06 01:00:00,322.5,13.59,,,,,
1716,22/10/06 01:30:00,322.9,13.49,,,,,
1717,22/10/06 02:00:00,322.5,13.45,,,,,
1718,22/10/06 02:30:00,323.4,13.36,,,,,
1719,22/10/06 03:00:00,323.4,13.29,,,,,
1720,22/10/06 03:30:00,322.6,13.27,,,,,
1721,22/10/06 04:00:00,322.2,13.19,,,,,
1722,22/10/06 04:30:00,323.1,13.02,,,,,
1723,22/10/06 05:00:00,322.3,12.99,,,,,
1724,22/10/06 05:30:00,321.5,12.95,,,,,
1725,22/10/06 06:00:00,321.1,12.85,,,,,
1726,22/10/06 06:30:00,319.9,12.84,,,,,
1727,22/10/06 07:00:00,319.1,12.79,,,,,
1728,22/10/06 07:30:00,318.8,12.63,,,,,
1729,22/10/06 08:00:00,318.4,12.58,,,,,
1730,22/10/06 08:30:00,318.0,12.58,,,,,
1731,22/10/06 09:00:00,316.8,12.55,,,,,
1732,22/10/06 09:30:00,317.2,12.55,,,,,
1733,22/10/06 10:00:00,315.9,12.69,,,,,
1734,22/10/06 10:30:00,309.1,12.76,,,,,
1735,22/10/06 11:00:00,305.1,12.75,,,,,
1736,22/10/06 11:30:00,305.0,12.88,,,,,
1737,22/10/06 12:00:00,304.2,13.00,,,,,
1738,22/10/06 12:30:00,311.0,13.01,,,,,
1739,22/10/06 13:00:00,308.2,13.09,,,,,
1740,22/10/06 13:30:00,301.3,13.29,,,,,
1741,22/10/06 14:00:00,300.9,13.31,,,,,
1742,22/10/06 14:30:00,309.3,13.38,,,,,
1743,22/10/06 15:00:00,310.5,13.35,,,,,
1744,22/10/06 15:30:00,309.3,13.31,,,,,
1745,22/10/06 16:00:00,304.9,13.35,,,,,
1746,22/10/06 16:30:00,308.1,13.27,,,,,
1747,22/10/06 17:00:00,307.7,13.25,,,,,
1748,22/10/06 17:30:00,311.0,13.21,,,,,
1749,22/10/06 18:00:00,313.4,13.21,,,,,
1750,22/10/06 18:30:00,317.0,13.20,,,,,
1751,22/10/06 19:00:00,315.0,13.21,,,,,
1752,22/10/06 19:30:00,315.4,13.23,,,,,
1753,22/10/06 20:00:00,315.8,13.23,,,,,
1754,22/10/06 20:30:00,314.2,13.19,,,,,
1755,22/10/06 21:00:00,312.6,13.15,,,,,
1756,22/10/06 21:30:00,312.6,13.15,,,,,
1757,22/10/06 22:00:00,310.6,13.11,,,,,
1758,22/10/06 22:30:00,308.6,13.02,,,,,
1759,22/10/06 23:00:00,308.6,12.96,,,,,
1760,22/10/06 23:30:00,309.9,12.90,,,,,
1761,22/10/07 00:00:00,311.5,12.89,,,,,
1762,22/10/07 00:30:00,312.3,12.87,,,,,
1763,22/10/07 01:00:00,312.7,12.77,,,,,
1764,22/10/07 01:30:00,313.1,12.71,,,,,
1765,22/10/07 02:00:00,313.5,12.70,,,,,
1766,22/10/07 02:30:00,314.4,12.60,,,,,
1767,22/10/07 03:00:00,314.0,12.52,,,,,
1768,22/10/07 03:30:00,314.0,12.49,,,,,
1769,22/10/07 04:00:00,314.0,12.43,,,,,
1770,22/10/07 04:30:00,314.4,12.36,,,,,
1771,22/10/07 05:00:00,313.7,12.34,,,,,
1772,22/10/07 05:30:00,313.7,12.28,,,,,
1773,22/10/07 06:00:00,314.1,12.17,,,,,
1774,22/10/07 06:30:00,313.7,12.15,,,,,
1775,22/10/07 07:00:00,313.7,12.10,,,,,
1776,22/10/07 07:30:00,313.8,12.00,,,,,
1777,22/10/07 08:00:00,313.0,11.99,,,,,
1778,22/10/07 08:30:00,312.6,11.98,,,,,
1779,22/10/07 09:00:00,313.0,11.95,,,,,
1780,22/10/07 09:30:00,312.9,12.05,,,,,
1781,22/10/07 10:00:00,313.3,12.15,,,,,
1782,22/10/07 10:30:00,312.1,12.28,,,,,
1783,22/10/07 11:00:00,312.4,12.35,,,,,
1784,22/10/07 11:30:00,310.8,12.51,,,,,
1785,22/10/07 12:00:00,308.7,12.63,,,,,
1786,22/10/07 12:30:00,307.1,12.71,,,,,
1787,22/10/07 13:00:00,304.2,12.87,,,,,
1788,22/10/07 13:30:00,304.2,12.93,,,,,
1789,22/10/07 14:00:00,305.8,12.95,,,,,
1790,22/10/07 14:30:00,303.4,12.97,,,,,
1791,22/10/07 15:00:00,307.4,13.00,,,,,
1792,22/10/07 15:30:00,306.6,13.02,,,,,
1793,22/10/07 16:00:00,303.4,13.00,,,,,
1794,22/10/07 16:30:00,301.8,13.03,,,,,
1795,22/10/07 17:00:00,311.0,12.96,,,,,
1796,22/10/07 17:30:00,318.3,12.90,,,,,
1797,22/10/07 18:00:00,317.9,12.96,,,,,
1798,22/10/07 18:30:00,319.5,13.00,,,,,
1799,22/10/07 19:00:00,320.3,12.97,,,,,
1800,22/10/07 19:30:00,319.9,13.02,,,,,
1801,22/10/07 20:00:00,319.0,13.07,,,,,
1802,22/10/07 20:30:00,317.8,13.08,,,,,
1803,22/10/07 21:00:00,316.6,13.09,,,,,
1804,22/10/07 21:30:00,315.4,13.12,,,,,
1805,22/10/07 22:00:00,315.4,13.11,,,,,
1806,22/10/07 22:30:00,314.6,13.09,,,,,
1807,22/10/07 23:00:00,314.2,13.07,,,,,
1808,22/10/07 23:30:00,314.6,13.06,,,,,
1809,22/10/08 00:00:00,314.6,12.99,,,,,
1810,22/10/08 00:30:00,314.7,12.94,,,,,
1811,22/10/08 01:00:00,315.1,12.89,,,,,
1812,22/10/08 01:30:00,315.5,12.87,,,,,
1813,22/10/08 02:00:00,316.3,12.81,,,,,
1814,22/10/08 02:30:00,316.7,12.75,,,,,
1815,22/10/08 03:00:00,316.3,12.72,,,,,
1816,22/10/08 03:30:00,316.8,12.65,,,,,
1817,22/10/08 04:00:00,317.6,12.59,,,,,
1818,22/10/08 04:30:00,316.8,12.57,,,,,
1819,22/10/08 05:00:00,316.8,12.52,,,,,
1820,22/10/08 05:30:00,316.4,12.46,,,,,
1821,22/10/08 06:00:00,315.6,12.42,,,,,
1822,22/10/08 06:30:00,315.7,12.36,,,,,
1823,22/10/08 07:00:00,315.7,12.28,,,,,
1824,22/10/08 07:30:00,315.7,12.25,,,,,
1825,22/10/08 08:00:00,315.3,12.22,,,,,
1826,22/10/08 08:30:00,314.9,12.21,,,,,
1827,22/10/08 09:00:00,314.5,12.23,,,,,
1828,22/10/08 09:30:00,313.3,12.28,,,,,
1829,22/10/08 10:00:00,314.5,12.35,,,,,
1830,22/10/08 10:30:00,308.8,12.48,,,,,
1831,22/10/08 11:00:00,306.7,12.60,,,,,
1832,22/10/08 11:30:00,300.3,12.75,,,,,
1833,22/10/08 12:00:00,300.3,12.83,,,,,
1834,22/10/08 12:30:00,295.8,12.95,,,,,
1835,22/10/08 13:00:00,297.8,13.05,,,,,
1836,22/10/08 13:30:00,294.1,13.15,,,,,
1837,22/10/08 14:00:00,298.1,13.23,,,,,
1838,22/10/08 14:30:00,306.1,13.21,,,,,
1839,22/10/08 15:00:00,300.1,13.20,,,,,
1840,22/10/08 15:30:00,299.7,13.23,,,,,
1841,22/10/08 16:00:00,300.5,13.25,,,,,
1842,22/10/08 16:30:00,306.2,13.18,,,,,
1843,22/10/08 17:00:00,306.6,13.12,,,,,
1844,22/10/08 17:30:00,313.8,13.12,,,,,
1845,22/10/08 18:00:00,317.0,13.09,,,,,
1846,22/10/08 18:30:00,318.6,13.12,,,,,
1847,22/10/08 19:00:00,318.6,13.12,,,,,
1848,22/10/08 19:30:00,319.0,13.14,,,,,
1849,22/10/08 20:00:00,318.2,13.17,,,,,
1850,22/10/08 20:30:00,317.0,13.20,,,,,
1851,22/10/08 21:00:00,315.8,13.21,,,,,
1852,22/10/08 21:30:00,314.6,13.20,,,,,
1853,22/10/08 22:00:00,313.8,13.20,,,,,
1854,22/10/08 22:30:00,312.6,13.17,,,,,
1855,22/10/08 23:00:00,311.8,13.12,,,,,
1856,22/10/08 23:30:00,312.2,13.07,,,,,
1857,22/10/09 00:00:00,312.6,13.00,,,,,
1858,22/10/09 00:30:00,313.4,12.99,,,,,
1859,22/10/09 01:00:00,314.3,12.96,,,,,
1860,22/10/09 01:30:00,315.1,12.90,,,,,
1861,22/10/09 02:00:00,315.1,12.82,,,,,
1862,22/10/09 02:30:00,315.1,12.78,,,,,
1863,22/10/09 03:00:00,315.5,12.75,,,,,
1864,22/10/09 03:30:00,316.0,12.67,,,,,
1865,22/10/09 04:00:00,315.2,12.60,,,,,
1866,22/10/09 04:30:00,314.8,12.55,,,,,
1867,22/10/09 05:00:00,315.2,12.47,,,,,
1868,22/10/09 05:30:00,315.2,12.45,,,,,
1869,22/10/09 06:00:00,314.4,12.42,,,,,
1870,22/10/09 06:30:00,314.9,12.36,,,,,
1871,22/10/09 07:00:00,314.5,12.30,,,,,
1872,22/10/09 07:30:00,314.5,12.27,,,,,
1873,22/10/09 08:00:00,314.5,12.19,,,,,
1874,22/10/09 08:30:00,314.5,12.18,,,,,
1875,22/10/09 09:00:00,314.5,12.21,,,,,
1876,22/10/09 09:30:00,314.9,12.24,,,,,
1877,22/10/09 10:00:00,315.3,12.31,,,,,
1878,22/10/09 10:30:00,314.0,12.43,,,,,
1879,22/10/09 11:00:00,314.4,12.54,,,,,
1880,22/10/09 11:30:00,309.5,12.66,,,,,
1881,22/10/09 12:00:00,303.5,12.78,,,,,
1882,22/10/09 12:30:00,305.0,12.90,,,,,
1883,22/10/09 13:00:00,305.0,13.01,,,,,
1884,22/10/09 13:30:00,304.6,13.06,,,,,
1885,22/10/09 14:00:00,302.6,13.11,,,,,
1886,22/10/09 14:30:00,302.2,13.13,,,,,
1887,22/10/09 15:00:00,307.4,13.13,,,,,
1888,22/10/09 15:30:00,306.2,13.13,,,,,
1889,22/10/09 16:00:00,303.8,13.11,,,,,
1890,22/10/09 16:30:00,305.0,13.03,,,,,
1891,22/10/09 17:00:00,304.6,13.07,,,,,
1892,22/10/09 17:30:00,306.6,13.03,,,,,
1893,22/10/09 18:00:00,315.4,13.02,,,,,
1894,22/10/09 18:30:00,317.4,13.01,,,,,
1895,22/10/09 19:00:00,317.4,13.01,,,,,
1896,22/10/09 19:30:00,317.4,13.01,,,,,
1897,22/10/09 20:00:00,316.2,13.03,,,,,
1898,22/10/09 20:30:00,315.8,13.06,,,,,
1899,22/10/09 21:00:00,315.8,13.06,,,,,
1900,22/10/09 21:30:00,315.0,13.05,,,,,
1901,22/10/09 22:00:00,315.0,13.05,,,,,
1902,22/10/09 22:30:00,314.6,13.03,,,,,
1903,22/10/09 23:00:00,313.8,13.00,,,,,
1904,22/10/09 23:30:00,312.3,12.94,,,,,
1905,22/10/10 00:00:00,312.7,12.83,,,,,
1906,22/10/10 00:30:00,310.7,12.73,,,,,
1907,22/10/10 01:00:00,311.9,12.66,,,,,
1908,22/10/10 01:30:00,312.4,12.63,,,,,
1909,22/10/10 02:00:00,313.2,12.58,,,,,
1910,22/10/10 02:30:00,313.2,12.49,,,,,
1911,22/10/10 03:00:00,313.6,12.43,,,,,
1912,22/10/10 03:30:00,314.0,12.40,,,,,
1913,22/10/10 04:00:00,314.5,12.29,,,,,
1914,22/10/10 04:30:00,313.7,12.28,,,,,
1915,22/10/10 05:00:00,312.9,12.28,,,,,
1916,22/10/10 05:30:00,942.4,12.18,,,,,
1917,22/10/10 06:00:00,315.7,12.09,,,,,
1918,22/10/10 06:30:00,314.5,12.09,,,,,
1919,22/10/10 07:00:00,314.6,12.01,,,,,
1920,22/10/10 07:30:00,314.2,11.98,,,,,
1921,22/10/10 08:00:00,313.8,11.98,,,,,
1922,22/10/10 08:30:00,313.8,11.97,,,,,
1923,22/10/10 09:00:00,314.2,11.97,,,,,
1924,22/10/10 09:30:00,313.8,12.04,,,,,
1925,22/10/10 10:00:00,314.9,12.07,,,,,
1926,22/10/10 10:30:00,314.5,12.06,,,,,
1927,22/10/10 11:00:00,316.5,12.35,,,,,
1928,22/10/10 11:30:00,315.6,12.54,,,,,
1929,22/10/10 12:00:00,316.5,12.23,,,,,
1930,22/10/10 12:30:00,316.5,12.10,,,,,
1931,22/10/10 13:00:00,316.5,12.10,,,,,
1932,22/10/10 13:30:00,316.5,12.11,,,,,
1933,22/10/10 14:00:00,315.7,12.22,,,,,
1934,22/10/10 14:30:00,316.4,12.57,,,,,
1935,22/10/10 15:00:00,317.2,12.58,,,,,
1936,22/10/10 15:30:00,315.2,12.42,,,,,
1937,22/10/10 16:00:00,312.8,12.54,,,,,
1938,22/10/10 16:30:00,314.4,12.37,,,,,
1939,22/10/10 17:00:00,310.8,12.39,,,,,
1940,22/10/10 17:30:00,314.0,12.52,,,,,
1941,22/10/10 18:00:00,315.2,12.40,,,,,
1942,22/10/10 18:30:00,316.1,12.31,,,,,
1943,22/10/10 19:00:00,315.3,12.29,,,,,
1944,22/10/10 19:30:00,315.3,12.28,,,,,
1945,22/10/10 20:00:00,313.7,12.19,,,,,
1946,22/10/10 20:30:00,312.9,12.23,,,,,
1947,22/10/10 21:00:00,310.5,12.21,,,,,
1948,22/10/10 21:30:00,307.3,12.19,,,,,
1949,22/10/10 22:00:00,304.1,12.05,,,,,
1950,22/10/10 22:30:00,306.1,12.00,,,,,
1951,22/10/10 23:00:00,306.2,11.86,,,,,
1952,22/10/10 23:30:00,307.8,11.91,,,,,
1953,22/10/11 00:00:00,307.8,11.86,,,,,
1954,22/10/11 00:30:00,307.8,11.79,,,,,
1955,22/10/11 01:00:00,308.2,11.81,,,,,
1956,22/10/11 01:30:00,307.8,11.79,,,,,
1957,22/10/11 02:00:00,307.8,11.74,,,,,
1958,22/10/11 02:30:00,308.2,11.67,,,,,
1959,22/10/11 03:00:00,308.6,11.68,,,,,
1960,22/10/11 03:30:00,309.9,11.62,,,,,
1961,22/10/11 04:00:00,310.3,11.57,,,,,
1962,22/10/11 04:30:00,310.3,11.56,,,,,
1963,22/10/11 05:00:00,311.1,11.52,,,,,
1964,22/10/11 05:30:00,311.1,11.44,,,,,
1965,22/10/11 06:00:00,310.7,11.41,,,,,
1966,22/10/11 06:30:00,310.8,11.33,,,,,
1967,22/10/11 07:00:00,311.2,11.28,,,,,
1968,22/10/11 07:30:00,310.8,11.23,,,,,
1969,22/10/11 08:00:00,311.2,11.20,,,,,
1970,22/10/11 08:30:00,312.0,11.17,,,,,
1971,22/10/11 09:00:00,312.0,11.20,,,,,
1972,22/10/11 09:30:00,312.4,11.25,,,,,
1973,22/10/11 10:00:00,314.0,11.32,,,,,
1974,22/10/11 10:30:00,310.3,11.46,,,,,
1975,22/10/11 11:00:00,312.3,11.51,,,,,
1976,22/10/11 11:30:00,309.9,11.61,,,,,
1977,22/10/11 12:00:00,315.1,11.62,,,,,
1978,22/10/11 12:30:00,313.1,11.73,,,,,
1979,22/10/11 13:00:00,316.2,11.81,,,,,
1980,22/10/11 13:30:00,316.2,11.83,,,,,
1981,22/10/11 14:00:00,316.6,11.91,,,,,
1982,22/10/11 14:30:00,317.0,11.93,,,,,
1983,22/10/11 15:00:00,316.6,12.01,,,,,
1984,22/10/11 15:30:00,316.6,11.93,,,,,
1985,22/10/11 16:00:00,317.8,11.87,,,,,
1986,22/10/11 16:30:00,318.2,11.89,,,,,
1987,22/10/11 17:00:00,318.6,11.85,,,,,
1988,22/10/11 17:30:00,315.8,11.82,,,,,
1989,22/10/11 18:00:00,318.3,11.79,,,,,
1990,22/10/11 18:30:00,318.3,11.80,,,,,
1991,22/10/11 19:00:00,318.6,11.82,,,,,
1992,22/10/11 19:30:00,318.6,11.85,,,,,
1993,22/10/11 20:00:00,317.8,11.85,,,,,
1994,22/10/11 20:30:00,317.9,11.80,,,,,
1995,22/10/11 21:00:00,317.9,11.76,,,,,
1996,22/10/11 21:30:00,318.3,11.74,,,,,
1997,22/10/11 22:00:00,318.3,11.70,,,,,
1998,22/10/11 22:30:00,317.1,11.64,,,,,
1999,22/10/11 23:00:00,317.1,11.61,,,,,
2000,22/10/11 23:30:00,317.1,11.55,,,,,
2001,22/10/12 00:00:00,317.1,11.52,,,,,
2002,22/10/12 00:30:00,317.1,11.55,,,,,
2003,22/10/12 01:00:00,317.5,11.53,,,,,
2004,22/10/12 01:30:00,317.2,11.46,,,,,
2005,22/10/12 02:00:00,317.2,11.39,,,,,
2006,22/10/12 02:30:00,317.2,11.38,,,,,
2007,22/10/12 03:00:00,316.8,11.31,,,,,
2008,22/10/12 03:30:00,317.2,11.29,,,,,
2009,22/10/12 04:00:00,316.0,11.21,,,,,
2010,22/10/12 04:30:00,315.7,11.16,,,,,
2011,22/10/12 05:00:00,316.1,11.14,,,,,
2012,22/10/12 05:30:00,316.1,11.10,,,,,
2013,22/10/12 06:00:00,316.1,11.07,,,,,
2014,22/10/12 06:30:00,315.7,10.99,,,,,
2015,22/10/12 07:00:00,315.3,10.98,,,,,
2016,22/10/12 07:30:00,314.9,10.91,,,,,
2017,22/10/12 08:00:00,314.2,10.83,,,,,
2018,22/10/12 08:30:00,313.8,10.78,,,,,
2019,22/10/12 09:00:00,313.8,10.80,,,,,
2020,22/10/12 09:30:00,312.6,10.80,,,,,
2021,22/10/12 10:00:00,313.7,10.86,,,,,
2022,22/10/12 10:30:00,308.9,11.01,,,,,
2023,22/10/12 11:00:00,306.4,11.16,,,,,
2024,22/10/12 11:30:00,306.4,11.25,,,,,
2025,22/10/12 12:00:00,303.1,11.34,,,,,
2026,22/10/12 12:30:00,307.9,11.56,,,,,
2027,22/10/12 13:00:00,307.9,11.58,,,,,
2028,22/10/12 13:30:00,304.2,11.70,,,,,
2029,22/10/12 14:00:00,307.5,11.63,,,,,
2030,22/10/12 14:30:00,307.5,11.61,,,,,
2031,22/10/12 15:00:00,303.0,11.63,,,,,
2032,22/10/12 15:30:00,302.6,11.59,,,,,
2033,22/10/12 16:00:00,304.3,11.53,,,,,
2034,22/10/12 16:30:00,307.1,11.52,,,,,
2035,22/10/12 17:00:00,306.7,11.45,,,,,
2036,22/10/12 17:30:00,311.5,11.43,,,,,
2037,22/10/12 18:00:00,316.0,11.39,,,,,
2038,22/10/12 18:30:00,316.4,11.41,,,,,
2039,22/10/12 19:00:00,316.8,11.43,,,,,
2040,22/10/12 19:30:00,316.8,11.41,,,,,
2041,22/10/12 20:00:00,314.7,11.46,,,,,
2042,22/10/12 20:30:00,312.7,11.45,,,,,
2043,22/10/12 21:00:00,311.9,11.45,,,,,
2044,22/10/12 21:30:00,310.7,11.43,,,,,
2045,22/10/12 22:00:00,309.9,11.40,,,,,
2046,22/10/12 22:30:00,310.0,11.37,,,,,
2047,22/10/12 23:00:00,308.0,11.29,,,,,
2048,22/10/12 23:30:00,307.2,11.22,,,,,
2049,22/10/13 00:00:00,307.6,11.19,,,,,
2050,22/10/13 00:30:00,307.6,11.11,,,,,
2051,22/10/13 01:00:00,307.6,11.04,,,,,
2052,22/10/13 01:30:00,308.1,10.99,,,,,
2053,22/10/13 02:00:00,308.1,10.97,,,,,
2054,22/10/13 02:30:00,308.5,10.89,,,,,
2055,22/10/13 03:00:00,308.1,10.83,,,,,
2056,22/10/13 03:30:00,308.1,10.79,,,,,
2057,22/10/13 04:00:00,308.6,10.71,,,,,
2058,22/10/13 04:30:00,308.6,10.65,,,,,
2059,22/10/13 05:00:00,309.0,10.60,,,,,
2060,22/10/13 05:30:00,308.2,10.54,,,,,
2061,22/10/13 06:00:00,308.2,10.47,,,,,
2062,22/10/13 06:30:00,308.2,10.42,,,,,
2063,22/10/13 07:00:00,308.3,10.35,,,,,
2064,22/10/13 07:30:00,307.9,10.28,,,,,
2065,22/10/13 08:00:00,307.5,10.24,,,,,
2066,22/10/13 08:30:00,306.7,10.23,,,,,
2067,22/10/13 09:00:00,307.1,10.22,,,,,
2068,22/10/13 09:30:00,307.1,10.28,,,,,
2069,22/10/13 10:00:00,307.5,10.34,,,,,
2070,22/10/13 10:30:00,300.6,10.46,,,,,
2071,22/10/13 11:00:00,71.7,24.50,,,,,
2072,22/10/13 11:30:00,53.1,30.68,,,,,
2073,22/10/13 12:00:00,17.1,32.69,,,,,
2074,22/10/13 12:30:00,4.5,34.82,,,,,
2075,22/10/13 13:00:00,2.9,33.56,,,,,
2076,22/10/13 13:30:00,4.2,23.42,,,,,
2077,22/10/13 14:00:00,12.3,19.31,,,,,
2078,22/10/13 14:30:00,39.5,16.87,,,,,
2079,22/10/13 15:00:00,50.3,19.93,,,,,
2080,22/10/13 15:30:00,58.5,18.83,,,,,
2081,22/10/13 16:00:00,71.0,18.24,,,,,
2082,22/10/13 16:30:00,87.0,18.08,,,,,
2083,22/10/13 17:00:00,96.4,17.65,,,,,
2084,22/10/13 17:30:00,96.5,16.88,,,,,
2085,22/10/13 18:00:00,94.7,15.80,,,,,
2086,22/10/13 18:30:00,90.1,14.03,,,,,
2087,22/10/13 19:00:00,92.2,13.05,,,,,
2088,22/10/13 19:30:00,166.3,17.65,,,,,
2089,22/10/13 20:00:00,218.7,19.89,,,,,
2090,22/10/13 20:30:00,229.1,21.09,,,,,
2091,22/10/13 21:00:00,226.5,21.88,,,,,
2092,22/10/13 21:30:00,221.3,22.46,,,,,
2093,22/10/13 22:00:00,216.5,22.66,,,,,
2094,22/10/13 22:30:00,212.5,22.83,,,,,
2095,22/10/13 23:00:00,207.4,22.95,,,,,
2096,22/10/13 23:30:00,201.5,23.05,,,,,
2097,22/10/14 00:00:00,196.3,23.12,,,,,
2098,22/10/14 00:30:00,192.0,23.18,,,,,
2099,22/10/14 01:00:00,187.7,23.21,,,,,
2100,22/10/14 01:30:00,184.1,23.24,,,,,
2101,22/10/14 02:00:00,180.6,23.26,,,,,
2102,22/10/14 02:30:00,177.9,23.27,,,,,
2103,22/10/14 03:00:00,175.5,23.29,,,,,
2104,22/10/14 03:30:00,173.1,23.29,,,,,
2105,22/10/14 04:00:00,171.2,23.30,,,,,
2106,22/10/14 04:30:00,169.6,23.30,,,,,
2107,22/10/14 05:00:00,168.4,23.31,,,,,
2108,22/10/14 05:30:00,167.3,23.31,,,,,
2109,22/10/14 06:00:00,166.5,23.31,,,,,
2110,22/10/14 06:30:00,165.7,23.32,,,,,
2111,22/10/14 07:00:00,165.3,23.33,,,,,
2112,22/10/14 07:30:00,164.9,23.33,,,,,
2113,22/10/14 08:00:00,165.3,23.35,,,,,
2114,22/10/14 08:30:00,167.2,23.49,,,,,
2115,22/10/14 09:00:00,85.5,21.63,,,,,
2116,22/10/14 09:30:00,75.5,20.84,,,,,
2117,22/10/14 10:00:00,73.2,20.55,,,,,
2118,22/10/14 10:30:00,72.4,20.64,,,,,
2119,22/10/14 11:00:00,72.7,20.85,,,,,
2120,22/10/14 11:30:00,72.7,21.07,,,,,
2121,22/10/14 12:00:00,72.7,21.15,,,,,
2122,22/10/14 12:30:00,72.3,21.10,,,,,
2123,22/10/14 13:00:00,72.3,21.15,,,,,
2124,22/10/14 13:30:00,72.3,21.18,,,,,
2125,22/10/14 14:00:00,73.1,21.18,,,,,
2126,22/10/14 14:30:00,72.7,21.16,,,,,
2127,22/10/14 15:00:00,72.7,21.25,,,,,
2128,22/10/14 15:30:00,71.9,21.51,,,,,
2129,22/10/14 16:00:00,69.2,21.72,,,,,
2130,22/10/14 16:30:00,60.6,21.82,,,,,
2131,22/10/14 17:00:00,44.0,21.85,,,,,
2132,22/10/14 17:30:00,18.8,21.88,,,,,
2133,22/10/14 18:00:00,4.6,21.96,,,,,
2134,22/10/14 18:30:00,1.9,22.08,,,,,
2135,22/10/14 19:00:00,9.2,22.15,,,,,
2136,22/10/14 19:30:00,17.3,22.27,,,,,
2137,22/10/14 20:00:00,17.3,22.45,,,,,
2138,22/10/14 20:30:00,4.9,22.66,,,,,
2139,22/10/14 21:00:00,17.3,22.77,,,,,
2140,22/10/14 21:30:00,4.9,22.90,,,,,
2141,22/10/14 22:00:00,4.9,22.96,,,,,
2142,22/10/14 22:30:00,4.9,23.07,,,,,
2143,22/10/14 23:00:00,4.9,23.13,,,,,
2144,22/10/14 23:30:00,4.9,23.19,,,,,
2145,22/10/15 00:00:00,4.9,23.23,,,,,
2146,22/10/15 00:30:00,17.3,23.27,,,,,
2147,22/10/15 01:00:00,4.9,23.32,,,,,
2148,22/10/15 01:30:00,4.9,23.36,,,,,
2149,22/10/15 02:00:00,4.9,23.38,,,,,
2150,22/10/15 02:30:00,4.9,23.41,,,,,
2151,22/10/15 03:00:00,17.3,23.43,,,,,
2152,22/10/15 03:30:00,17.3,23.44,,,,,
2153,22/10/15 04:00:00,17.3,23.45,,,,,
2154,22/10/15 04:30:00,4.9,23.47,,,,,
2155,22/10/15 05:00:00,4.9,23.48,,,,,
2156,22/10/15 05:30:00,4.9,23.50,,,,,
2157,22/10/15 06:00:00,1.8,23.56,,,,,
2158,22/10/15 06:30:00,4.9,23.61,,,,,
2159,22/10/15 07:00:00,17.2,23.67,,,,,
2160,22/10/15 07:30:00,4.9,23.67,,,,,
2161,22/10/15 08:00:00,4.9,23.65,,,,,
2162,22/10/15 08:30:00,4.9,23.57,,,,,
2163,22/10/15 09:00:00,4.9,23.53,,,,,
2164,22/10/15 09:30:00,4.9,23.62,,,,,
2165,22/10/15 10:00:00,4.9,23.63,,,,,
2166,22/10/15 10:30:00,17.2,23.65,,,,,
2167,22/10/15 11:00:00,1.8,23.65,,,,,
2168,22/10/15 11:30:00,4.9,23.67,,,,,
2169,22/10/15 12:00:00,4.9,23.65,,,,,
2170,22/10/15 12:30:00,4.9,23.62,,,,,
2171,22/10/15 13:00:00,17.2,23.61,,,,,
2172,22/10/15 13:30:00,4.9,23.59,,,,,
2173,22/10/15 14:00:00,4.9,23.57,,,,,
2174,22/10/15 14:30:00,4.9,23.54,,,,,
2175,22/10/15 15:00:00,17.2,23.51,,,,,
2176,22/10/15 15:30:00,4.9,23.48,,,,,
2177,22/10/15 16:00:00,4.9,23.44,,,,,
2178,22/10/15 16:30:00,17.3,23.42,,,,,
2179,22/10/15 17:00:00,4.9,23.38,,,,,
2180,22/10/15 17:30:00,4.9,23.36,,,,,
2181,22/10/15 18:00:00,4.9,23.33,,,,,
2182,22/10/15 18:30:00,4.9,23.30,,,,,
2183,22/10/15 19:00:00,4.9,23.29,,,,,
2184,22/10/15 19:30:00,4.9,23.29,,,,,
2185,22/10/15 20:00:00,4.9,23.29,,,,,
2186,22/10/15 20:30:00,4.9,23.30,,,,,
2187,22/10/15 21:00:00,4.9,23.32,,,,,
2188,22/10/15 21:30:00,4.9,23.35,,,,,
2189,22/10/15 22:00:00,4.9,23.36,,,,,
2190,22/10/15 22:30:00,4.9,23.41,,,,,
2191,22/10/15 23:00:00,4.9,23.43,,,,,
2192,22/10/15 23:30:00,4.9,23.47,,,,,
2193,22/10/16 00:00:00,4.9,23.48,,,,,
2194,22/10/16 00:30:00,1.8,23.51,,,,,
2195,22/10/16 01:00:00,4.9,23.55,,,,,
2196,22/10/16 01:30:00,4.9,23.56,,,,,
2197,22/10/16 02:00:00,4.9,23.59,,,,,
2198,22/10/16 02:30:00,4.9,23.61,,,,,
2199,22/10/16 03:00:00,4.9,23.63,,,,,
2200,22/10/16 03:30:00,4.9,23.68,,,,,
2201,22/10/16 04:00:00,17.2,23.73,,,,,
2202,22/10/16 04:30:00,4.9,23.75,,,,,
2203,22/10/16 05:00:00,4.9,23.78,,,,,
2204,22/10/16 05:30:00,11.5,23.78,,,,,
2205,22/10/16 06:00:00,4.9,23.77,,,,,
2206,22/10/16 06:30:00,17.2,23.77,,,,,
2207,22/10/16 07:00:00,4.9,23.75,,,,,
2208,22/10/16 07:30:00,4.9,23.74,,,,,
2209,22/10/16 08:00:00,4.9,23.74,,,,,
2210,22/10/16 08:30:00,4.9,23.74,,,,,
2211,22/10/16 09:00:00,4.9,23.74,,,,,
2212,22/10/16 09:30:00,17.2,23.75,,,,,
2213,22/10/16 10:00:00,4.9,23.74,,,,,
2214,22/10/16 10:30:00,17.2,23.73,,,,,
2215,22/10/16 11:00:00,4.9,23.74,,,,,
2216,22/10/16 11:30:00,4.9,23.73,,,,,
2217,22/10/16 12:00:00,4.9,23.69,,,,,
2218,22/10/16 12:30:00,4.9,23.66,,,,,
2219,22/10/16 13:00:00,4.9,23.61,,,,,
2220,22/10/16 13:30:00,4.9,23.56,,,,,
2221,22/10/16 14:00:00,4.9,23.51,,,,,
2222,22/10/16 14:30:00,4.9,23.48,,,,,
2223,22/10/16 15:00:00,4.9,23.43,,,,,
2224,22/10/16 15:30:00,4.9,23.38,,,,,
2225,22/10/16 16:00:00,4.9,23.35,,,,,
2226,22/10/16 16:30:00,17.3,23.31,,,,,
2227,22/10/16 17:00:00,17.3,23.27,,,,,
2228,22/10/16 17:30:00,4.9,23.24,,,,,
2229,22/10/16 18:00:00,17.3,23.20,,,,,
2230,22/10/16 18:30:00,1.8,23.15,,,,,
2231,22/10/16 19:00:00,4.9,23.13,,,,,
2232,22/10/16 19:30:00,4.9,23.11,,,,,
2233,22/10/16 20:00:00,4.9,23.09,,,,,
2234,22/10/16 20:30:00,4.9,23.11,,,,,
2235,22/10/16 21:00:00,4.5,23.12,,,,,
2236,22/10/16 21:30:00,17.3,23.12,,,,,
2237,22/10/16 22:00:00,4.9,23.13,,,,,
2238,22/10/16 22:30:00,4.9,23.13,,,,,
2239,22/10/16 23:00:00,17.3,23.15,,,,,
2240,22/10/16 23:30:00,4.9,23.20,,,,,
2241,22/10/17 00:00:00,11.5,23.24,,,,,
2242,22/10/17 00:30:00,4.9,23.29,,,,,
2243,22/10/17 01:00:00,17.3,23.35,,,,,
2244,22/10/17 01:30:00,4.9,23.41,,,,,
2245,22/10/17 02:00:00,4.9,23.47,,,,,
2246,22/10/17 02:30:00,4.9,23.50,,,,,
2247,22/10/17 03:00:00,390.8,23.54,,,,,
2248,22/10/17 03:30:00,4.9,23.57,,,,,
2249,22/10/17 04:00:00,4.9,23.59,,,,,
2250,22/10/17 04:30:00,4.9,23.60,,,,,
2251,22/10/17 05:00:00,4.9,23.61,,,,,
2252,22/10/17 05:30:00,4.9,23.62,,,,,
2253,22/10/17 06:00:00,4.9,23.62,,,,,
2254,22/10/17 06:30:00,17.2,23.61,,,,,
2255,22/10/17 07:00:00,17.2,23.55,,,,,
2256,22/10/17 07:30:00,4.9,23.48,,,,,
2257,22/10/17 08:00:00,4.9,23.43,,,,,
2258,22/10/17 08:30:00,4.9,23.39,,,,,
2259,22/10/17 09:00:00,4.9,23.39,,,,,
2260,22/10/17 09:30:00,4.9,23.51,,,,,
2261,22/10/17 10:00:00,17.2,23.72,,,,,
2262,22/10/17 10:30:00,17.2,23.83,,,,,
2263,22/10/17 11:00:00,4.9,23.89,,,,,
2264,22/10/17 11:30:00,17.2,23.91,,,,,
2265,22/10/17 11:40:27,,,,Logged,,,
2266,22/10/17 11:40:40,,,,,Logged,,
2267,22/10/17 11:40:48,,,,,,Logged,Logged
