Plot Title: ACWA-PC15%,,,,,,,,
#,"Date Time, GMT-06:00","Full Range, μS/cm (LGR S/N: 20847370, SEN S/N: 20847370)","Temp, °C (LGR S/N: 20847370, SEN S/N: 20847370)",Coupler Detached (LGR S/N: 20847370),Coupler Attached (LGR S/N: 20847370),Host Connected (LGR S/N: 20847370),Stopped (LGR S/N: 20847370),End Of File (LGR S/N: 20847370)
1,22/08/31 08:00:00,5.6,22.19,Logged,,,,
2,22/08/31 08:30:00,5.6,21.64,,,,,
3,22/08/31 09:00:00,15.5,21.17,,,,,
4,22/08/31 09:30:00,5.6,20.96,,,,,
5,22/08/31 10:00:00,5.6,23.22,,,,,
6,22/08/31 10:30:00,5.6,27.36,,,,,
7,22/08/31 11:00:00,15.2,42.33,,,,,
8,22/08/31 11:30:00,5.5,36.62,,,,,
9,22/08/31 12:00:00,15.3,33.64,,,,,
10,22/08/31 12:30:00,427.5,19.62,,,,,
11,22/08/31 13:00:00,414.8,19.70,,,,,
12,22/08/31 13:30:00,400.0,19.78,,,,,
13,22/08/31 14:00:00,380.6,19.87,,,,,
14,22/08/31 14:30:00,415.1,19.94,,,,,
15,22/08/31 15:00:00,424.2,19.99,,,,,
16,22/08/31 15:30:00,422.6,20.01,,,,,
17,22/08/31 16:00:00,419.8,20.04,,,,,
18,22/08/31 16:30:00,418.2,20.01,,,,,
19,22/08/31 17:00:00,310.2,20.00,,,,,
20,22/08/31 17:30:00,268.2,19.98,,,,,
21,22/08/31 18:00:00,430.6,19.87,,,,,
22,22/08/31 18:30:00,430.2,19.80,,,,,
23,22/08/31 19:00:00,430.7,19.77,,,,,
24,22/08/31 19:30:00,431.4,19.82,,,,,
25,22/08/31 20:00:00,431.1,19.76,,,,,
26,22/08/31 20:30:00,429.9,19.76,,,,,
27,22/08/31 21:00:00,429.5,19.77,,,,,
28,22/08/31 21:30:00,429.1,19.77,,,,,
29,22/08/31 22:00:00,432.7,19.74,,,,,
30,22/08/31 22:30:00,432.3,19.76,,,,,
31,22/08/31 23:00:00,433.5,19.74,,,,,
32,22/08/31 23:30:00,431.9,19.70,,,,,
33,22/09/01 00:00:00,437.5,19.68,,,,,
34,22/09/01 00:30:00,437.1,19.66,,,,,
35,22/09/01 01:00:00,437.9,19.70,,,,,
36,22/09/01 01:30:00,437.1,19.61,,,,,
37,22/09/01 02:00:00,435.9,19.59,,,,,
38,22/09/01 02:30:00,435.5,19.55,,,,,
39,22/09/01 03:00:00,435.5,19.52,,,,,
40,22/09/01 03:30:00,434.4,19.45,,,,,
41,22/09/01 04:00:00,434.0,19.42,,,,,
42,22/09/01 04:30:00,433.2,19.39,,,,,
43,22/09/01 05:00:00,432.4,19.34,,,,,
44,22/09/01 05:30:00,431.7,19.31,,,,,
45,22/09/01 06:00:00,430.9,19.29,,,,,
46,22/09/01 06:30:00,430.1,19.24,,,,,
47,22/09/01 07:00:00,429.3,19.18,,,,,
48,22/09/01 07:30:00,428.1,19.15,,,,,
49,22/09/01 08:00:00,428.1,19.15,,,,,
50,22/09/01 08:30:00,428.2,19.12,,,,,
51,22/09/01 09:00:00,427.8,19.15,,,,,
52,22/09/01 09:30:00,426.9,19.18,,,,,
53,22/09/01 10:00:00,427.7,19.27,,,,,
54,22/09/01 10:30:00,426.9,19.24,,,,,
55,22/09/01 11:00:00,427.6,19.43,,,,,
56,22/09/01 11:30:00,426.8,19.50,,,,,
57,22/09/01 12:00:00,427.5,19.63,,,,,
58,22/09/01 12:30:00,425.9,19.65,,,,,
59,22/09/01 13:00:00,427.9,19.76,,,,,
60,22/09/01 13:30:00,429.0,19.90,,,,,
61,22/09/01 14:00:00,428.9,20.02,,,,,
62,22/09/01 14:30:00,427.5,19.74,,,,,
63,22/09/01 15:00:00,426.3,19.70,,,,,
64,22/09/01 15:30:00,423.9,19.66,,,,,
65,22/09/01 16:00:00,427.5,19.67,,,,,
66,22/09/01 16:30:00,430.2,19.99,,,,,
67,22/09/01 17:00:00,430.5,20.07,,,,,
68,22/09/01 17:30:00,429.0,19.85,,,,,
69,22/09/01 18:00:00,428.3,19.74,,,,,
70,22/09/01 18:30:00,427.9,19.66,,,,,
71,22/09/01 19:00:00,427.9,19.61,,,,,
72,22/09/01 19:30:00,428.4,19.56,,,,,
73,22/09/01 20:00:00,428.4,19.54,,,,,
74,22/09/01 20:30:00,428.8,19.55,,,,,
75,22/09/01 21:00:00,428.8,19.54,,,,,
76,22/09/01 21:30:00,429.2,19.57,,,,,
77,22/09/01 22:00:00,429.2,19.49,,,,,
78,22/09/01 22:30:00,428.8,19.40,,,,,
79,22/09/01 23:00:00,431.2,19.34,,,,,
80,22/09/01 23:30:00,431.3,19.28,,,,,
81,22/09/02 00:00:00,430.9,19.17,,,,,
82,22/09/02 00:30:00,430.2,19.12,,,,,
83,22/09/02 01:00:00,429.4,19.04,,,,,
84,22/09/02 01:30:00,429.0,18.98,,,,,
85,22/09/02 02:00:00,428.6,18.94,,,,,
86,22/09/02 02:30:00,427.9,18.92,,,,,
87,22/09/02 03:00:00,427.5,18.84,,,,,
88,22/09/02 03:30:00,427.1,18.78,,,,,
89,22/09/02 04:00:00,425.9,18.73,,,,,
90,22/09/02 04:30:00,425.6,18.67,,,,,
91,22/09/02 05:00:00,424.8,18.62,,,,,
92,22/09/02 05:30:00,424.4,18.56,,,,,
93,22/09/02 06:00:00,423.7,18.49,,,,,
94,22/09/02 06:30:00,422.1,18.43,,,,,
95,22/09/02 07:00:00,420.1,18.39,,,,,
96,22/09/02 07:30:00,418.5,18.36,,,,,
97,22/09/02 08:00:00,418.2,18.32,,,,,
98,22/09/02 08:30:00,418.2,18.33,,,,,
99,22/09/02 09:00:00,417.7,18.37,,,,,
100,22/09/02 09:30:00,418.1,18.44,,,,,
101,22/09/02 10:00:00,418.1,18.53,,,,,
102,22/09/02 10:30:00,418.4,18.65,,,,,
103,22/09/02 11:00:00,418.8,18.77,,,,,
104,22/09/02 11:30:00,418.7,18.84,,,,,
105,22/09/02 12:00:00,419.1,18.97,,,,,
106,22/09/02 12:30:00,419.0,19.09,,,,,
107,22/09/02 13:00:00,414.6,19.14,,,,,
108,22/09/02 13:30:00,417.8,19.18,,,,,
109,22/09/02 14:00:00,416.2,19.23,,,,,
110,22/09/02 14:30:00,420.9,19.28,,,,,
111,22/09/02 15:00:00,420.9,19.31,,,,,
112,22/09/02 15:30:00,420.1,19.33,,,,,
113,22/09/02 16:00:00,419.3,19.35,,,,,
114,22/09/02 16:30:00,418.9,19.34,,,,,
115,22/09/02 17:00:00,419.3,19.31,,,,,
116,22/09/02 17:30:00,418.5,19.26,,,,,
117,22/09/02 18:00:00,419.0,19.20,,,,,
118,22/09/02 18:30:00,417.8,19.12,,,,,
119,22/09/02 19:00:00,417.8,19.09,,,,,
120,22/09/02 19:30:00,417.8,19.09,,,,,
121,22/09/02 20:00:00,417.8,19.07,,,,,
122,22/09/02 20:30:00,418.6,19.09,,,,,
123,22/09/02 21:00:00,419.0,19.09,,,,,
124,22/09/02 21:30:00,419.8,19.11,,,,,
125,22/09/02 22:00:00,421.0,19.14,,,,,
126,22/09/02 22:30:00,421.4,19.14,,,,,
127,22/09/02 23:00:00,422.6,19.14,,,,,
128,22/09/02 23:30:00,425.4,19.14,,,,,
129,22/09/03 00:00:00,426.2,19.14,,,,,
130,22/09/03 00:30:00,426.2,19.09,,,,,
131,22/09/03 01:00:00,425.8,19.03,,,,,
132,22/09/03 01:30:00,425.0,18.97,,,,,
133,22/09/03 02:00:00,423.9,18.94,,,,,
134,22/09/03 02:30:00,423.1,18.89,,,,,
135,22/09/03 03:00:00,422.3,18.84,,,,,
136,22/09/03 03:30:00,421.9,18.79,,,,,
137,22/09/03 04:00:00,421.6,18.72,,,,,
138,22/09/03 04:30:00,420.4,18.69,,,,,
139,22/09/03 05:00:00,419.6,18.62,,,,,
140,22/09/03 05:30:00,418.8,18.60,,,,,
141,22/09/03 06:00:00,418.1,18.53,,,,,
142,22/09/03 06:30:00,418.1,18.49,,,,,
143,22/09/03 07:00:00,416.9,18.43,,,,,
144,22/09/03 07:30:00,416.5,18.37,,,,,
145,22/09/03 08:00:00,416.2,18.36,,,,,
146,22/09/03 08:30:00,416.1,18.39,,,,,
147,22/09/03 09:00:00,415.3,18.39,,,,,
148,22/09/03 09:30:00,414.9,18.39,,,,,
149,22/09/03 10:00:00,414.5,18.45,,,,,
150,22/09/03 10:30:00,414.5,18.50,,,,,
151,22/09/03 11:00:00,414.5,18.56,,,,,
152,22/09/03 11:30:00,414.4,18.66,,,,,
153,22/09/03 12:00:00,412.4,18.82,,,,,
154,22/09/03 12:30:00,408.8,18.90,,,,,
155,22/09/03 13:00:00,405.6,18.93,,,,,
156,22/09/03 13:30:00,408.7,19.01,,,,,
157,22/09/03 14:00:00,415.1,19.04,,,,,
158,22/09/03 14:30:00,411.1,19.07,,,,,
159,22/09/03 15:00:00,407.9,19.10,,,,,
160,22/09/03 15:30:00,412.3,19.06,,,,,
161,22/09/03 16:00:00,410.3,18.97,,,,,
162,22/09/03 16:30:00,405.6,18.89,,,,,
163,22/09/03 17:00:00,413.1,18.89,,,,,
164,22/09/03 17:30:00,413.5,18.87,,,,,
165,22/09/03 18:00:00,414.0,18.83,,,,,
166,22/09/03 18:30:00,413.2,18.77,,,,,
167,22/09/03 19:00:00,412.0,18.71,,,,,
168,22/09/03 19:30:00,411.2,18.67,,,,,
169,22/09/03 20:00:00,412.0,18.66,,,,,
170,22/09/03 20:30:00,411.7,18.64,,,,,
171,22/09/03 21:00:00,410.8,18.67,,,,,
172,22/09/03 21:30:00,412.4,18.71,,,,,
173,22/09/03 22:00:00,413.2,18.72,,,,,
174,22/09/03 22:30:00,414.8,18.75,,,,,
175,22/09/03 23:00:00,415.2,18.76,,,,,
176,22/09/03 23:30:00,415.2,18.75,,,,,
177,22/09/04 00:00:00,415.6,18.71,,,,,
178,22/09/04 00:30:00,414.4,18.69,,,,,
179,22/09/04 01:00:00,420.8,18.67,,,,,
180,22/09/04 01:30:00,420.0,18.64,,,,,
181,22/09/04 02:00:00,419.2,18.58,,,,,
182,22/09/04 02:30:00,417.7,18.53,,,,,
183,22/09/04 03:00:00,416.9,18.50,,,,,
184,22/09/04 03:30:00,416.5,18.45,,,,,
185,22/09/04 04:00:00,415.7,18.42,,,,,
186,22/09/04 04:30:00,415.3,18.41,,,,,
187,22/09/04 05:00:00,414.2,18.34,,,,,
188,22/09/04 05:30:00,413.4,18.31,,,,,
189,22/09/04 06:00:00,412.6,18.28,,,,,
190,22/09/04 06:30:00,412.6,18.23,,,,,
191,22/09/04 07:00:00,413.4,18.17,,,,,
192,22/09/04 07:30:00,413.1,18.16,,,,,
193,22/09/04 08:00:00,412.7,18.17,,,,,
194,22/09/04 08:30:00,412.6,18.19,,,,,
195,22/09/04 09:00:00,412.2,18.23,,,,,
196,22/09/04 09:30:00,412.6,18.28,,,,,
197,22/09/04 10:00:00,412.6,18.32,,,,,
198,22/09/04 10:30:00,412.1,18.43,,,,,
199,22/09/04 11:00:00,411.3,18.53,,,,,
200,22/09/04 11:30:00,412.1,18.61,,,,,
201,22/09/04 12:00:00,410.4,18.73,,,,,
202,22/09/04 12:30:00,407.2,18.78,,,,,
203,22/09/04 13:00:00,406.8,18.86,,,,,
204,22/09/04 13:30:00,414.3,18.94,,,,,
205,22/09/04 14:00:00,414.3,19.01,,,,,
206,22/09/04 14:30:00,412.6,19.10,,,,,
207,22/09/04 15:00:00,405.5,19.15,,,,,
208,22/09/04 15:30:00,405.8,19.20,,,,,
209,22/09/04 16:00:00,415.0,19.21,,,,,
210,22/09/04 16:30:00,411.8,19.20,,,,,
211,22/09/04 17:00:00,409.0,19.15,,,,,
212,22/09/04 17:30:00,403.5,19.09,,,,,
213,22/09/04 18:00:00,395.2,19.07,,,,,
214,22/09/04 18:30:00,386.9,18.95,,,,,
215,22/09/04 19:00:00,410.7,18.90,,,,,
216,22/09/04 19:30:00,409.5,18.95,,,,,
217,22/09/04 20:00:00,408.3,18.97,,,,,
218,22/09/04 20:30:00,406.3,18.99,,,,,
219,22/09/04 21:00:00,406.7,19.01,,,,,
220,22/09/04 21:30:00,407.1,19.03,,,,,
221,22/09/04 22:00:00,414.3,19.03,,,,,
222,22/09/04 22:30:00,413.9,19.03,,,,,
223,22/09/04 23:00:00,413.9,19.00,,,,,
224,22/09/04 23:30:00,413.1,19.01,,,,,
225,22/09/05 00:00:00,412.3,18.94,,,,,
226,22/09/05 00:30:00,419.9,18.87,,,,,
227,22/09/05 01:00:00,418.8,18.78,,,,,
228,22/09/05 01:30:00,418.8,18.72,,,,,
229,22/09/05 02:00:00,418.0,18.66,,,,,
230,22/09/05 02:30:00,417.6,18.61,,,,,
231,22/09/05 03:00:00,418.0,18.60,,,,,
232,22/09/05 03:30:00,417.3,18.55,,,,,
233,22/09/05 04:00:00,416.5,18.49,,,,,
234,22/09/05 04:30:00,416.1,18.42,,,,,
235,22/09/05 05:00:00,415.7,18.41,,,,,
236,22/09/05 05:30:00,416.6,18.36,,,,,
237,22/09/05 06:00:00,415.4,18.33,,,,,
238,22/09/05 06:30:00,414.6,18.30,,,,,
239,22/09/05 07:00:00,413.4,18.19,,,,,
240,22/09/05 07:30:00,413.1,18.14,,,,,
241,22/09/05 08:00:00,412.7,18.17,,,,,
242,22/09/05 08:30:00,412.3,18.14,,,,,
243,22/09/05 09:00:00,412.3,18.14,,,,,
244,22/09/05 09:30:00,411.9,18.19,,,,,
245,22/09/05 10:00:00,412.2,18.25,,,,,
246,22/09/05 10:30:00,412.6,18.37,,,,,
247,22/09/05 11:00:00,412.9,18.45,,,,,
248,22/09/05 11:30:00,412.1,18.54,,,,,
249,22/09/05 12:00:00,410.5,18.64,,,,,
250,22/09/05 12:30:00,405.7,18.67,,,,,
251,22/09/05 13:00:00,412.4,18.79,,,,,
252,22/09/05 13:30:00,410.8,18.84,,,,,
253,22/09/05 14:00:00,411.1,18.89,,,,,
254,22/09/05 14:30:00,412.3,18.93,,,,,
255,22/09/05 15:00:00,413.5,18.99,,,,,
256,22/09/05 15:30:00,408.0,18.77,,,,,
257,22/09/05 16:00:00,409.6,18.90,,,,,
258,22/09/05 16:30:00,404.4,18.90,,,,,
259,22/09/05 17:00:00,411.9,18.88,,,,,
260,22/09/05 17:30:00,410.4,18.79,,,,,
261,22/09/05 18:00:00,407.7,18.70,,,,,
262,22/09/05 18:30:00,408.9,18.64,,,,,
263,22/09/05 19:00:00,406.5,18.61,,,,,
264,22/09/05 19:30:00,410.1,18.61,,,,,
265,22/09/05 20:00:00,408.9,18.58,,,,,
266,22/09/05 20:30:00,407.3,18.59,,,,,
267,22/09/05 21:00:00,408.9,18.56,,,,,
268,22/09/05 21:30:00,407.3,18.51,,,,,
269,22/09/05 22:00:00,407.0,18.45,,,,,
270,22/09/05 22:30:00,406.6,18.39,,,,,
271,22/09/05 23:00:00,411.0,18.31,,,,,
272,22/09/05 23:30:00,411.8,18.27,,,,,
273,22/09/06 00:00:00,412.2,18.21,,,,,
274,22/09/06 00:30:00,412.7,18.14,,,,,
275,22/09/06 01:00:00,412.3,18.05,,,,,
276,22/09/06 01:30:00,412.7,18.00,,,,,
277,22/09/06 02:00:00,412.0,17.95,,,,,
278,22/09/06 02:30:00,412.0,17.89,,,,,
279,22/09/06 03:00:00,411.2,17.85,,,,,
280,22/09/06 03:30:00,410.0,17.78,,,,,
281,22/09/06 04:00:00,409.3,17.74,,,,,
282,22/09/06 04:30:00,409.3,17.68,,,,,
283,22/09/06 05:00:00,407.7,17.63,,,,,
284,22/09/06 05:30:00,407.0,17.54,,,,,
285,22/09/06 06:00:00,406.2,17.48,,,,,
286,22/09/06 06:30:00,405.0,17.44,,,,,
287,22/09/06 07:00:00,404.2,17.37,,,,,
288,22/09/06 07:30:00,403.5,17.31,,,,,
289,22/09/06 08:00:00,402.7,17.29,,,,,
290,22/09/06 08:30:00,402.7,17.29,,,,,
291,22/09/06 09:00:00,403.1,17.31,,,,,
292,22/09/06 09:30:00,403.4,17.38,,,,,
293,22/09/06 10:00:00,403.0,17.38,,,,,
294,22/09/06 10:30:00,401.0,17.42,,,,,
295,22/09/06 11:00:00,399.4,17.47,,,,,
296,22/09/06 11:30:00,397.8,17.55,,,,,
297,22/09/06 12:00:00,395.7,17.70,,,,,
298,22/09/06 12:30:00,406.1,17.75,,,,,
299,22/09/06 13:00:00,401.3,17.83,,,,,
300,22/09/06 13:30:00,399.6,17.87,,,,,
301,22/09/06 14:00:00,397.2,17.94,,,,,
302,22/09/06 14:30:00,394.8,17.98,,,,,
303,22/09/06 15:00:00,401.2,18.03,,,,,
304,22/09/06 15:30:00,401.6,18.02,,,,,
305,22/09/06 16:00:00,401.2,18.08,,,,,
306,22/09/06 16:30:00,400.4,18.03,,,,,
307,22/09/06 17:00:00,398.4,18.03,,,,,
308,22/09/06 17:30:00,396.8,17.98,,,,,
309,22/09/06 18:00:00,395.3,17.92,,,,,
310,22/09/06 18:30:00,390.5,17.91,,,,,
311,22/09/06 19:00:00,396.5,17.87,,,,,
312,22/09/06 19:30:00,395.6,17.93,,,,,
313,22/09/06 20:00:00,401.6,17.93,,,,,
314,22/09/06 20:30:00,402.4,17.93,,,,,
315,22/09/06 21:00:00,403.6,17.91,,,,,
316,22/09/06 21:30:00,404.0,17.87,,,,,
317,22/09/06 22:00:00,404.4,17.83,,,,,
318,22/09/06 22:30:00,404.9,17.80,,,,,
319,22/09/06 23:00:00,405.7,17.76,,,,,
320,22/09/06 23:30:00,406.1,17.74,,,,,
321,22/09/07 00:00:00,405.7,17.69,,,,,
322,22/09/07 00:30:00,404.5,17.65,,,,,
323,22/09/07 01:00:00,404.5,17.60,,,,,
324,22/09/07 01:30:00,404.5,17.58,,,,,
325,22/09/07 02:00:00,404.2,17.54,,,,,
326,22/09/07 02:30:00,404.2,17.47,,,,,
327,22/09/07 03:00:00,403.8,17.46,,,,,
328,22/09/07 03:30:00,403.0,17.41,,,,,
329,22/09/07 04:00:00,402.6,17.37,,,,,
330,22/09/07 04:30:00,402.7,17.31,,,,,
331,22/09/07 05:00:00,415.4,17.29,,,,,
332,22/09/07 05:30:00,409.5,17.25,,,,,
333,22/09/07 06:00:00,402.3,17.20,,,,,
334,22/09/07 06:30:00,401.5,17.16,,,,,
335,22/09/07 07:00:00,403.2,17.10,,,,,
336,22/09/07 07:30:00,400.0,17.07,,,,,
337,22/09/07 08:00:00,400.0,17.05,,,,,
338,22/09/07 08:30:00,399.6,17.05,,,,,
339,22/09/07 09:00:00,400.4,17.13,,,,,
340,22/09/07 09:30:00,401.5,17.20,,,,,
341,22/09/07 10:00:00,400.7,17.27,,,,,
342,22/09/07 10:30:00,400.6,17.40,,,,,
343,22/09/07 11:00:00,400.2,17.46,,,,,
344,22/09/07 11:30:00,391.5,17.48,,,,,
345,22/09/07 12:00:00,398.2,17.55,,,,,
346,22/09/07 12:30:00,393.4,17.53,,,,,
347,22/09/07 13:00:00,391.0,17.60,,,,,
348,22/09/07 13:30:00,385.4,17.74,,,,,
349,22/09/07 14:00:00,375.9,17.66,,,,,
350,22/09/07 14:30:00,365.9,17.81,,,,,
351,22/09/07 15:00:00,400.7,18.11,,,,,
352,22/09/07 15:30:00,390.9,17.78,,,,,
353,22/09/07 16:00:00,382.2,17.80,,,,,
354,22/09/07 16:30:00,380.1,18.03,,,,,
355,22/09/07 17:00:00,388.9,17.91,,,,,
356,22/09/07 17:30:00,377.0,17.83,,,,,
357,22/09/07 18:00:00,389.0,17.77,,,,,
358,22/09/07 18:30:00,388.6,17.70,,,,,
359,22/09/07 19:00:00,385.4,17.68,,,,,
360,22/09/07 19:30:00,383.4,17.69,,,,,
361,22/09/07 20:00:00,390.2,17.72,,,,,
362,22/09/07 20:30:00,389.4,17.75,,,,,
363,22/09/07 21:00:00,388.2,17.72,,,,,
364,22/09/07 21:30:00,387.8,17.69,,,,,
365,22/09/07 22:00:00,388.6,17.65,,,,,
366,22/09/07 22:30:00,388.2,17.63,,,,,
367,22/09/07 23:00:00,387.4,17.61,,,,,
368,22/09/07 23:30:00,385.9,17.49,,,,,
369,22/09/08 00:00:00,384.3,17.47,,,,,
370,22/09/08 00:30:00,402.2,17.42,,,,,
371,22/09/08 01:00:00,403.0,17.40,,,,,
372,22/09/08 01:30:00,402.6,17.38,,,,,
373,22/09/08 02:00:00,403.1,17.33,,,,,
374,22/09/08 02:30:00,402.7,17.29,,,,,
375,22/09/08 03:00:00,402.7,17.26,,,,,
376,22/09/08 03:30:00,402.7,17.25,,,,,
377,22/09/08 04:00:00,401.9,17.14,,,,,
378,22/09/08 04:30:00,402.0,17.12,,,,,
379,22/09/08 05:00:00,401.6,17.10,,,,,
380,22/09/08 05:30:00,400.8,17.08,,,,,
381,22/09/08 06:00:00,401.2,17.03,,,,,
382,22/09/08 06:30:00,400.0,16.99,,,,,
383,22/09/08 07:00:00,399.6,16.97,,,,,
384,22/09/08 07:30:00,399.2,16.94,,,,,
385,22/09/08 08:00:00,400.0,16.97,,,,,
386,22/09/08 08:30:00,399.2,16.93,,,,,
387,22/09/08 09:00:00,398.9,16.92,,,,,
388,22/09/08 09:30:00,399.2,16.96,,,,,
389,22/09/08 10:00:00,399.6,17.07,,,,,
390,22/09/08 10:30:00,398.4,16.98,,,,,
391,22/09/08 11:00:00,397.2,17.01,,,,,
392,22/09/08 11:30:00,395.2,17.03,,,,,
393,22/09/08 12:00:00,394.8,17.08,,,,,
394,22/09/08 12:30:00,390.8,17.24,,,,,
395,22/09/08 13:00:00,383.5,17.40,,,,,
396,22/09/08 13:30:00,383.6,17.19,,,,,
397,22/09/08 14:00:00,377.3,17.18,,,,,
398,22/09/08 14:30:00,392.0,17.16,,,,,
399,22/09/08 15:00:00,389.3,17.01,,,,,
400,22/09/08 15:30:00,397.0,17.48,,,,,
401,22/09/08 16:00:00,395.5,17.40,,,,,
402,22/09/08 16:30:00,390.7,17.38,,,,,
403,22/09/08 17:00:00,392.8,17.20,,,,,
404,22/09/08 17:30:00,391.7,16.97,,,,,
405,22/09/08 18:00:00,395.2,17.01,,,,,
406,22/09/08 18:30:00,396.0,17.03,,,,,
407,22/09/08 19:00:00,396.8,17.05,,,,,
408,22/09/08 19:30:00,396.5,16.96,,,,,
409,22/09/08 20:00:00,395.3,16.92,,,,,
410,22/09/08 20:30:00,393.3,16.82,,,,,
411,22/09/08 21:00:00,395.7,16.81,,,,,
412,22/09/08 21:30:00,393.4,16.75,,,,,
413,22/09/08 22:00:00,397.4,16.68,,,,,
414,22/09/08 22:30:00,397.4,16.64,,,,,
415,22/09/08 23:00:00,398.6,16.63,,,,,
416,22/09/08 23:30:00,398.6,16.60,,,,,
417,22/09/09 00:00:00,399.0,16.56,,,,,
418,22/09/09 00:30:00,398.3,16.46,,,,,
419,22/09/09 01:00:00,394.0,16.23,,,,,
420,22/09/09 01:30:00,394.0,16.25,,,,,
421,22/09/09 02:00:00,392.8,16.19,,,,,
422,22/09/09 02:30:00,394.8,16.11,,,,,
423,22/09/09 03:00:00,396.0,16.09,,,,,
424,22/09/09 03:30:00,396.1,16.00,,,,,
425,22/09/09 04:00:00,395.7,15.97,,,,,
426,22/09/09 04:30:00,395.3,15.96,,,,,
427,22/09/09 05:00:00,395.7,15.91,,,,,
428,22/09/09 05:30:00,395.3,15.84,,,,,
429,22/09/09 06:00:00,395.0,15.75,,,,,
430,22/09/09 06:30:00,394.6,15.70,,,,,
431,22/09/09 07:00:00,393.4,15.65,,,,,
432,22/09/09 07:30:00,392.6,15.63,,,,,
433,22/09/09 08:00:00,392.6,15.58,,,,,
434,22/09/09 08:30:00,392.6,15.58,,,,,
435,22/09/09 09:00:00,393.4,15.63,,,,,
436,22/09/09 09:30:00,394.2,15.68,,,,,
437,22/09/09 10:00:00,396.1,15.78,,,,,
438,22/09/09 10:30:00,397.3,15.90,,,,,
439,22/09/09 11:00:00,397.2,16.01,,,,,
440,22/09/09 11:30:00,389.3,16.00,,,,,
441,22/09/09 12:00:00,397.2,16.17,,,,,
442,22/09/09 12:30:00,391.6,16.14,,,,,
443,22/09/09 13:00:00,394.0,16.07,,,,,
444,22/09/09 13:30:00,391.6,16.12,,,,,
445,22/09/09 14:00:00,389.1,16.34,,,,,
446,22/09/09 14:30:00,380.9,16.01,,,,,
447,22/09/09 15:00:00,398.3,16.46,,,,,
448,22/09/09 15:30:00,400.2,16.53,,,,,
449,22/09/09 16:00:00,400.2,16.56,,,,,
450,22/09/09 16:30:00,398.6,16.54,,,,,
451,22/09/09 17:00:00,399.8,16.52,,,,,
452,22/09/09 17:30:00,397.5,16.43,,,,,
453,22/09/09 18:00:00,395.1,16.35,,,,,
454,22/09/09 18:30:00,392.7,16.29,,,,,
455,22/09/09 19:00:00,390.4,16.25,,,,,
456,22/09/09 19:30:00,388.4,16.25,,,,,
457,22/09/09 20:00:00,386.8,16.30,,,,,
458,22/09/09 20:30:00,384.8,16.31,,,,,
459,22/09/09 21:00:00,384.4,16.31,,,,,
460,22/09/09 21:30:00,396.7,16.30,,,,,
461,22/09/09 22:00:00,401.1,16.26,,,,,
462,22/09/09 22:30:00,401.5,16.23,,,,,
463,22/09/09 23:00:00,401.2,16.17,,,,,
464,22/09/09 23:30:00,401.2,16.12,,,,,
465,22/09/10 00:00:00,400.4,16.07,,,,,
466,22/09/10 00:30:00,400.8,16.04,,,,,
467,22/09/10 01:00:00,403.2,15.98,,,,,
468,22/09/10 01:30:00,403.3,15.92,,,,,
469,22/09/10 02:00:00,403.3,15.86,,,,,
470,22/09/10 02:30:00,401.7,15.84,,,,,
471,22/09/10 03:00:00,401.3,15.76,,,,,
472,22/09/10 03:30:00,401.0,15.72,,,,,
473,22/09/10 04:00:00,400.6,15.67,,,,,
474,22/09/10 04:30:00,399.4,15.62,,,,,
475,22/09/10 05:00:00,399.0,15.56,,,,,
476,22/09/10 05:30:00,398.3,15.51,,,,,
477,22/09/10 06:00:00,397.5,15.47,,,,,
478,22/09/10 06:30:00,397.5,15.40,,,,,
479,22/09/10 07:00:00,396.7,15.36,,,,,
480,22/09/10 07:30:00,396.3,15.33,,,,,
481,22/09/10 08:00:00,395.5,15.31,,,,,
482,22/09/10 08:30:00,395.5,15.31,,,,,
483,22/09/10 09:00:00,395.9,15.39,,,,,
484,22/09/10 09:30:00,396.3,15.48,,,,,
485,22/09/10 10:00:00,397.0,15.59,,,,,
486,22/09/10 10:30:00,397.4,15.69,,,,,
487,22/09/10 11:00:00,399.3,15.81,,,,,
488,22/09/10 11:30:00,398.1,15.84,,,,,
489,22/09/10 12:00:00,399.7,15.92,,,,,
490,22/09/10 12:30:00,399.6,16.00,,,,,
491,22/09/10 13:00:00,400.0,16.09,,,,,
492,22/09/10 13:30:00,400.8,16.17,,,,,
493,22/09/10 14:00:00,400.7,16.24,,,,,
494,22/09/10 14:30:00,399.9,16.31,,,,,
495,22/09/10 15:00:00,397.9,16.36,,,,,
496,22/09/10 15:30:00,398.7,16.42,,,,,
497,22/09/10 16:00:00,391.5,16.41,,,,,
498,22/09/10 16:30:00,386.3,16.43,,,,,
499,22/09/10 17:00:00,400.7,16.42,,,,,
500,22/09/10 17:30:00,400.2,16.45,,,,,
501,22/09/10 18:00:00,398.3,16.39,,,,,
502,22/09/10 18:30:00,392.7,16.36,,,,,
503,22/09/10 19:00:00,389.1,16.35,,,,,
504,22/09/10 19:30:00,386.4,16.35,,,,,
505,22/09/10 20:00:00,400.3,16.36,,,,,
506,22/09/10 20:30:00,400.7,16.37,,,,,
507,22/09/10 21:00:00,401.1,16.42,,,,,
508,22/09/10 21:30:00,401.8,16.43,,,,,
509,22/09/10 22:00:00,402.2,16.46,,,,,
510,22/09/10 22:30:00,402.6,16.47,,,,,
511,22/09/10 23:00:00,403.0,16.48,,,,,
512,22/09/10 23:30:00,403.4,16.48,,,,,
513,22/09/11 00:00:00,406.6,16.45,,,,,
514,22/09/11 00:30:00,407.8,16.43,,,,,
515,22/09/11 01:00:00,407.0,16.41,,,,,
516,22/09/11 01:30:00,405.5,16.36,,,,,
517,22/09/11 02:00:00,405.5,16.26,,,,,
518,22/09/11 02:30:00,404.3,16.20,,,,,
519,22/09/11 03:00:00,403.2,16.14,,,,,
520,22/09/11 03:30:00,401.6,16.11,,,,,
521,22/09/11 04:00:00,404.4,16.04,,,,,
522,22/09/11 04:30:00,401.3,15.95,,,,,
523,22/09/11 05:00:00,400.1,15.96,,,,,
524,22/09/11 05:30:00,398.9,15.92,,,,,
525,22/09/11 06:00:00,398.9,15.84,,,,,
526,22/09/11 06:30:00,398.5,15.81,,,,,
527,22/09/11 07:00:00,397.3,15.81,,,,,
528,22/09/11 07:30:00,396.6,15.74,,,,,
529,22/09/11 08:00:00,396.2,15.74,,,,,
530,22/09/11 08:30:00,395.4,15.76,,,,,
531,22/09/11 09:00:00,394.9,15.79,,,,,
532,22/09/11 09:30:00,394.9,15.84,,,,,
533,22/09/11 10:00:00,395.3,16.00,,,,,
534,22/09/11 10:30:00,394.0,16.13,,,,,
535,22/09/11 11:00:00,393.6,16.21,,,,,
536,22/09/11 11:30:00,390.3,16.34,,,,,
537,22/09/11 12:00:00,374.0,16.43,,,,,
538,22/09/11 12:30:00,401.0,16.54,,,,,
539,22/09/11 13:00:00,398.2,16.54,,,,,
540,22/09/11 13:30:00,391.9,16.40,,,,,
541,22/09/11 14:00:00,387.4,16.59,,,,,
542,22/09/11 14:30:00,406.5,16.65,,,,,
543,22/09/11 15:00:00,395.4,16.56,,,,,
544,22/09/11 15:30:00,402.2,16.58,,,,,
545,22/09/11 16:00:00,402.2,16.60,,,,,
546,22/09/11 16:30:00,402.5,16.73,,,,,
547,22/09/11 17:00:00,402.1,16.70,,,,,
548,22/09/11 17:30:00,400.2,16.68,,,,,
549,22/09/11 18:00:00,399.0,16.68,,,,,
550,22/09/11 18:30:00,398.5,16.71,,,,,
551,22/09/11 19:00:00,397.3,16.77,,,,,
552,22/09/11 19:30:00,396.5,16.80,,,,,
553,22/09/11 20:00:00,394.2,16.71,,,,,
554,22/09/11 20:30:00,402.5,16.69,,,,,
555,22/09/11 21:00:00,402.9,16.70,,,,,
556,22/09/11 21:30:00,402.9,16.73,,,,,
557,22/09/11 22:00:00,402.5,16.73,,,,,
558,22/09/11 22:30:00,402.1,16.71,,,,,
559,22/09/11 23:00:00,402.1,16.73,,,,,
560,22/09/11 23:30:00,402.9,16.69,,,,,
561,22/09/12 00:00:00,403.0,16.64,,,,,
562,22/09/12 00:30:00,403.8,16.59,,,,,
563,22/09/12 01:00:00,404.2,16.56,,,,,
564,22/09/12 01:30:00,404.2,16.52,,,,,
565,22/09/12 02:00:00,404.2,16.47,,,,,
566,22/09/12 02:30:00,404.2,16.45,,,,,
567,22/09/12 03:00:00,404.2,16.42,,,,,
568,22/09/12 03:30:00,404.3,16.36,,,,,
569,22/09/12 04:00:00,403.9,16.32,,,,,
570,22/09/12 04:30:00,403.9,16.28,,,,,
571,22/09/12 05:00:00,403.1,16.24,,,,,
572,22/09/12 05:30:00,402.3,16.21,,,,,
573,22/09/12 06:00:00,402.4,16.18,,,,,
574,22/09/12 06:30:00,402.4,16.09,,,,,
575,22/09/12 07:00:00,401.6,16.07,,,,,
576,22/09/12 07:30:00,400.4,16.04,,,,,
577,22/09/12 08:00:00,400.4,16.02,,,,,
578,22/09/12 08:30:00,400.4,16.06,,,,,
579,22/09/12 09:00:00,400.4,16.11,,,,,
580,22/09/12 09:30:00,400.8,16.08,,,,,
581,22/09/12 10:00:00,403.6,16.11,,,,,
582,22/09/12 10:30:00,401.2,16.17,,,,,
583,22/09/12 11:00:00,401.5,16.20,,,,,
584,22/09/12 11:30:00,401.9,16.31,,,,,
585,22/09/12 12:00:00,402.3,16.39,,,,,
586,22/09/12 12:30:00,401.1,16.32,,,,,
587,22/09/12 13:00:00,401.1,16.32,,,,,
588,22/09/12 13:30:00,401.8,16.43,,,,,
589,22/09/12 14:00:00,401.5,16.37,,,,,
590,22/09/12 14:30:00,401.5,16.41,,,,,
591,22/09/12 15:00:00,401.0,16.48,,,,,
592,22/09/12 15:30:00,398.7,16.39,,,,,
593,22/09/12 16:00:00,396.7,16.28,,,,,
594,22/09/12 16:30:00,398.7,16.30,,,,,
595,22/09/12 17:00:00,397.9,16.30,,,,,
596,22/09/12 17:30:00,395.1,16.32,,,,,
597,22/09/12 18:00:00,396.7,16.31,,,,,
598,22/09/12 18:30:00,395.9,16.30,,,,,
599,22/09/12 19:00:00,394.7,16.30,,,,,
600,22/09/12 19:30:00,393.9,16.28,,,,,
601,22/09/12 20:00:00,390.0,16.21,,,,,
602,22/09/12 20:30:00,391.2,16.23,,,,,
603,22/09/12 21:00:00,390.0,16.21,,,,,
604,22/09/12 21:30:00,388.4,16.20,,,,,
605,22/09/12 22:00:00,386.8,16.13,,,,,
606,22/09/12 22:30:00,384.9,16.07,,,,,
607,22/09/12 23:00:00,383.3,16.06,,,,,
608,22/09/12 23:30:00,382.5,16.04,,,,,
609,22/09/13 00:00:00,382.1,16.02,,,,,
610,22/09/13 00:30:00,380.5,16.00,,,,,
611,22/09/13 01:00:00,378.9,15.97,,,,,
612,22/09/13 01:30:00,403.3,15.92,,,,,
613,22/09/13 02:00:00,404.1,15.85,,,,,
614,22/09/13 02:30:00,404.1,15.81,,,,,
615,22/09/13 03:00:00,404.9,15.78,,,,,
616,22/09/13 03:30:00,405.7,15.78,,,,,
617,22/09/13 04:00:00,406.1,15.75,,,,,
618,22/09/13 04:30:00,405.3,15.78,,,,,
619,22/09/13 05:00:00,404.9,15.76,,,,,
620,22/09/13 05:30:00,405.3,15.74,,,,,
621,22/09/13 06:00:00,405.3,15.70,,,,,
622,22/09/13 06:30:00,405.4,15.69,,,,,
623,22/09/13 07:00:00,405.8,15.67,,,,,
624,22/09/13 07:30:00,405.4,15.65,,,,,
625,22/09/13 08:00:00,404.6,15.67,,,,,
626,22/09/13 08:30:00,404.6,15.69,,,,,
627,22/09/13 09:00:00,404.1,15.72,,,,,
628,22/09/13 09:30:00,404.5,15.75,,,,,
629,22/09/13 10:00:00,403.7,15.74,,,,,
630,22/09/13 10:30:00,404.1,15.84,,,,,
631,22/09/13 11:00:00,405.2,16.00,,,,,
632,22/09/13 11:30:00,404.1,15.93,,,,,
633,22/09/13 12:00:00,405.1,16.20,,,,,
634,22/09/13 12:30:00,401.9,16.20,,,,,
635,22/09/13 13:00:00,399.9,16.35,,,,,
636,22/09/13 13:30:00,405.2,16.15,,,,,
637,22/09/13 14:00:00,404.3,16.25,,,,,
638,22/09/13 14:30:00,402.7,16.39,,,,,
639,22/09/13 15:00:00,401.4,16.48,,,,,
640,22/09/13 15:30:00,408.6,16.48,,,,,
641,22/09/13 16:00:00,408.2,16.49,,,,,
642,22/09/13 16:30:00,407.0,16.45,,,,,
643,22/09/13 17:00:00,405.4,16.41,,,,,
644,22/09/13 17:30:00,404.7,16.37,,,,,
645,22/09/13 18:00:00,403.1,16.41,,,,,
646,22/09/13 18:30:00,406.6,16.45,,,,,
647,22/09/13 19:00:00,407.0,16.48,,,,,
648,22/09/13 19:30:00,406.6,16.46,,,,,
649,22/09/13 20:00:00,407.0,16.46,,,,,
650,22/09/13 20:30:00,407.0,16.46,,,,,
651,22/09/13 21:00:00,407.0,16.52,,,,,
652,22/09/13 21:30:00,406.6,16.53,,,,,
653,22/09/13 22:00:00,406.6,16.51,,,,,
654,22/09/13 22:30:00,406.6,16.51,,,,,
655,22/09/13 23:00:00,407.0,16.51,,,,,
656,22/09/13 23:30:00,406.6,16.48,,,,,
657,22/09/14 00:00:00,406.6,16.49,,,,,
658,22/09/14 00:30:00,406.6,16.48,,,,,
659,22/09/14 01:00:00,407.0,16.48,,,,,
660,22/09/14 01:30:00,411.4,16.45,,,,,
661,22/09/14 02:00:00,411.8,16.37,,,,,
662,22/09/14 02:30:00,411.0,16.37,,,,,
663,22/09/14 03:00:00,410.7,16.32,,,,,
664,22/09/14 03:30:00,410.7,16.32,,,,,
665,22/09/14 04:00:00,410.7,16.30,,,,,
666,22/09/14 04:30:00,409.9,16.24,,,,,
667,22/09/14 05:00:00,408.7,16.19,,,,,
668,22/09/14 05:30:00,408.8,16.13,,,,,
669,22/09/14 06:00:00,408.0,16.11,,,,,
670,22/09/14 06:30:00,408.8,16.08,,,,,
671,22/09/14 07:00:00,408.8,16.06,,,,,
672,22/09/14 07:30:00,408.4,16.01,,,,,
673,22/09/14 08:00:00,407.2,16.00,,,,,
674,22/09/14 08:30:00,407.6,16.01,,,,,
675,22/09/14 09:00:00,407.2,16.03,,,,,
676,22/09/14 09:30:00,408.4,16.09,,,,,
677,22/09/14 10:00:00,408.7,16.17,,,,,
678,22/09/14 10:30:00,409.1,16.26,,,,,
679,22/09/14 11:00:00,409.9,16.36,,,,,
680,22/09/14 11:30:00,411.0,16.43,,,,,
681,22/09/14 12:00:00,411.8,16.48,,,,,
682,22/09/14 12:30:00,410.6,16.58,,,,,
683,22/09/14 13:00:00,408.5,16.68,,,,,
684,22/09/14 13:30:00,412.5,16.74,,,,,
685,22/09/14 14:00:00,411.2,16.85,,,,,
686,22/09/14 14:30:00,409.6,16.92,,,,,
687,22/09/14 15:00:00,321.5,16.77,,,,,
688,22/09/14 15:30:00,291.1,16.74,,,,,
689,22/09/14 16:00:00,403.6,16.97,,,,,
690,22/09/14 16:30:00,399.6,16.94,,,,,
691,22/09/14 17:00:00,413.2,16.82,,,,,
692,22/09/14 17:30:00,415.6,16.80,,,,,
693,22/09/14 18:00:00,415.6,16.81,,,,,
694,22/09/14 18:30:00,416.8,16.88,,,,,
695,22/09/14 19:00:00,416.8,16.93,,,,,
696,22/09/14 19:30:00,416.4,16.92,,,,,
697,22/09/14 20:00:00,414.8,16.92,,,,,
698,22/09/14 20:30:00,414.4,16.91,,,,,
699,22/09/14 21:00:00,415.6,16.91,,,,,
700,22/09/14 21:30:00,415.2,16.88,,,,,
701,22/09/14 22:00:00,414.8,16.88,,,,,
702,22/09/14 22:30:00,415.6,16.87,,,,,
703,22/09/14 23:00:00,417.2,16.87,,,,,
704,22/09/14 23:30:00,415.6,16.81,,,,,
705,22/09/15 00:00:00,415.7,16.76,,,,,
706,22/09/15 00:30:00,415.7,16.70,,,,,
707,22/09/15 01:00:00,414.9,16.65,,,,,
708,22/09/15 01:30:00,415.3,16.60,,,,,
709,22/09/15 02:00:00,415.4,16.54,,,,,
710,22/09/15 02:30:00,414.6,16.49,,,,,
711,22/09/15 03:00:00,415.4,16.42,,,,,
712,22/09/15 03:30:00,415.0,16.39,,,,,
713,22/09/15 04:00:00,414.6,16.34,,,,,
714,22/09/15 04:30:00,414.7,16.30,,,,,
715,22/09/15 05:00:00,413.9,16.23,,,,,
716,22/09/15 05:30:00,413.5,16.18,,,,,
717,22/09/15 06:00:00,413.5,16.15,,,,,
718,22/09/15 06:30:00,412.8,16.07,,,,,
719,22/09/15 07:00:00,412.4,16.02,,,,,
720,22/09/15 07:30:00,412.4,16.01,,,,,
721,22/09/15 08:00:00,411.6,16.00,,,,,
722,22/09/15 08:30:00,411.6,16.01,,,,,
723,22/09/15 09:00:00,411.2,15.97,,,,,
724,22/09/15 09:30:00,410.8,15.98,,,,,
725,22/09/15 10:00:00,411.6,16.07,,,,,
726,22/09/15 10:30:00,412.3,16.15,,,,,
727,22/09/15 11:00:00,413.5,16.28,,,,,
728,22/09/15 11:30:00,413.8,16.40,,,,,
729,22/09/15 12:00:00,414.6,16.48,,,,,
730,22/09/15 12:30:00,414.1,16.58,,,,,
731,22/09/15 13:00:00,418.5,16.65,,,,,
732,22/09/15 13:30:00,414.1,16.76,,,,,
733,22/09/15 14:00:00,412.8,16.81,,,,,
734,22/09/15 14:30:00,413.7,16.77,,,,,
735,22/09/15 15:00:00,413.6,16.82,,,,,
736,22/09/15 15:30:00,413.7,16.77,,,,,
737,22/09/15 16:00:00,415.2,16.82,,,,,
738,22/09/15 16:30:00,414.0,16.82,,,,,
739,22/09/15 17:00:00,404.9,16.80,,,,,
740,22/09/15 17:30:00,411.2,16.84,,,,,
741,22/09/15 18:00:00,412.0,16.85,,,,,
742,22/09/15 18:30:00,412.4,16.84,,,,,
743,22/09/15 19:00:00,412.4,16.84,,,,,
744,22/09/15 19:30:00,412.4,16.87,,,,,
745,22/09/15 20:00:00,413.2,16.87,,,,,
746,22/09/15 20:30:00,413.2,16.86,,,,,
747,22/09/15 21:00:00,413.2,16.88,,,,,
748,22/09/15 21:30:00,415.2,16.88,,,,,
749,22/09/15 22:00:00,414.8,16.85,,,,,
750,22/09/15 22:30:00,415.2,16.82,,,,,
751,22/09/15 23:00:00,413.7,16.79,,,,,
752,22/09/15 23:30:00,413.3,16.73,,,,,
753,22/09/16 00:00:00,413.7,16.66,,,,,
754,22/09/16 00:30:00,414.5,16.62,,,,,
755,22/09/16 01:00:00,415.8,16.56,,,,,
756,22/09/16 01:30:00,415.8,16.51,,,,,
757,22/09/16 02:00:00,415.8,16.43,,,,,
758,22/09/16 02:30:00,415.4,16.36,,,,,
759,22/09/16 03:00:00,415.1,16.31,,,,,
760,22/09/16 03:30:00,415.5,16.26,,,,,
761,22/09/16 04:00:00,415.9,16.21,,,,,
762,22/09/16 04:30:00,415.1,16.20,,,,,
763,22/09/16 05:00:00,414.7,16.14,,,,,
764,22/09/16 05:30:00,414.4,16.08,,,,,
765,22/09/16 06:00:00,414.0,16.04,,,,,
766,22/09/16 06:30:00,413.2,15.97,,,,,
767,22/09/16 07:00:00,412.9,15.86,,,,,
768,22/09/16 07:30:00,412.9,15.84,,,,,
769,22/09/16 08:00:00,412.1,15.84,,,,,
770,22/09/16 08:30:00,411.7,15.87,,,,,
771,22/09/16 09:00:00,411.6,15.90,,,,,
772,22/09/16 09:30:00,411.6,15.91,,,,,
773,22/09/16 10:00:00,412.0,16.01,,,,,
774,22/09/16 10:30:00,412.4,16.08,,,,,
775,22/09/16 11:00:00,411.9,16.14,,,,,
776,22/09/16 11:30:00,412.7,16.18,,,,,
777,22/09/16 12:00:00,413.5,16.14,,,,,
778,22/09/16 12:30:00,414.6,16.43,,,,,
779,22/09/16 13:00:00,413.8,16.52,,,,,
780,22/09/16 13:30:00,414.5,16.60,,,,,
781,22/09/16 14:00:00,415.3,16.68,,,,,
782,22/09/16 14:30:00,414.1,16.69,,,,,
783,22/09/16 15:00:00,413.4,16.52,,,,,
784,22/09/16 15:30:00,413.3,16.63,,,,,
785,22/09/16 16:00:00,412.6,16.54,,,,,
786,22/09/16 16:30:00,413.3,16.68,,,,,
787,22/09/16 17:00:00,412.1,16.59,,,,,
788,22/09/16 17:30:00,412.5,16.64,,,,,
789,22/09/16 18:00:00,412.1,16.69,,,,,
790,22/09/16 18:30:00,412.1,16.62,,,,,
791,22/09/16 19:00:00,411.7,16.59,,,,,
792,22/09/16 19:30:00,411.3,16.59,,,,,
793,22/09/16 20:00:00,412.2,16.57,,,,,
794,22/09/16 20:30:00,412.5,16.58,,,,,
795,22/09/16 21:00:00,412.9,16.59,,,,,
796,22/09/16 21:30:00,411.7,16.59,,,,,
797,22/09/16 22:00:00,411.0,16.57,,,,,
798,22/09/16 22:30:00,411.4,16.54,,,,,
799,22/09/16 23:00:00,411.8,16.49,,,,,
800,22/09/16 23:30:00,411.4,16.40,,,,,
801,22/09/17 00:00:00,411.8,16.36,,,,,
802,22/09/17 00:30:00,412.7,16.30,,,,,
803,22/09/17 01:00:00,412.7,16.25,,,,,
804,22/09/17 01:30:00,412.7,16.18,,,,,
805,22/09/17 02:00:00,412.7,16.13,,,,,
806,22/09/17 02:30:00,412.4,16.06,,,,,
807,22/09/17 03:00:00,412.0,16.00,,,,,
808,22/09/17 03:30:00,411.6,15.96,,,,,
809,22/09/17 04:00:00,411.3,15.89,,,,,
810,22/09/17 04:30:00,411.3,15.84,,,,,
811,22/09/17 05:00:00,410.5,15.81,,,,,
812,22/09/17 05:30:00,409.3,15.75,,,,,
813,22/09/17 06:00:00,408.9,15.68,,,,,
814,22/09/17 06:30:00,408.6,15.63,,,,,
815,22/09/17 07:00:00,408.2,15.59,,,,,
816,22/09/17 07:30:00,408.2,15.56,,,,,
817,22/09/17 08:00:00,407.4,15.50,,,,,
818,22/09/17 08:30:00,406.3,15.45,,,,,
819,22/09/17 09:00:00,406.3,15.45,,,,,
820,22/09/17 09:30:00,407.0,15.47,,,,,
821,22/09/17 10:00:00,407.4,15.56,,,,,
822,22/09/17 10:30:00,408.2,15.58,,,,,
823,22/09/17 11:00:00,408.6,15.65,,,,,
824,22/09/17 11:30:00,409.3,15.81,,,,,
825,22/09/17 12:00:00,409.3,15.86,,,,,
826,22/09/17 12:30:00,409.2,15.91,,,,,
827,22/09/17 13:00:00,409.2,16.02,,,,,
828,22/09/17 13:30:00,410.8,16.08,,,,,
829,22/09/17 14:00:00,411.1,16.20,,,,,
830,22/09/17 14:30:00,409.1,16.20,,,,,
831,22/09/17 15:00:00,"1,667.4",16.28,,,,,
832,22/09/17 15:30:00,413.5,16.30,,,,,
833,22/09/17 16:00:00,412.3,16.26,,,,,
834,22/09/17 16:30:00,410.7,16.29,,,,,
835,22/09/17 17:00:00,409.9,16.32,,,,,
836,22/09/17 17:30:00,409.9,16.30,,,,,
837,22/09/17 18:00:00,409.5,16.25,,,,,
838,22/09/17 18:30:00,408.7,16.24,,,,,
839,22/09/17 19:00:00,408.7,16.28,,,,,
840,22/09/17 19:30:00,408.3,16.30,,,,,
841,22/09/17 20:00:00,408.7,16.29,,,,,
842,22/09/17 20:30:00,409.1,16.29,,,,,
843,22/09/17 21:00:00,408.7,16.25,,,,,
844,22/09/17 21:30:00,412.3,16.24,,,,,
845,22/09/17 22:00:00,413.5,16.23,,,,,
846,22/09/17 22:30:00,413.1,16.19,,,,,
847,22/09/17 23:00:00,411.1,16.13,,,,,
848,22/09/17 23:30:00,409.2,16.00,,,,,
849,22/09/18 00:00:00,408.9,15.89,,,,,
850,22/09/18 00:30:00,408.9,15.84,,,,,
851,22/09/18 01:00:00,409.3,15.79,,,,,
852,22/09/18 01:30:00,409.8,15.67,,,,,
853,22/09/18 02:00:00,408.6,15.65,,,,,
854,22/09/18 02:30:00,409.0,15.58,,,,,
855,22/09/18 03:00:00,409.4,15.48,,,,,
856,22/09/18 03:30:00,407.8,15.48,,,,,
857,22/09/18 04:00:00,406.3,15.46,,,,,
858,22/09/18 04:30:00,407.5,15.29,,,,,
859,22/09/18 05:00:00,405.9,15.30,,,,,
860,22/09/18 05:30:00,404.7,15.27,,,,,
861,22/09/18 06:00:00,404.8,15.12,,,,,
862,22/09/18 06:30:00,404.4,15.08,,,,,
863,22/09/18 07:00:00,403.2,15.06,,,,,
864,22/09/18 07:30:00,402.5,14.96,,,,,
865,22/09/18 08:00:00,402.1,14.91,,,,,
866,22/09/18 08:30:00,401.3,14.95,,,,,
867,22/09/18 09:00:00,401.3,14.94,,,,,
868,22/09/18 09:30:00,402.1,14.92,,,,,
869,22/09/18 10:00:00,402.0,15.05,,,,,
870,22/09/18 10:30:00,402.8,15.11,,,,,
871,22/09/18 11:00:00,403.2,15.11,,,,,
872,22/09/18 11:30:00,403.2,15.16,,,,,
873,22/09/18 12:00:00,403.6,15.24,,,,,
874,22/09/18 12:30:00,402.0,15.20,,,,,
875,22/09/18 13:00:00,403.9,15.36,,,,,
876,22/09/18 13:30:00,406.2,15.55,,,,,
877,22/09/18 14:00:00,406.6,15.61,,,,,
878,22/09/18 14:30:00,405.4,15.58,,,,,
879,22/09/18 15:00:00,404.2,15.62,,,,,
880,22/09/18 15:30:00,401.5,15.46,,,,,
881,22/09/18 16:00:00,399.9,15.42,,,,,
882,22/09/18 16:30:00,403.5,15.46,,,,,
883,22/09/18 17:00:00,403.8,15.52,,,,,
884,22/09/18 17:30:00,403.8,15.58,,,,,
885,22/09/18 18:00:00,403.8,15.55,,,,,
886,22/09/18 18:30:00,403.4,15.57,,,,,
887,22/09/18 19:00:00,401.8,15.58,,,,,
888,22/09/18 19:30:00,401.8,15.59,,,,,
889,22/09/18 20:00:00,404.2,15.59,,,,,
890,22/09/18 20:30:00,403.8,15.62,,,,,
891,22/09/18 21:00:00,403.8,15.62,,,,,
892,22/09/18 21:30:00,403.4,15.61,,,,,
893,22/09/18 22:00:00,403.4,15.59,,,,,
894,22/09/18 22:30:00,403.4,15.57,,,,,
895,22/09/18 23:00:00,403.4,15.55,,,,,
896,22/09/18 23:30:00,403.0,15.48,,,,,
897,22/09/19 00:00:00,403.5,15.45,,,,,
898,22/09/19 00:30:00,403.9,15.42,,,,,
899,22/09/19 01:00:00,403.9,15.36,,,,,
900,22/09/19 01:30:00,404.3,15.34,,,,,
901,22/09/19 02:00:00,404.3,15.31,,,,,
902,22/09/19 02:30:00,404.7,15.27,,,,,
903,22/09/19 03:00:00,405.2,15.22,,,,,
904,22/09/19 03:30:00,404.4,15.17,,,,,
905,22/09/19 04:00:00,404.0,15.13,,,,,
906,22/09/19 04:30:00,404.0,15.07,,,,,
907,22/09/19 05:00:00,403.2,15.05,,,,,
908,22/09/19 05:30:00,402.8,15.05,,,,,
909,22/09/19 06:00:00,402.9,15.00,,,,,
910,22/09/19 06:30:00,402.1,14.99,,,,,
911,22/09/19 07:00:00,400.9,14.89,,,,,
912,22/09/19 07:30:00,400.5,14.82,,,,,
913,22/09/19 08:00:00,400.1,14.79,,,,,
914,22/09/19 08:30:00,399.0,14.77,,,,,
915,22/09/19 09:00:00,398.6,14.69,,,,,
916,22/09/19 09:30:00,399.8,14.67,,,,,
917,22/09/19 10:00:00,398.6,14.68,,,,,
918,22/09/19 10:30:00,399.0,14.75,,,,,
919,22/09/19 11:00:00,398.6,14.68,,,,,
920,22/09/19 11:30:00,399.0,14.61,,,,,
921,22/09/19 12:00:00,400.6,14.58,,,,,
922,22/09/19 12:30:00,396.7,14.50,,,,,
923,22/09/19 13:00:00,395.5,14.43,,,,,
924,22/09/19 13:30:00,392.3,14.36,,,,,
925,22/09/19 14:00:00,393.1,14.39,,,,,
926,22/09/19 14:30:00,392.7,14.38,,,,,
927,22/09/19 15:00:00,392.3,14.40,,,,,
928,22/09/19 15:30:00,392.3,14.41,,,,,
929,22/09/19 16:00:00,391.6,14.33,,,,,
930,22/09/19 16:30:00,391.5,14.44,,,,,
931,22/09/19 17:00:00,391.1,14.38,,,,,
932,22/09/19 17:30:00,390.8,14.33,,,,,
933,22/09/19 18:00:00,390.0,14.27,,,,,
934,22/09/19 18:30:00,389.2,14.22,,,,,
935,22/09/19 19:00:00,388.8,14.13,,,,,
936,22/09/19 19:30:00,388.5,14.05,,,,,
937,22/09/19 20:00:00,388.1,14.00,,,,,
938,22/09/19 20:30:00,387.7,13.94,,,,,
939,22/09/19 21:00:00,386.9,13.91,,,,,
940,22/09/19 21:30:00,386.9,13.90,,,,,
941,22/09/19 22:00:00,387.0,13.84,,,,,
942,22/09/19 22:30:00,387.4,13.79,,,,,
943,22/09/19 23:00:00,387.4,13.76,,,,,
944,22/09/19 23:30:00,387.4,13.73,,,,,
945,22/09/20 00:00:00,387.8,13.70,,,,,
946,22/09/20 00:30:00,387.1,13.65,,,,,
947,22/09/20 01:00:00,387.1,13.59,,,,,
948,22/09/20 01:30:00,387.5,13.53,,,,,
949,22/09/20 02:00:00,386.7,13.48,,,,,
950,22/09/20 02:30:00,386.7,13.42,,,,,
951,22/09/20 03:00:00,387.2,13.37,,,,,
952,22/09/20 03:30:00,386.8,13.31,,,,,
953,22/09/20 04:00:00,386.8,13.25,,,,,
954,22/09/20 04:30:00,386.0,13.18,,,,,
955,22/09/20 05:00:00,385.7,13.15,,,,,
956,22/09/20 05:30:00,384.5,13.10,,,,,
957,22/09/20 06:00:00,384.9,13.05,,,,,
958,22/09/20 06:30:00,385.3,13.00,,,,,
959,22/09/20 07:00:00,384.5,12.93,,,,,
960,22/09/20 07:30:00,384.6,12.89,,,,,
961,22/09/20 08:00:00,384.6,12.87,,,,,
962,22/09/20 08:30:00,383.8,12.88,,,,,
963,22/09/20 09:00:00,384.6,12.87,,,,,
964,22/09/20 09:30:00,384.6,12.92,,,,,
965,22/09/20 10:00:00,384.9,13.01,,,,,
966,22/09/20 10:30:00,385.3,13.12,,,,,
967,22/09/20 11:00:00,386.0,13.25,,,,,
968,22/09/20 11:30:00,387.2,13.37,,,,,
969,22/09/20 12:00:00,387.9,13.45,,,,,
970,22/09/20 12:30:00,388.7,13.53,,,,,
971,22/09/20 13:00:00,389.9,13.63,,,,,
972,22/09/20 13:30:00,389.1,13.59,,,,,
973,22/09/20 14:00:00,389.1,13.62,,,,,
974,22/09/20 14:30:00,387.9,13.61,,,,,
975,22/09/20 15:00:00,389.8,13.83,,,,,
976,22/09/20 15:30:00,389.7,13.89,,,,,
977,22/09/20 16:00:00,388.9,13.90,,,,,
978,22/09/20 16:30:00,387.8,13.89,,,,,
979,22/09/20 17:00:00,387.0,13.89,,,,,
980,22/09/20 17:30:00,386.2,13.87,,,,,
981,22/09/20 18:00:00,385.8,13.83,,,,,
982,22/09/20 18:30:00,384.2,13.74,,,,,
983,22/09/20 19:00:00,385.8,13.78,,,,,
984,22/09/20 19:30:00,386.6,13.79,,,,,
985,22/09/20 20:00:00,385.8,13.85,,,,,
986,22/09/20 20:30:00,385.4,13.88,,,,,
987,22/09/20 21:00:00,385.3,13.91,,,,,
988,22/09/20 21:30:00,385.4,13.90,,,,,
989,22/09/20 22:00:00,385.0,13.88,,,,,
990,22/09/20 22:30:00,385.0,13.84,,,,,
991,22/09/20 23:00:00,385.4,13.82,,,,,
992,22/09/20 23:30:00,385.0,13.79,,,,,
993,22/09/21 00:00:00,385.4,13.76,,,,,
994,22/09/21 00:30:00,385.0,13.72,,,,,
995,22/09/21 01:00:00,384.2,13.70,,,,,
996,22/09/21 01:30:00,385.5,13.66,,,,,
997,22/09/21 02:00:00,385.9,13.63,,,,,
998,22/09/21 02:30:00,385.5,13.59,,,,,
999,22/09/21 03:00:00,385.1,13.54,,,,,
1000,22/09/21 03:30:00,385.1,13.48,,,,,
1001,22/09/21 04:00:00,385.1,13.43,,,,,
1002,22/09/21 04:30:00,384.8,13.38,,,,,
1003,22/09/21 05:00:00,384.4,13.32,,,,,
1004,22/09/21 05:30:00,383.2,13.28,,,,,
1005,22/09/21 06:00:00,382.8,13.23,,,,,
1006,22/09/21 06:30:00,382.5,13.18,,,,,
1007,22/09/21 07:00:00,382.1,13.15,,,,,
1008,22/09/21 07:30:00,380.9,13.09,,,,,
1009,22/09/21 08:00:00,381.3,13.06,,,,,
1010,22/09/21 08:30:00,380.1,13.06,,,,,
1011,22/09/21 09:00:00,379.7,13.06,,,,,
1012,22/09/21 09:30:00,380.9,13.12,,,,,
1013,22/09/21 10:00:00,381.6,13.21,,,,,
1014,22/09/21 10:30:00,382.4,13.32,,,,,
1015,22/09/21 11:00:00,383.2,13.37,,,,,
1016,22/09/21 11:30:00,385.5,13.42,,,,,
1017,22/09/21 12:00:00,385.9,13.51,,,,,
1018,22/09/21 12:30:00,386.6,13.68,,,,,
1019,22/09/21 13:00:00,387.8,13.79,,,,,
1020,22/09/21 13:30:00,388.2,13.88,,,,,
1021,22/09/21 14:00:00,388.9,13.98,,,,,
1022,22/09/21 14:30:00,390.1,14.07,,,,,
1023,22/09/21 15:00:00,390.4,14.13,,,,,
1024,22/09/21 15:30:00,390.4,14.18,,,,,
1025,22/09/21 16:00:00,390.0,14.19,,,,,
1026,22/09/21 16:30:00,389.6,14.22,,,,,
1027,22/09/21 17:00:00,390.0,14.18,,,,,
1028,22/09/21 17:30:00,389.2,14.16,,,,,
1029,22/09/21 18:00:00,382.9,14.07,,,,,
1030,22/09/21 18:30:00,384.5,13.99,,,,,
1031,22/09/21 19:00:00,386.9,13.96,,,,,
1032,22/09/21 19:30:00,387.3,13.95,,,,,
1033,22/09/21 20:00:00,392.1,13.95,,,,,
1034,22/09/21 20:30:00,392.1,13.90,,,,,
1035,22/09/21 21:00:00,392.5,13.88,,,,,
1036,22/09/21 21:30:00,392.5,13.88,,,,,
1037,22/09/21 22:00:00,393.0,13.85,,,,,
1038,22/09/21 22:30:00,392.2,13.83,,,,,
1039,22/09/21 23:00:00,391.8,13.81,,,,,
1040,22/09/21 23:30:00,391.8,13.79,,,,,
1041,22/09/22 00:00:00,392.2,13.72,,,,,
1042,22/09/22 00:30:00,393.0,13.66,,,,,
1043,22/09/22 01:00:00,394.7,13.60,,,,,
1044,22/09/22 01:30:00,394.7,13.55,,,,,
1045,22/09/22 02:00:00,394.3,13.54,,,,,
1046,22/09/22 02:30:00,394.7,13.49,,,,,
1047,22/09/22 03:00:00,394.3,13.46,,,,,
1048,22/09/22 03:30:00,396.3,13.38,,,,,
1049,22/09/22 04:00:00,396.4,13.32,,,,,
1050,22/09/22 04:30:00,395.6,13.31,,,,,
1051,22/09/22 05:00:00,396.8,13.25,,,,,
1052,22/09/22 05:30:00,397.6,13.18,,,,,
1053,22/09/22 06:00:00,397.2,13.17,,,,,
1054,22/09/22 06:30:00,397.3,13.09,,,,,
1055,22/09/22 07:00:00,397.3,13.04,,,,,
1056,22/09/22 07:30:00,397.3,13.04,,,,,
1057,22/09/22 08:00:00,395.7,13.04,,,,,
1058,22/09/22 08:30:00,395.3,13.09,,,,,
1059,22/09/22 09:00:00,394.9,13.09,,,,,
1060,22/09/22 09:30:00,394.9,13.12,,,,,
1061,22/09/22 10:00:00,394.8,13.15,,,,,
1062,22/09/22 10:30:00,395.6,13.17,,,,,
1063,22/09/22 11:00:00,398.4,13.33,,,,,
1064,22/09/22 11:30:00,397.5,13.40,,,,,
1065,22/09/22 12:00:00,398.7,13.54,,,,,
1066,22/09/22 12:30:00,399.0,13.65,,,,,
1067,22/09/22 13:00:00,399.1,13.48,,,,,
1068,22/09/22 13:30:00,396.3,13.54,,,,,
1069,22/09/22 14:00:00,387.9,13.51,,,,,
1070,22/09/22 14:30:00,392.1,13.90,,,,,
1071,22/09/22 15:00:00,397.3,13.95,,,,,
1072,22/09/22 15:30:00,399.0,13.84,,,,,
1073,22/09/22 16:00:00,398.6,13.74,,,,,
1074,22/09/22 16:30:00,396.5,13.85,,,,,
1075,22/09/22 17:00:00,388.6,13.76,,,,,
1076,22/09/22 17:30:00,393.4,13.78,,,,,
1077,22/09/22 18:00:00,344.8,13.81,,,,,
1078,22/09/22 18:30:00,386.2,13.85,,,,,
1079,22/09/22 19:00:00,375.0,13.85,,,,,
1080,22/09/22 19:30:00,396.1,13.87,,,,,
1081,22/09/22 20:00:00,396.5,13.89,,,,,
1082,22/09/22 20:30:00,396.1,13.90,,,,,
1083,22/09/22 21:00:00,396.9,13.88,,,,,
1084,22/09/22 21:30:00,391.7,13.88,,,,,
1085,22/09/22 22:00:00,397.7,13.85,,,,,
1086,22/09/22 22:30:00,397.4,13.82,,,,,
1087,22/09/22 23:00:00,397.4,13.79,,,,,
1088,22/09/22 23:30:00,392.6,13.74,,,,,
1089,22/09/23 00:00:00,395.4,13.71,,,,,
1090,22/09/23 00:30:00,394.2,13.66,,,,,
1091,22/09/23 01:00:00,393.9,13.61,,,,,
1092,22/09/23 01:30:00,395.5,13.55,,,,,
1093,22/09/23 02:00:00,396.3,13.51,,,,,
1094,22/09/23 02:30:00,399.1,13.45,,,,,
1095,22/09/23 03:00:00,396.7,13.42,,,,,
1096,22/09/23 03:30:00,395.9,13.38,,,,,
1097,22/09/23 04:00:00,395.6,13.33,,,,,
1098,22/09/23 04:30:00,395.6,13.29,,,,,
1099,22/09/23 05:00:00,394.4,13.26,,,,,
1100,22/09/23 05:30:00,394.4,13.21,,,,,
1101,22/09/23 06:00:00,394.4,13.16,,,,,
1102,22/09/23 06:30:00,393.3,13.14,,,,,
1103,22/09/23 07:00:00,393.7,13.08,,,,,
1104,22/09/23 07:30:00,391.7,13.06,,,,,
1105,22/09/23 08:00:00,392.1,13.06,,,,,
1106,22/09/23 08:30:00,391.3,13.06,,,,,
1107,22/09/23 09:00:00,392.1,13.11,,,,,
1108,22/09/23 09:30:00,390.8,13.22,,,,,
1109,22/09/23 10:00:00,389.2,13.34,,,,,
1110,22/09/23 10:30:00,387.9,13.40,,,,,
1111,22/09/23 11:00:00,391.5,13.55,,,,,
1112,22/09/23 11:30:00,394.7,13.57,,,,,
1113,22/09/23 12:00:00,340.5,13.63,,,,,
1114,22/09/23 12:30:00,264.8,13.73,,,,,
1115,22/09/23 13:00:00,246.3,13.72,,,,,
1116,22/09/23 13:30:00,256.2,13.61,,,,,
1117,22/09/23 14:00:00,258.1,13.84,,,,,
1118,22/09/23 14:30:00,196.8,13.81,,,,,
1119,22/09/23 15:00:00,178.0,13.98,,,,,
1120,22/09/23 15:30:00,170.9,14.19,,,,,
1121,22/09/23 16:00:00,154.5,14.33,,,,,
1122,22/09/23 16:30:00,141.3,14.24,,,,,
1123,22/09/23 17:00:00,129.6,14.10,,,,,
1124,22/09/23 17:30:00,94.7,14.09,,,,,
1125,22/09/23 18:00:00,89.3,14.09,,,,,
1126,22/09/23 18:30:00,59.5,13.98,,,,,
1127,22/09/23 19:00:00,49.1,14.05,,,,,
1128,22/09/23 19:30:00,48.3,14.05,,,,,
1129,22/09/23 20:00:00,37.5,14.04,,,,,
1130,22/09/23 20:30:00,30.2,14.02,,,,,
1131,22/09/23 21:00:00,24.1,14.05,,,,,
1132,22/09/23 21:30:00,27.2,14.09,,,,,
1133,22/09/23 22:00:00,30.2,14.09,,,,,
1134,22/09/23 22:30:00,26.0,14.06,,,,,
1135,22/09/23 23:00:00,26.8,14.04,,,,,
1136,22/09/23 23:30:00,27.9,13.99,,,,,
1137,22/09/24 00:00:00,24.8,13.94,,,,,
1138,22/09/24 00:30:00,23.3,13.93,,,,,
1139,22/09/24 01:00:00,23.7,13.91,,,,,
1140,22/09/24 01:30:00,22.9,13.88,,,,,
1141,22/09/24 02:00:00,22.9,13.84,,,,,
1142,22/09/24 02:30:00,22.9,13.78,,,,,
1143,22/09/24 03:00:00,23.3,13.70,,,,,
1144,22/09/24 03:30:00,23.3,13.68,,,,,
1145,22/09/24 04:00:00,23.7,13.65,,,,,
1146,22/09/24 04:30:00,23.3,13.59,,,,,
1147,22/09/24 05:00:00,23.3,13.54,,,,,
1148,22/09/24 05:30:00,23.7,13.49,,,,,
1149,22/09/24 06:00:00,24.1,13.44,,,,,
1150,22/09/24 06:30:00,24.1,13.40,,,,,
1151,22/09/24 07:00:00,23.7,13.35,,,,,
1152,22/09/24 07:30:00,23.3,13.32,,,,,
1153,22/09/24 08:00:00,23.3,13.29,,,,,
1154,22/09/24 08:30:00,22.9,13.31,,,,,
1155,22/09/24 09:00:00,23.3,13.31,,,,,
1156,22/09/24 09:30:00,24.1,13.38,,,,,
1157,22/09/24 10:00:00,24.1,13.48,,,,,
1158,22/09/24 10:30:00,24.1,13.57,,,,,
1159,22/09/24 11:00:00,24.1,13.67,,,,,
1160,22/09/24 11:30:00,24.9,13.77,,,,,
1161,22/09/24 12:00:00,25.2,13.88,,,,,
1162,22/09/24 12:30:00,24.8,14.04,,,,,
1163,22/09/24 13:00:00,24.5,14.06,,,,,
1164,22/09/24 13:30:00,23.7,14.11,,,,,
1165,22/09/24 14:00:00,23.7,14.16,,,,,
1166,22/09/24 14:30:00,24.5,14.24,,,,,
1167,22/09/24 15:00:00,26.4,14.33,,,,,
1168,22/09/24 15:30:00,28.3,14.38,,,,,
1169,22/09/24 16:00:00,28.3,14.41,,,,,
1170,22/09/24 16:30:00,40.2,14.44,,,,,
1171,22/09/24 17:00:00,36.0,14.47,,,,,
1172,22/09/24 17:30:00,29.1,14.47,,,,,
1173,22/09/24 18:00:00,25.2,14.50,,,,,
1174,22/09/24 18:30:00,23.7,14.50,,,,,
1175,22/09/24 19:00:00,22.5,14.52,,,,,
1176,22/09/24 19:30:00,21.8,14.56,,,,,
1177,22/09/24 20:00:00,21.4,14.55,,,,,
1178,22/09/24 20:30:00,21.4,14.56,,,,,
1179,22/09/24 21:00:00,21.0,14.58,,,,,
1180,22/09/24 21:30:00,21.0,14.60,,,,,
1181,22/09/24 22:00:00,21.0,14.62,,,,,
1182,22/09/24 22:30:00,21.0,14.60,,,,,
1183,22/09/24 23:00:00,20.6,14.57,,,,,
1184,22/09/24 23:30:00,20.2,14.55,,,,,
1185,22/09/25 00:00:00,20.6,14.50,,,,,
1186,22/09/25 00:30:00,20.6,14.41,,,,,
1187,22/09/25 01:00:00,20.6,14.34,,,,,
1188,22/09/25 01:30:00,20.2,14.29,,,,,
1189,22/09/25 02:00:00,20.6,14.22,,,,,
1190,22/09/25 02:30:00,20.2,14.17,,,,,
1191,22/09/25 03:00:00,20.6,14.10,,,,,
1192,22/09/25 03:30:00,21.0,14.00,,,,,
1193,22/09/25 04:00:00,20.2,13.99,,,,,
1194,22/09/25 04:30:00,20.2,13.94,,,,,
1195,22/09/25 05:00:00,20.6,13.82,,,,,
1196,22/09/25 05:30:00,21.0,13.83,,,,,
1197,22/09/25 06:00:00,21.0,13.79,,,,,
1198,22/09/25 06:30:00,21.0,13.70,,,,,
1199,22/09/25 07:00:00,20.6,13.65,,,,,
1200,22/09/25 07:30:00,21.0,13.62,,,,,
1201,22/09/25 08:00:00,21.0,13.62,,,,,
1202,22/09/25 08:30:00,20.6,13.61,,,,,
1203,22/09/25 09:00:00,21.0,13.65,,,,,
1204,22/09/25 09:30:00,20.6,13.62,,,,,
1205,22/09/25 10:00:00,20.2,13.66,,,,,
1206,22/09/25 10:30:00,19.9,13.78,,,,,
1207,22/09/25 11:00:00,19.5,13.88,,,,,
1208,22/09/25 11:30:00,19.5,13.93,,,,,
1209,22/09/25 12:00:00,19.1,14.05,,,,,
1210,22/09/25 12:30:00,18.3,14.13,,,,,
1211,22/09/25 13:00:00,18.3,14.26,,,,,
1212,22/09/25 13:30:00,17.9,14.33,,,,,
1213,22/09/25 14:00:00,18.3,14.43,,,,,
1214,22/09/25 14:30:00,17.5,14.49,,,,,
1215,22/09/25 15:00:00,17.5,14.46,,,,,
1216,22/09/25 15:30:00,17.5,14.54,,,,,
1217,22/09/25 16:00:00,17.2,14.61,,,,,
1218,22/09/25 16:30:00,21.8,14.51,,,,,
1219,22/09/25 17:00:00,19.8,14.61,,,,,
1220,22/09/25 17:30:00,19.1,14.64,,,,,
1221,22/09/25 18:00:00,19.5,14.64,,,,,
1222,22/09/25 18:30:00,19.1,14.67,,,,,
1223,22/09/25 19:00:00,18.7,14.73,,,,,
1224,22/09/25 19:30:00,18.7,14.72,,,,,
1225,22/09/25 20:00:00,18.7,14.75,,,,,
1226,22/09/25 20:30:00,19.1,14.80,,,,,
1227,22/09/25 21:00:00,18.3,14.83,,,,,
1228,22/09/25 21:30:00,18.3,14.84,,,,,
1229,22/09/25 22:00:00,18.3,14.85,,,,,
1230,22/09/25 22:30:00,18.3,14.85,,,,,
1231,22/09/25 23:00:00,17.5,14.84,,,,,
1232,22/09/25 23:30:00,18.3,14.80,,,,,
1233,22/09/26 00:00:00,17.9,14.75,,,,,
1234,22/09/26 00:30:00,17.9,14.72,,,,,
1235,22/09/26 01:00:00,18.3,14.68,,,,,
1236,22/09/26 01:30:00,18.3,14.62,,,,,
1237,22/09/26 02:00:00,18.3,14.57,,,,,
1238,22/09/26 02:30:00,18.3,14.54,,,,,
1239,22/09/26 03:00:00,18.3,14.44,,,,,
1240,22/09/26 03:30:00,18.3,14.39,,,,,
1241,22/09/26 04:00:00,18.3,14.36,,,,,
1242,22/09/26 04:30:00,18.3,14.30,,,,,
1243,22/09/26 05:00:00,18.3,14.24,,,,,
1244,22/09/26 05:30:00,18.3,14.22,,,,,
1245,22/09/26 06:00:00,18.3,14.16,,,,,
1246,22/09/26 06:30:00,18.3,14.05,,,,,
1247,22/09/26 07:00:00,18.7,14.05,,,,,
1248,22/09/26 07:30:00,18.3,13.99,,,,,
1249,22/09/26 08:00:00,35.6,13.91,,,,,
1250,22/09/26 08:30:00,22.9,13.96,,,,,
1251,22/09/26 09:00:00,21.8,13.98,,,,,
1252,22/09/26 09:30:00,21.8,13.98,,,,,
1253,22/09/26 10:00:00,21.4,14.09,,,,,
1254,22/09/26 10:30:00,21.0,14.21,,,,,
1255,22/09/26 11:00:00,20.2,14.30,,,,,
1256,22/09/26 11:30:00,19.8,14.43,,,,,
1257,22/09/26 12:00:00,19.8,14.52,,,,,
1258,22/09/26 12:30:00,19.8,14.60,,,,,
1259,22/09/26 13:00:00,19.8,14.68,,,,,
1260,22/09/26 13:30:00,19.5,14.79,,,,,
1261,22/09/26 14:00:00,19.5,14.85,,,,,
1262,22/09/26 14:30:00,19.4,14.94,,,,,
1263,22/09/26 15:00:00,19.1,14.96,,,,,
1264,22/09/26 15:30:00,19.8,14.99,,,,,
1265,22/09/26 16:00:00,19.8,15.02,,,,,
1266,22/09/26 16:30:00,19.8,15.07,,,,,
1267,22/09/26 17:00:00,19.4,15.16,,,,,
1268,22/09/26 17:30:00,19.4,15.16,,,,,
1269,22/09/26 18:00:00,19.1,15.14,,,,,
1270,22/09/26 18:30:00,17.9,15.18,,,,,
1271,22/09/26 19:00:00,18.3,15.24,,,,,
1272,22/09/26 19:30:00,18.3,15.28,,,,,
1273,22/09/26 20:00:00,31.7,15.28,,,,,
1274,22/09/26 20:30:00,28.3,15.29,,,,,
1275,22/09/26 21:00:00,26.3,15.29,,,,,
1276,22/09/26 21:30:00,26.0,15.29,,,,,
1277,22/09/26 22:00:00,23.3,15.29,,,,,
1278,22/09/26 22:30:00,22.1,15.29,,,,,
1279,22/09/26 23:00:00,21.0,15.28,,,,,
1280,22/09/26 23:30:00,20.6,15.24,,,,,
1281,22/09/27 00:00:00,20.2,15.19,,,,,
1282,22/09/27 00:30:00,20.2,15.16,,,,,
1283,22/09/27 01:00:00,19.8,15.12,,,,,
1284,22/09/27 01:30:00,19.8,15.07,,,,,
1285,22/09/27 02:00:00,19.8,15.02,,,,,
1286,22/09/27 02:30:00,19.8,14.95,,,,,
1287,22/09/27 03:00:00,20.2,14.89,,,,,
1288,22/09/27 03:30:00,20.2,14.85,,,,,
1289,22/09/27 04:00:00,20.2,14.83,,,,,
1290,22/09/27 04:30:00,20.2,14.73,,,,,
1291,22/09/27 05:00:00,20.2,14.71,,,,,
1292,22/09/27 05:30:00,19.8,14.67,,,,,
1293,22/09/27 06:00:00,20.2,14.56,,,,,
1294,22/09/27 06:30:00,19.8,14.50,,,,,
1295,22/09/27 07:00:00,20.2,14.47,,,,,
1296,22/09/27 07:30:00,20.2,14.43,,,,,
1297,22/09/27 08:00:00,20.2,14.36,,,,,
1298,22/09/27 08:30:00,19.8,14.39,,,,,
1299,22/09/27 09:00:00,19.8,14.40,,,,,
1300,22/09/27 09:30:00,19.5,14.39,,,,,
1301,22/09/27 10:00:00,19.5,14.50,,,,,
1302,22/09/27 10:30:00,18.7,14.60,,,,,
1303,22/09/27 11:00:00,18.7,14.67,,,,,
1304,22/09/27 11:30:00,18.7,14.80,,,,,
1305,22/09/27 12:00:00,25.6,14.90,,,,,
1306,22/09/27 12:30:00,24.8,14.97,,,,,
1307,22/09/27 13:00:00,23.3,15.08,,,,,
1308,22/09/27 13:30:00,21.4,15.14,,,,,
1309,22/09/27 14:00:00,19.8,15.16,,,,,
1310,22/09/27 14:30:00,19.4,15.22,,,,,
1311,22/09/27 15:00:00,19.4,15.27,,,,,
1312,22/09/27 15:30:00,19.1,15.35,,,,,
1313,22/09/27 16:00:00,17.9,15.39,,,,,
1314,22/09/27 16:30:00,17.1,15.47,,,,,
1315,22/09/27 17:00:00,16.8,15.51,,,,,
1316,22/09/27 17:30:00,16.4,15.47,,,,,
1317,22/09/27 18:00:00,16.8,15.52,,,,,
1318,22/09/27 18:30:00,16.4,15.55,,,,,
1319,22/09/27 19:00:00,16.0,15.58,,,,,
1320,22/09/27 19:30:00,17.9,15.59,,,,,
1321,22/09/27 20:00:00,18.3,15.69,,,,,
1322,22/09/27 20:30:00,18.3,15.74,,,,,
1323,22/09/27 21:00:00,18.3,15.73,,,,,
1324,22/09/27 21:30:00,18.3,15.73,,,,,
1325,22/09/27 22:00:00,17.9,15.73,,,,,
1326,22/09/27 22:30:00,18.3,15.72,,,,,
1327,22/09/27 23:00:00,17.9,15.69,,,,,
1328,22/09/27 23:30:00,17.5,15.65,,,,,
1329,22/09/28 00:00:00,17.1,15.62,,,,,
1330,22/09/28 00:30:00,17.1,15.57,,,,,
1331,22/09/28 01:00:00,17.1,15.51,,,,,
1332,22/09/28 01:30:00,17.1,15.42,,,,,
1333,22/09/28 02:00:00,17.1,15.40,,,,,
1334,22/09/28 02:30:00,17.1,15.33,,,,,
1335,22/09/28 03:00:00,17.1,15.18,,,,,
1336,22/09/28 03:30:00,17.1,15.17,,,,,
1337,22/09/28 04:00:00,17.1,15.11,,,,,
1338,22/09/28 04:30:00,17.5,15.00,,,,,
1339,22/09/28 05:00:00,17.1,14.97,,,,,
1340,22/09/28 05:30:00,17.1,14.92,,,,,
1341,22/09/28 06:00:00,17.5,14.80,,,,,
1342,22/09/28 06:30:00,17.2,14.78,,,,,
1343,22/09/28 07:00:00,17.2,14.74,,,,,
1344,22/09/28 07:30:00,17.2,14.62,,,,,
1345,22/09/28 08:00:00,17.2,14.58,,,,,
1346,22/09/28 08:30:00,17.2,14.60,,,,,
1347,22/09/28 09:00:00,17.2,14.58,,,,,
1348,22/09/28 09:30:00,17.2,14.61,,,,,
1349,22/09/28 10:00:00,17.2,14.71,,,,,
1350,22/09/28 10:30:00,16.8,14.75,,,,,
1351,22/09/28 11:00:00,16.8,14.83,,,,,
1352,22/09/28 11:30:00,16.4,14.92,,,,,
1353,22/09/28 12:00:00,16.4,15.02,,,,,
1354,22/09/28 12:30:00,18.3,15.13,,,,,
1355,22/09/28 13:00:00,19.4,15.20,,,,,
1356,22/09/28 13:30:00,19.4,15.29,,,,,
1357,22/09/28 14:00:00,19.1,15.38,,,,,
1358,22/09/28 14:30:00,19.4,15.44,,,,,
1359,22/09/28 15:00:00,18.7,15.47,,,,,
1360,22/09/28 15:30:00,19.1,15.50,,,,,
1361,22/09/28 16:00:00,18.3,15.57,,,,,
1362,22/09/28 16:30:00,18.3,15.59,,,,,
1363,22/09/28 17:00:00,18.3,15.63,,,,,
1364,22/09/28 17:30:00,17.9,15.63,,,,,
1365,22/09/28 18:00:00,17.5,15.61,,,,,
1366,22/09/28 18:30:00,17.5,15.59,,,,,
1367,22/09/28 19:00:00,17.1,15.62,,,,,
1368,22/09/28 19:30:00,17.1,15.70,,,,,
1369,22/09/28 20:00:00,17.1,15.76,,,,,
1370,22/09/28 20:30:00,17.1,15.84,,,,,
1371,22/09/28 21:00:00,16.7,15.86,,,,,
1372,22/09/28 21:30:00,16.4,15.87,,,,,
1373,22/09/28 22:00:00,18.7,15.92,,,,,
1374,22/09/28 22:30:00,18.7,15.91,,,,,
1375,22/09/28 23:00:00,18.7,15.92,,,,,
1376,22/09/28 23:30:00,18.7,15.92,,,,,
1377,22/09/29 00:00:00,18.7,15.91,,,,,
1378,22/09/29 00:30:00,19.0,15.85,,,,,
1379,22/09/29 01:00:00,18.7,15.81,,,,,
1380,22/09/29 01:30:00,19.0,15.75,,,,,
1381,22/09/29 02:00:00,19.1,15.69,,,,,
1382,22/09/29 02:30:00,19.1,15.65,,,,,
1383,22/09/29 03:00:00,19.1,15.58,,,,,
1384,22/09/29 03:30:00,19.1,15.57,,,,,
1385,22/09/29 04:00:00,19.1,15.58,,,,,
1386,22/09/29 04:30:00,18.7,15.48,,,,,
1387,22/09/29 05:00:00,18.7,15.47,,,,,
1388,22/09/29 05:30:00,18.7,15.48,,,,,
1389,22/09/29 06:00:00,18.7,15.38,,,,,
1390,22/09/29 06:30:00,19.1,15.34,,,,,
1391,22/09/29 07:00:00,18.7,15.36,,,,,
1392,22/09/29 07:30:00,19.4,15.35,,,,,
1393,22/09/29 08:00:00,18.3,15.35,,,,,
1394,22/09/29 08:30:00,18.3,15.31,,,,,
1395,22/09/29 09:00:00,18.3,15.27,,,,,
1396,22/09/29 09:30:00,18.3,15.22,,,,,
1397,22/09/29 10:00:00,18.3,15.34,,,,,
1398,22/09/29 10:30:00,17.9,15.35,,,,,
1399,22/09/29 11:00:00,17.9,15.29,,,,,
1400,22/09/29 11:30:00,17.5,15.33,,,,,
1401,22/09/29 12:00:00,17.9,15.27,,,,,
1402,22/09/29 12:30:00,17.5,15.34,,,,,
1403,22/09/29 13:00:00,17.5,15.73,,,,,
1404,22/09/29 13:30:00,17.1,15.72,,,,,
1405,22/09/29 14:00:00,16.8,15.73,,,,,
1406,22/09/29 14:30:00,16.7,15.84,,,,,
1407,22/09/29 15:00:00,16.4,15.72,,,,,
1408,22/09/29 15:30:00,16.4,15.62,,,,,
1409,22/09/29 16:00:00,16.0,15.91,,,,,
1410,22/09/29 16:30:00,16.4,15.96,,,,,
1411,22/09/29 17:00:00,17.5,15.97,,,,,
1412,22/09/29 17:30:00,22.5,15.76,,,,,
1413,22/09/29 18:00:00,24.4,15.61,,,,,
1414,22/09/29 18:30:00,24.4,15.59,,,,,
1415,22/09/29 19:00:00,23.3,15.64,,,,,
1416,22/09/29 19:30:00,22.5,15.61,,,,,
1417,22/09/29 20:00:00,21.0,15.62,,,,,
1418,22/09/29 20:30:00,21.4,15.58,,,,,
1419,22/09/29 21:00:00,322.3,15.53,,,,,
1420,22/09/29 21:30:00,207.8,15.48,,,,,
1421,22/09/29 22:00:00,219.5,15.47,,,,,
1422,22/09/29 22:30:00,218.8,15.46,,,,,
1423,22/09/29 23:00:00,219.2,15.41,,,,,
1424,22/09/29 23:30:00,138.0,15.33,,,,,
1425,22/09/30 00:00:00,112.8,15.28,,,,,
1426,22/09/30 00:30:00,93.8,15.29,,,,,
1427,22/09/30 01:00:00,67.1,15.27,,,,,
1428,22/09/30 01:30:00,31.0,15.18,,,,,
1429,22/09/30 02:00:00,69.5,15.16,,,,,
1430,22/09/30 02:30:00,65.2,15.14,,,,,
1431,22/09/30 03:00:00,56.7,15.05,,,,,
1432,22/09/30 03:30:00,62.9,15.03,,,,,
1433,22/09/30 04:00:00,36.3,15.02,,,,,
1434,22/09/30 04:30:00,23.3,14.94,,,,,
1435,22/09/30 05:00:00,23.7,14.90,,,,,
1436,22/09/30 05:30:00,22.9,14.89,,,,,
1437,22/09/30 06:00:00,22.9,14.83,,,,,
1438,22/09/30 06:30:00,22.9,14.77,,,,,
1439,22/09/30 07:00:00,22.9,14.73,,,,,
1440,22/09/30 07:30:00,22.9,14.69,,,,,
1441,22/09/30 08:00:00,22.9,14.62,,,,,
1442,22/09/30 08:30:00,22.5,14.63,,,,,
1443,22/09/30 09:00:00,23.7,14.62,,,,,
1444,22/09/30 09:30:00,23.7,14.61,,,,,
1445,22/09/30 10:00:00,20.6,14.60,,,,,
1446,22/09/30 10:30:00,20.6,14.60,,,,,
1447,22/09/30 11:00:00,21.4,14.73,,,,,
1448,22/09/30 11:30:00,21.0,14.75,,,,,
1449,22/09/30 12:00:00,21.4,14.99,,,,,
1450,22/09/30 12:30:00,21.7,15.03,,,,,
1451,22/09/30 13:00:00,21.7,15.13,,,,,
1452,22/09/30 13:30:00,21.7,15.10,,,,,
1453,22/09/30 14:00:00,21.4,15.23,,,,,
1454,22/09/30 14:30:00,21.4,15.14,,,,,
1455,22/09/30 15:00:00,21.4,15.20,,,,,
1456,22/09/30 15:30:00,21.7,15.30,,,,,
1457,22/09/30 16:00:00,23.7,15.23,,,,,
1458,22/09/30 16:30:00,21.7,15.33,,,,,
1459,22/09/30 17:00:00,21.7,15.10,,,,,
1460,22/09/30 17:30:00,21.7,15.05,,,,,
1461,22/09/30 18:00:00,21.7,15.03,,,,,
1462,22/09/30 18:30:00,21.7,15.02,,,,,
1463,22/09/30 19:00:00,21.7,15.03,,,,,
1464,22/09/30 19:30:00,21.4,15.06,,,,,
1465,22/09/30 20:00:00,21.4,15.06,,,,,
1466,22/09/30 20:30:00,21.0,15.05,,,,,
1467,22/09/30 21:00:00,20.6,15.06,,,,,
1468,22/09/30 21:30:00,20.2,15.06,,,,,
1469,22/09/30 22:00:00,19.8,15.08,,,,,
1470,22/09/30 22:30:00,19.8,15.06,,,,,
1471,22/09/30 23:00:00,19.4,15.02,,,,,
1472,22/09/30 23:30:00,19.1,15.05,,,,,
1473,22/10/01 00:00:00,19.1,15.03,,,,,
1474,22/10/01 00:30:00,18.7,15.02,,,,,
1475,22/10/01 01:00:00,18.7,14.99,,,,,
1476,22/10/01 01:30:00,18.7,14.90,,,,,
1477,22/10/01 02:00:00,19.1,14.84,,,,,
1478,22/10/01 02:30:00,19.1,14.79,,,,,
1479,22/10/01 03:00:00,19.5,14.73,,,,,
1480,22/10/01 03:30:00,19.1,14.68,,,,,
1481,22/10/01 04:00:00,19.5,14.64,,,,,
1482,22/10/01 04:30:00,19.1,14.60,,,,,
1483,22/10/01 05:00:00,19.1,14.55,,,,,
1484,22/10/01 05:30:00,19.1,14.50,,,,,
1485,22/10/01 06:00:00,19.1,14.46,,,,,
1486,22/10/01 06:30:00,19.1,14.41,,,,,
1487,22/10/01 07:00:00,19.1,14.36,,,,,
1488,22/10/01 07:30:00,19.1,14.32,,,,,
1489,22/10/01 08:00:00,19.1,14.26,,,,,
1490,22/10/01 08:30:00,19.1,14.24,,,,,
1491,22/10/01 09:00:00,396.8,14.24,,,,,
1492,22/10/01 09:30:00,409.6,14.28,,,,,
1493,22/10/01 10:00:00,263.1,14.33,,,,,
1494,22/10/01 10:30:00,218.2,14.41,,,,,
1495,22/10/01 11:00:00,217.0,14.49,,,,,
1496,22/10/01 11:30:00,169.3,14.57,,,,,
1497,22/10/01 12:00:00,172.0,14.68,,,,,
1498,22/10/01 12:30:00,185.2,14.77,,,,,
1499,22/10/01 13:00:00,141.6,14.85,,,,,
1500,22/10/01 13:30:00,112.8,14.92,,,,,
1501,22/10/01 14:00:00,106.6,14.99,,,,,
1502,22/10/01 14:30:00,111.2,15.03,,,,,
1503,22/10/01 15:00:00,88.0,15.08,,,,,
1504,22/10/01 15:30:00,63.7,15.11,,,,,
1505,22/10/01 16:00:00,28.7,15.14,,,,,
1506,22/10/01 16:30:00,26.0,15.18,,,,,
1507,22/10/01 17:00:00,22.5,15.20,,,,,
1508,22/10/01 17:30:00,25.2,15.20,,,,,
1509,22/10/01 18:00:00,25.2,15.18,,,,,
1510,22/10/01 18:30:00,21.4,15.23,,,,,
1511,22/10/01 19:00:00,21.4,15.25,,,,,
1512,22/10/01 19:30:00,23.7,15.27,,,,,
1513,22/10/01 20:00:00,22.5,15.25,,,,,
1514,22/10/01 20:30:00,23.7,15.27,,,,,
1515,22/10/01 21:00:00,23.3,15.27,,,,,
1516,22/10/01 21:30:00,22.9,15.25,,,,,
1517,22/10/01 22:00:00,22.9,15.23,,,,,
1518,22/10/01 22:30:00,22.1,15.20,,,,,
1519,22/10/01 23:00:00,22.9,15.18,,,,,
1520,22/10/01 23:30:00,22.1,15.11,,,,,
1521,22/10/02 00:00:00,22.9,15.10,,,,,
1522,22/10/02 00:30:00,23.3,15.08,,,,,
1523,22/10/02 01:00:00,22.1,15.07,,,,,
1524,22/10/02 01:30:00,21.4,14.99,,,,,
1525,22/10/02 02:00:00,21.8,14.85,,,,,
1526,22/10/02 02:30:00,21.8,14.77,,,,,
1527,22/10/02 03:00:00,22.1,14.72,,,,,
1528,22/10/02 03:30:00,21.8,14.66,,,,,
1529,22/10/02 04:00:00,21.8,14.47,,,,,
1530,22/10/02 04:30:00,21.8,14.50,,,,,
1531,22/10/02 05:00:00,21.8,14.46,,,,,
1532,22/10/02 05:30:00,21.4,14.36,,,,,
1533,22/10/02 06:00:00,21.4,14.34,,,,,
1534,22/10/02 06:30:00,21.4,14.33,,,,,
1535,22/10/02 07:00:00,21.4,14.24,,,,,
1536,22/10/02 07:30:00,21.0,14.17,,,,,
1537,22/10/02 08:00:00,21.0,14.19,,,,,
1538,22/10/02 08:30:00,20.6,14.13,,,,,
1539,22/10/02 09:00:00,20.6,14.07,,,,,
1540,22/10/02 09:30:00,19.8,14.16,,,,,
1541,22/10/02 10:00:00,19.5,14.22,,,,,
1542,22/10/02 10:30:00,19.8,14.24,,,,,
1543,22/10/02 11:00:00,19.1,14.39,,,,,
1544,22/10/02 11:30:00,19.8,14.50,,,,,
1545,22/10/02 12:00:00,19.1,14.51,,,,,
1546,22/10/02 12:30:00,18.7,14.63,,,,,
1547,22/10/02 13:00:00,18.3,14.73,,,,,
1548,22/10/02 13:30:00,17.9,14.80,,,,,
1549,22/10/02 14:00:00,18.3,14.86,,,,,
1550,22/10/02 14:30:00,17.9,14.94,,,,,
1551,22/10/02 15:00:00,17.9,14.97,,,,,
1552,22/10/02 15:30:00,17.5,15.01,,,,,
1553,22/10/02 16:00:00,17.1,15.01,,,,,
1554,22/10/02 16:30:00,17.1,15.05,,,,,
1555,22/10/02 17:00:00,16.8,15.08,,,,,
1556,22/10/02 17:30:00,17.1,15.07,,,,,
1557,22/10/02 18:00:00,16.4,15.00,,,,,
1558,22/10/02 18:30:00,16.4,14.94,,,,,
1559,22/10/02 19:00:00,16.4,14.97,,,,,
1560,22/10/02 19:30:00,16.4,15.03,,,,,
1561,22/10/02 20:00:00,16.4,15.03,,,,,
1562,22/10/02 20:30:00,16.0,15.06,,,,,
1563,22/10/02 21:00:00,16.0,15.08,,,,,
1564,22/10/02 21:30:00,16.0,15.08,,,,,
1565,22/10/02 22:00:00,15.2,15.07,,,,,
1566,22/10/02 22:30:00,15.6,15.06,,,,,
1567,22/10/02 23:00:00,15.2,15.02,,,,,
1568,22/10/02 23:30:00,14.8,14.97,,,,,
1569,22/10/03 00:00:00,14.8,14.96,,,,,
1570,22/10/03 00:30:00,14.8,14.90,,,,,
1571,22/10/03 01:00:00,15.2,14.83,,,,,
1572,22/10/03 01:30:00,15.2,14.82,,,,,
1573,22/10/03 02:00:00,15.2,14.74,,,,,
1574,22/10/03 02:30:00,14.9,14.66,,,,,
1575,22/10/03 03:00:00,14.9,14.63,,,,,
1576,22/10/03 03:30:00,14.9,14.57,,,,,
1577,22/10/03 04:00:00,15.2,14.50,,,,,
1578,22/10/03 04:30:00,15.2,14.50,,,,,
1579,22/10/03 05:00:00,14.9,14.44,,,,,
1580,22/10/03 05:30:00,15.2,14.30,,,,,
1581,22/10/03 06:00:00,15.2,14.32,,,,,
1582,22/10/03 06:30:00,14.9,14.28,,,,,
1583,22/10/03 07:00:00,14.9,14.18,,,,,
1584,22/10/03 07:30:00,14.9,14.22,,,,,
1585,22/10/03 08:00:00,14.9,14.21,,,,,
1586,22/10/03 08:30:00,14.9,14.11,,,,,
1587,22/10/03 09:00:00,14.9,14.12,,,,,
1588,22/10/03 09:30:00,14.9,14.18,,,,,
1589,22/10/03 10:00:00,14.5,14.21,,,,,
1590,22/10/03 10:30:00,14.5,14.27,,,,,
1591,22/10/03 11:00:00,14.5,14.39,,,,,
1592,22/10/03 11:30:00,14.5,14.51,,,,,
1593,22/10/03 12:00:00,14.1,14.57,,,,,
1594,22/10/03 12:30:00,14.5,14.68,,,,,
1595,22/10/03 13:00:00,14.1,14.77,,,,,
1596,22/10/03 13:30:00,14.1,14.86,,,,,
1597,22/10/03 14:00:00,14.1,14.95,,,,,
1598,22/10/03 14:30:00,14.1,14.99,,,,,
1599,22/10/03 15:00:00,14.1,15.03,,,,,
1600,22/10/03 15:30:00,14.1,15.05,,,,,
1601,22/10/03 16:00:00,13.7,15.10,,,,,
1602,22/10/03 16:30:00,14.1,15.10,,,,,
1603,22/10/03 17:00:00,13.7,15.08,,,,,
1604,22/10/03 17:30:00,13.7,15.10,,,,,
1605,22/10/03 18:00:00,13.7,15.07,,,,,
1606,22/10/03 18:30:00,13.7,15.07,,,,,
1607,22/10/03 19:00:00,15.6,15.06,,,,,
1608,22/10/03 19:30:00,15.2,15.08,,,,,
1609,22/10/03 20:00:00,14.8,15.12,,,,,
1610,22/10/03 20:30:00,15.2,15.13,,,,,
1611,22/10/03 21:00:00,14.8,15.14,,,,,
1612,22/10/03 21:30:00,14.8,15.17,,,,,
1613,22/10/03 22:00:00,14.8,15.16,,,,,
1614,22/10/03 22:30:00,14.8,15.16,,,,,
1615,22/10/03 23:00:00,14.8,15.16,,,,,
1616,22/10/03 23:30:00,14.8,15.14,,,,,
1617,22/10/04 00:00:00,14.5,15.11,,,,,
1618,22/10/04 00:30:00,14.5,15.03,,,,,
1619,22/10/04 01:00:00,14.8,15.02,,,,,
1620,22/10/04 01:30:00,14.8,14.96,,,,,
1621,22/10/04 02:00:00,14.5,14.89,,,,,
1622,22/10/04 02:30:00,14.8,14.85,,,,,
1623,22/10/04 03:00:00,14.8,14.82,,,,,
1624,22/10/04 03:30:00,14.8,14.72,,,,,
1625,22/10/04 04:00:00,14.9,14.69,,,,,
1626,22/10/04 04:30:00,14.9,14.67,,,,,
1627,22/10/04 05:00:00,14.9,14.58,,,,,
1628,22/10/04 05:30:00,14.9,14.55,,,,,
1629,22/10/04 06:00:00,14.9,14.52,,,,,
1630,22/10/04 06:30:00,14.9,14.46,,,,,
1631,22/10/04 07:00:00,14.9,14.36,,,,,
1632,22/10/04 07:30:00,14.9,14.38,,,,,
1633,22/10/04 08:00:00,14.9,14.34,,,,,
1634,22/10/04 08:30:00,14.9,14.29,,,,,
1635,22/10/04 09:00:00,14.9,14.33,,,,,
1636,22/10/04 09:30:00,14.9,14.35,,,,,
1637,22/10/04 10:00:00,14.5,14.36,,,,,
1638,22/10/04 10:30:00,14.1,14.49,,,,,
1639,22/10/04 11:00:00,14.1,14.61,,,,,
1640,22/10/04 11:30:00,14.1,14.67,,,,,
1641,22/10/04 12:00:00,13.7,14.77,,,,,
1642,22/10/04 12:30:00,13.7,14.86,,,,,
1643,22/10/04 13:00:00,14.1,14.94,,,,,
1644,22/10/04 13:30:00,14.1,14.99,,,,,
1645,22/10/04 14:00:00,13.7,15.07,,,,,
1646,22/10/04 14:30:00,13.7,15.14,,,,,
1647,22/10/04 15:00:00,13.7,15.17,,,,,
1648,22/10/04 15:30:00,13.7,15.18,,,,,
1649,22/10/04 16:00:00,13.7,15.20,,,,,
1650,22/10/04 16:30:00,13.3,15.23,,,,,
1651,22/10/04 17:00:00,13.7,15.23,,,,,
1652,22/10/04 17:30:00,14.5,15.19,,,,,
1653,22/10/04 18:00:00,14.5,15.16,,,,,
1654,22/10/04 18:30:00,14.1,15.17,,,,,
1655,22/10/04 19:00:00,14.1,15.22,,,,,
1656,22/10/04 19:30:00,14.5,15.23,,,,,
1657,22/10/04 20:00:00,14.1,15.30,,,,,
1658,22/10/04 20:30:00,14.1,15.33,,,,,
1659,22/10/04 21:00:00,13.7,15.31,,,,,
1660,22/10/04 21:30:00,13.7,15.31,,,,,
1661,22/10/04 22:00:00,13.7,15.29,,,,,
1662,22/10/04 22:30:00,13.3,15.27,,,,,
1663,22/10/04 23:00:00,13.3,15.23,,,,,
1664,22/10/04 23:30:00,13.3,15.18,,,,,
1665,22/10/05 00:00:00,13.3,15.12,,,,,
1666,22/10/05 00:30:00,13.7,15.10,,,,,
1667,22/10/05 01:00:00,13.3,15.06,,,,,
1668,22/10/05 01:30:00,13.7,15.00,,,,,
1669,22/10/05 02:00:00,13.7,14.92,,,,,
1670,22/10/05 02:30:00,13.3,14.90,,,,,
1671,22/10/05 03:00:00,13.7,14.82,,,,,
1672,22/10/05 03:30:00,13.7,14.73,,,,,
1673,22/10/05 04:00:00,14.1,14.71,,,,,
1674,22/10/05 04:30:00,13.7,14.63,,,,,
1675,22/10/05 05:00:00,14.1,14.54,,,,,
1676,22/10/05 05:30:00,14.1,14.52,,,,,
1677,22/10/05 06:00:00,13.7,14.47,,,,,
1678,22/10/05 06:30:00,14.1,14.36,,,,,
1679,22/10/05 07:00:00,14.1,14.35,,,,,
1680,22/10/05 07:30:00,13.7,14.32,,,,,
1681,22/10/05 08:00:00,13.7,14.19,,,,,
1682,22/10/05 08:30:00,13.7,14.21,,,,,
1683,22/10/05 09:00:00,13.7,14.23,,,,,
1684,22/10/05 09:30:00,13.7,14.21,,,,,
1685,22/10/05 10:00:00,13.7,14.29,,,,,
1686,22/10/05 10:30:00,13.3,14.38,,,,,
1687,22/10/05 11:00:00,13.7,14.33,,,,,
1688,22/10/05 11:30:00,13.7,14.43,,,,,
1689,22/10/05 12:00:00,13.3,14.52,,,,,
1690,22/10/05 12:30:00,13.3,14.63,,,,,
1691,22/10/05 13:00:00,13.3,14.66,,,,,
1692,22/10/05 13:30:00,12.9,14.57,,,,,
1693,22/10/05 14:00:00,14.9,14.57,,,,,
1694,22/10/05 14:30:00,14.9,14.63,,,,,
1695,22/10/05 15:00:00,14.1,14.82,,,,,
1696,22/10/05 15:30:00,14.1,14.80,,,,,
1697,22/10/05 16:00:00,14.1,14.77,,,,,
1698,22/10/05 16:30:00,14.1,14.74,,,,,
1699,22/10/05 17:00:00,14.1,14.73,,,,,
1700,22/10/05 17:30:00,14.1,14.68,,,,,
1701,22/10/05 18:00:00,14.1,14.64,,,,,
1702,22/10/05 18:30:00,14.1,14.68,,,,,
1703,22/10/05 19:00:00,13.7,14.69,,,,,
1704,22/10/05 19:30:00,13.7,14.69,,,,,
1705,22/10/05 20:00:00,13.3,14.66,,,,,
1706,22/10/05 20:30:00,13.3,14.62,,,,,
1707,22/10/05 21:00:00,12.9,14.60,,,,,
1708,22/10/05 21:30:00,12.9,14.58,,,,,
1709,22/10/05 22:00:00,12.9,14.55,,,,,
1710,22/10/05 22:30:00,13.3,14.49,,,,,
1711,22/10/05 23:00:00,13.3,14.45,,,,,
1712,22/10/05 23:30:00,13.3,14.41,,,,,
1713,22/10/06 00:00:00,13.7,14.33,,,,,
1714,22/10/06 00:30:00,13.7,14.28,,,,,
1715,22/10/06 01:00:00,13.7,14.22,,,,,
1716,22/10/06 01:30:00,13.7,14.11,,,,,
1717,22/10/06 02:00:00,13.7,14.10,,,,,
1718,22/10/06 02:30:00,13.7,14.00,,,,,
1719,22/10/06 03:00:00,14.1,13.94,,,,,
1720,22/10/06 03:30:00,14.1,13.91,,,,,
1721,22/10/06 04:00:00,14.1,13.88,,,,,
1722,22/10/06 04:30:00,14.1,13.76,,,,,
1723,22/10/06 05:00:00,14.1,13.68,,,,,
1724,22/10/06 05:30:00,14.1,13.65,,,,,
1725,22/10/06 06:00:00,14.1,13.57,,,,,
1726,22/10/06 06:30:00,13.7,13.53,,,,,
1727,22/10/06 07:00:00,13.7,13.50,,,,,
1728,22/10/06 07:30:00,13.7,13.40,,,,,
1729,22/10/06 08:00:00,13.7,13.31,,,,,
1730,22/10/06 08:30:00,13.7,13.31,,,,,
1731,22/10/06 09:00:00,13.7,13.29,,,,,
1732,22/10/06 09:30:00,13.7,13.26,,,,,
1733,22/10/06 10:00:00,13.3,13.34,,,,,
1734,22/10/06 10:30:00,13.3,13.39,,,,,
1735,22/10/06 11:00:00,14.9,13.38,,,,,
1736,22/10/06 11:30:00,14.5,13.48,,,,,
1737,22/10/06 12:00:00,14.9,13.54,,,,,
1738,22/10/06 12:30:00,14.5,13.62,,,,,
1739,22/10/06 13:00:00,14.5,13.71,,,,,
1740,22/10/06 13:30:00,14.5,13.77,,,,,
1741,22/10/06 14:00:00,14.1,13.79,,,,,
1742,22/10/06 14:30:00,14.1,13.85,,,,,
1743,22/10/06 15:00:00,13.7,13.90,,,,,
1744,22/10/06 15:30:00,13.7,13.90,,,,,
1745,22/10/06 16:00:00,13.7,13.95,,,,,
1746,22/10/06 16:30:00,13.7,13.94,,,,,
1747,22/10/06 17:00:00,13.7,13.93,,,,,
1748,22/10/06 17:30:00,13.7,13.90,,,,,
1749,22/10/06 18:00:00,13.3,13.89,,,,,
1750,22/10/06 18:30:00,13.3,13.88,,,,,
1751,22/10/06 19:00:00,12.9,13.89,,,,,
1752,22/10/06 19:30:00,12.9,13.89,,,,,
1753,22/10/06 20:00:00,12.9,13.88,,,,,
1754,22/10/06 20:30:00,13.3,13.85,,,,,
1755,22/10/06 21:00:00,13.3,13.84,,,,,
1756,22/10/06 21:30:00,12.9,13.82,,,,,
1757,22/10/06 22:00:00,12.6,13.79,,,,,
1758,22/10/06 22:30:00,12.6,13.72,,,,,
1759,22/10/06 23:00:00,12.6,13.66,,,,,
1760,22/10/06 23:30:00,12.6,13.60,,,,,
1761,22/10/07 00:00:00,12.9,13.57,,,,,
1762,22/10/07 00:30:00,12.9,13.56,,,,,
1763,22/10/07 01:00:00,13.3,13.49,,,,,
1764,22/10/07 01:30:00,13.3,13.42,,,,,
1765,22/10/07 02:00:00,13.3,13.42,,,,,
1766,22/10/07 02:30:00,13.3,13.34,,,,,
1767,22/10/07 03:00:00,13.3,13.27,,,,,
1768,22/10/07 03:30:00,13.7,13.23,,,,,
1769,22/10/07 04:00:00,13.7,13.18,,,,,
1770,22/10/07 04:30:00,13.7,13.11,,,,,
1771,22/10/07 05:00:00,13.7,13.10,,,,,
1772,22/10/07 05:30:00,13.3,13.04,,,,,
1773,22/10/07 06:00:00,13.7,12.95,,,,,
1774,22/10/07 06:30:00,13.7,12.93,,,,,
1775,22/10/07 07:00:00,13.7,12.90,,,,,
1776,22/10/07 07:30:00,13.3,12.83,,,,,
1777,22/10/07 08:00:00,13.3,12.81,,,,,
1778,22/10/07 08:30:00,13.7,12.81,,,,,
1779,22/10/07 09:00:00,13.7,12.77,,,,,
1780,22/10/07 09:30:00,13.3,12.80,,,,,
1781,22/10/07 10:00:00,13.3,12.88,,,,,
1782,22/10/07 10:30:00,13.3,12.97,,,,,
1783,22/10/07 11:00:00,13.3,13.04,,,,,
1784,22/10/07 11:30:00,13.0,13.17,,,,,
1785,22/10/07 12:00:00,13.3,13.26,,,,,
1786,22/10/07 12:30:00,13.0,13.34,,,,,
1787,22/10/07 13:00:00,12.9,13.40,,,,,
1788,22/10/07 13:30:00,12.9,13.49,,,,,
1789,22/10/07 14:00:00,12.9,13.54,,,,,
1790,22/10/07 14:30:00,12.9,13.60,,,,,
1791,22/10/07 15:00:00,13.3,13.63,,,,,
1792,22/10/07 15:30:00,12.9,13.67,,,,,
1793,22/10/07 16:00:00,12.6,13.68,,,,,
1794,22/10/07 16:30:00,14.9,13.70,,,,,
1795,22/10/07 17:00:00,14.1,13.67,,,,,
1796,22/10/07 17:30:00,14.5,13.65,,,,,
1797,22/10/07 18:00:00,14.1,13.66,,,,,
1798,22/10/07 18:30:00,14.1,13.70,,,,,
1799,22/10/07 19:00:00,14.1,13.66,,,,,
1800,22/10/07 19:30:00,14.1,13.68,,,,,
1801,22/10/07 20:00:00,14.1,13.72,,,,,
1802,22/10/07 20:30:00,13.7,13.74,,,,,
1803,22/10/07 21:00:00,14.1,13.74,,,,,
1804,22/10/07 21:30:00,13.7,13.76,,,,,
1805,22/10/07 22:00:00,13.7,13.76,,,,,
1806,22/10/07 22:30:00,13.7,13.74,,,,,
1807,22/10/07 23:00:00,13.7,13.72,,,,,
1808,22/10/07 23:30:00,13.7,13.71,,,,,
1809,22/10/08 00:00:00,13.7,13.66,,,,,
1810,22/10/08 00:30:00,13.7,13.60,,,,,
1811,22/10/08 01:00:00,13.7,13.57,,,,,
1812,22/10/08 01:30:00,13.7,13.54,,,,,
1813,22/10/08 02:00:00,13.7,13.50,,,,,
1814,22/10/08 02:30:00,13.7,13.44,,,,,
1815,22/10/08 03:00:00,13.7,13.42,,,,,
1816,22/10/08 03:30:00,13.7,13.37,,,,,
1817,22/10/08 04:00:00,14.1,13.31,,,,,
1818,22/10/08 04:30:00,14.1,13.27,,,,,
1819,22/10/08 05:00:00,14.1,13.25,,,,,
1820,22/10/08 05:30:00,14.1,13.21,,,,,
1821,22/10/08 06:00:00,14.1,13.15,,,,,
1822,22/10/08 06:30:00,14.1,13.11,,,,,
1823,22/10/08 07:00:00,14.1,13.04,,,,,
1824,22/10/08 07:30:00,14.1,13.01,,,,,
1825,22/10/08 08:00:00,14.1,12.99,,,,,
1826,22/10/08 08:30:00,14.1,12.95,,,,,
1827,22/10/08 09:00:00,13.7,12.97,,,,,
1828,22/10/08 09:30:00,13.7,12.99,,,,,
1829,22/10/08 10:00:00,13.7,13.05,,,,,
1830,22/10/08 10:30:00,13.7,13.14,,,,,
1831,22/10/08 11:00:00,13.3,13.25,,,,,
1832,22/10/08 11:30:00,13.7,13.33,,,,,
1833,22/10/08 12:00:00,13.3,13.44,,,,,
1834,22/10/08 12:30:00,13.3,13.53,,,,,
1835,22/10/08 13:00:00,13.3,13.60,,,,,
1836,22/10/08 13:30:00,13.3,13.68,,,,,
1837,22/10/08 14:00:00,13.7,13.72,,,,,
1838,22/10/08 14:30:00,13.3,13.74,,,,,
1839,22/10/08 15:00:00,13.3,13.79,,,,,
1840,22/10/08 15:30:00,13.3,13.84,,,,,
1841,22/10/08 16:00:00,12.9,13.85,,,,,
1842,22/10/08 16:30:00,12.9,13.87,,,,,
1843,22/10/08 17:00:00,12.9,13.84,,,,,
1844,22/10/08 17:30:00,12.9,13.83,,,,,
1845,22/10/08 18:00:00,12.9,13.79,,,,,
1846,22/10/08 18:30:00,12.9,13.79,,,,,
1847,22/10/08 19:00:00,12.9,13.78,,,,,
1848,22/10/08 19:30:00,12.9,13.81,,,,,
1849,22/10/08 20:00:00,12.9,13.83,,,,,
1850,22/10/08 20:30:00,12.6,13.85,,,,,
1851,22/10/08 21:00:00,12.6,13.87,,,,,
1852,22/10/08 21:30:00,12.6,13.87,,,,,
1853,22/10/08 22:00:00,12.6,13.84,,,,,
1854,22/10/08 22:30:00,12.2,13.83,,,,,
1855,22/10/08 23:00:00,12.2,13.79,,,,,
1856,22/10/08 23:30:00,12.2,13.74,,,,,
1857,22/10/09 00:00:00,12.2,13.70,,,,,
1858,22/10/09 00:30:00,12.2,13.66,,,,,
1859,22/10/09 01:00:00,12.2,13.65,,,,,
1860,22/10/09 01:30:00,12.6,13.60,,,,,
1861,22/10/09 02:00:00,12.6,13.51,,,,,
1862,22/10/09 02:30:00,12.2,13.49,,,,,
1863,22/10/09 03:00:00,12.6,13.46,,,,,
1864,22/10/09 03:30:00,12.6,13.39,,,,,
1865,22/10/09 04:00:00,12.6,13.34,,,,,
1866,22/10/09 04:30:00,12.6,13.31,,,,,
1867,22/10/09 05:00:00,12.6,13.25,,,,,
1868,22/10/09 05:30:00,12.6,13.21,,,,,
1869,22/10/09 06:00:00,12.6,13.17,,,,,
1870,22/10/09 06:30:00,12.6,13.14,,,,,
1871,22/10/09 07:00:00,12.6,13.08,,,,,
1872,22/10/09 07:30:00,12.6,13.05,,,,,
1873,22/10/09 08:00:00,12.6,12.98,,,,,
1874,22/10/09 08:30:00,12.6,12.98,,,,,
1875,22/10/09 09:00:00,12.6,12.98,,,,,
1876,22/10/09 09:30:00,12.6,13.00,,,,,
1877,22/10/09 10:00:00,12.2,13.05,,,,,
1878,22/10/09 10:30:00,12.2,13.12,,,,,
1879,22/10/09 11:00:00,12.2,13.23,,,,,
1880,22/10/09 11:30:00,12.2,13.33,,,,,
1881,22/10/09 12:00:00,11.8,13.40,,,,,
1882,22/10/09 12:30:00,12.6,13.48,,,,,
1883,22/10/09 13:00:00,12.6,13.54,,,,,
1884,22/10/09 13:30:00,12.6,13.60,,,,,
1885,22/10/09 14:00:00,12.9,13.66,,,,,
1886,22/10/09 14:30:00,12.6,13.71,,,,,
1887,22/10/09 15:00:00,12.6,13.76,,,,,
1888,22/10/09 15:30:00,12.6,13.78,,,,,
1889,22/10/09 16:00:00,12.6,13.78,,,,,
1890,22/10/09 16:30:00,12.6,13.79,,,,,
1891,22/10/09 17:00:00,12.6,13.78,,,,,
1892,22/10/09 17:30:00,12.2,13.78,,,,,
1893,22/10/09 18:00:00,12.2,13.73,,,,,
1894,22/10/09 18:30:00,12.2,13.72,,,,,
1895,22/10/09 19:00:00,12.2,13.71,,,,,
1896,22/10/09 19:30:00,12.2,13.71,,,,,
1897,22/10/09 20:00:00,12.2,13.72,,,,,
1898,22/10/09 20:30:00,13.3,13.73,,,,,
1899,22/10/09 21:00:00,13.3,13.73,,,,,
1900,22/10/09 21:30:00,13.3,13.74,,,,,
1901,22/10/09 22:00:00,13.7,13.76,,,,,
1902,22/10/09 22:30:00,13.7,13.76,,,,,
1903,22/10/09 23:00:00,13.7,13.71,,,,,
1904,22/10/09 23:30:00,13.3,13.67,,,,,
1905,22/10/10 00:00:00,13.7,13.57,,,,,
1906,22/10/10 00:30:00,13.3,13.49,,,,,
1907,22/10/10 01:00:00,13.7,13.40,,,,,
1908,22/10/10 01:30:00,13.7,13.37,,,,,
1909,22/10/10 02:00:00,13.7,13.31,,,,,
1910,22/10/10 02:30:00,13.3,13.26,,,,,
1911,22/10/10 03:00:00,13.7,13.18,,,,,
1912,22/10/10 03:30:00,13.7,13.12,,,,,
1913,22/10/10 04:00:00,13.7,13.06,,,,,
1914,22/10/10 04:30:00,13.7,13.03,,,,,
1915,22/10/10 05:00:00,13.7,13.03,,,,,
1916,22/10/10 05:30:00,13.7,12.97,,,,,
1917,22/10/10 06:00:00,13.7,12.89,,,,,
1918,22/10/10 06:30:00,13.7,12.87,,,,,
1919,22/10/10 07:00:00,13.7,12.82,,,,,
1920,22/10/10 07:30:00,14.1,12.78,,,,,
1921,22/10/10 08:00:00,13.3,12.78,,,,,
1922,22/10/10 08:30:00,13.3,12.76,,,,,
1923,22/10/10 09:00:00,13.7,12.77,,,,,
1924,22/10/10 09:30:00,13.3,12.82,,,,,
1925,22/10/10 10:00:00,13.0,12.87,,,,,
1926,22/10/10 10:30:00,13.3,12.84,,,,,
1927,22/10/10 11:00:00,13.0,13.06,,,,,
1928,22/10/10 11:30:00,13.0,13.22,,,,,
1929,22/10/10 12:00:00,13.0,13.06,,,,,
1930,22/10/10 12:30:00,13.0,12.94,,,,,
1931,22/10/10 13:00:00,13.0,12.92,,,,,
1932,22/10/10 13:30:00,13.0,12.95,,,,,
1933,22/10/10 14:00:00,13.0,13.01,,,,,
1934,22/10/10 14:30:00,14.1,13.29,,,,,
1935,22/10/10 15:00:00,14.1,13.35,,,,,
1936,22/10/10 15:30:00,388.0,13.17,,,,,
1937,22/10/10 16:00:00,299.3,13.28,,,,,
1938,22/10/10 16:30:00,278.0,13.14,,,,,
1939,22/10/10 17:00:00,269.3,13.15,,,,,
1940,22/10/10 17:30:00,388.4,13.27,,,,,
1941,22/10/10 18:00:00,388.1,13.15,,,,,
1942,22/10/10 18:30:00,388.1,13.08,,,,,
1943,22/10/10 19:00:00,387.7,13.04,,,,,
1944,22/10/10 19:30:00,386.9,13.01,,,,,
1945,22/10/10 20:00:00,386.1,12.94,,,,,
1946,22/10/10 20:30:00,385.7,12.98,,,,,
1947,22/10/10 21:00:00,385.3,12.98,,,,,
1948,22/10/10 21:30:00,382.9,12.97,,,,,
1949,22/10/10 22:00:00,379.4,12.82,,,,,
1950,22/10/10 22:30:00,379.4,12.75,,,,,
1951,22/10/10 23:00:00,380.7,12.65,,,,,
1952,22/10/10 23:30:00,382.3,12.67,,,,,
1953,22/10/11 00:00:00,381.9,12.62,,,,,
1954,22/10/11 00:30:00,381.9,12.59,,,,,
1955,22/10/11 01:00:00,381.9,12.60,,,,,
1956,22/10/11 01:30:00,381.1,12.58,,,,,
1957,22/10/11 02:00:00,380.3,12.54,,,,,
1958,22/10/11 02:30:00,380.7,12.48,,,,,
1959,22/10/11 03:00:00,379.9,12.48,,,,,
1960,22/10/11 03:30:00,380.4,12.44,,,,,
1961,22/10/11 04:00:00,380.8,12.41,,,,,
1962,22/10/11 04:30:00,380.0,12.38,,,,,
1963,22/10/11 05:00:00,380.0,12.34,,,,,
1964,22/10/11 05:30:00,379.2,12.28,,,,,
1965,22/10/11 06:00:00,378.0,12.26,,,,,
1966,22/10/11 06:30:00,378.1,12.20,,,,,
1967,22/10/11 07:00:00,377.3,12.14,,,,,
1968,22/10/11 07:30:00,376.9,12.10,,,,,
1969,22/10/11 08:00:00,376.9,12.05,,,,,
1970,22/10/11 08:30:00,377.3,12.04,,,,,
1971,22/10/11 09:00:00,376.9,12.04,,,,,
1972,22/10/11 09:30:00,377.7,12.06,,,,,
1973,22/10/11 10:00:00,378.9,12.13,,,,,
1974,22/10/11 10:30:00,378.0,12.22,,,,,
1975,22/10/11 11:00:00,377.6,12.27,,,,,
1976,22/10/11 11:30:00,379.2,12.36,,,,,
1977,22/10/11 12:00:00,382.0,12.41,,,,,
1978,22/10/11 12:30:00,378.7,12.49,,,,,
1979,22/10/11 13:00:00,379.1,12.56,,,,,
1980,22/10/11 13:30:00,378.3,12.64,,,,,
1981,22/10/11 14:00:00,368.3,12.69,,,,,
1982,22/10/11 14:30:00,364.3,12.73,,,,,
1983,22/10/11 15:00:00,355.5,12.78,,,,,
1984,22/10/11 15:30:00,355.1,12.75,,,,,
1985,22/10/11 16:00:00,342.0,12.73,,,,,
1986,22/10/11 16:30:00,301.5,12.73,,,,,
1987,22/10/11 17:00:00,168.8,12.70,,,,,
1988,22/10/11 17:30:00,143.4,12.64,,,,,
1989,22/10/11 18:00:00,192.3,12.58,,,,,
1990,22/10/11 18:30:00,108.4,12.58,,,,,
1991,22/10/11 19:00:00,120.8,12.61,,,,,
1992,22/10/11 19:30:00,85.1,12.64,,,,,
1993,22/10/11 20:00:00,68.5,12.62,,,,,
1994,22/10/11 20:30:00,72.0,12.59,,,,,
1995,22/10/11 21:00:00,68.5,12.56,,,,,
1996,22/10/11 21:30:00,26.0,12.54,,,,,
1997,22/10/11 22:00:00,41.8,12.52,,,,,
1998,22/10/11 22:30:00,36.8,12.45,,,,,
1999,22/10/11 23:00:00,33.0,12.43,,,,,
2000,22/10/11 23:30:00,32.2,12.38,,,,,
2001,22/10/12 00:00:00,29.5,12.36,,,,,
2002,22/10/12 00:30:00,26.8,12.39,,,,,
2003,22/10/12 01:00:00,27.6,12.37,,,,,
2004,22/10/12 01:30:00,29.9,12.31,,,,,
2005,22/10/12 02:00:00,26.0,12.25,,,,,
2006,22/10/12 02:30:00,27.2,12.25,,,,,
2007,22/10/12 03:00:00,31.1,12.17,,,,,
2008,22/10/12 03:30:00,26.4,12.16,,,,,
2009,22/10/12 04:00:00,29.9,12.08,,,,,
2010,22/10/12 04:30:00,26.8,12.03,,,,,
2011,22/10/12 05:00:00,26.8,12.03,,,,,
2012,22/10/12 05:30:00,27.6,11.98,,,,,
2013,22/10/12 06:00:00,23.7,11.97,,,,,
2014,22/10/12 06:30:00,26.1,11.92,,,,,
2015,22/10/12 07:00:00,24.9,11.89,,,,,
2016,22/10/12 07:30:00,23.4,11.85,,,,,
2017,22/10/12 08:00:00,24.5,11.76,,,,,
2018,22/10/12 08:30:00,24.5,11.72,,,,,
2019,22/10/12 09:00:00,24.5,11.70,,,,,
2020,22/10/12 09:30:00,24.9,11.69,,,,,
2021,22/10/12 10:00:00,24.5,11.74,,,,,
2022,22/10/12 10:30:00,25.3,11.82,,,,,
2023,22/10/12 11:00:00,25.7,11.92,,,,,
2024,22/10/12 11:30:00,26.4,12.02,,,,,
2025,22/10/12 12:00:00,26.8,12.11,,,,,
2026,22/10/12 12:30:00,26.0,12.25,,,,,
2027,22/10/12 13:00:00,25.7,12.28,,,,,
2028,22/10/12 13:30:00,24.9,12.34,,,,,
2029,22/10/12 14:00:00,25.7,12.37,,,,,
2030,22/10/12 14:30:00,21.4,12.38,,,,,
2031,22/10/12 15:00:00,21.4,12.42,,,,,
2032,22/10/12 15:30:00,21.4,12.41,,,,,
2033,22/10/12 16:00:00,21.4,12.41,,,,,
2034,22/10/12 16:30:00,19.9,12.41,,,,,
2035,22/10/12 17:00:00,19.9,12.37,,,,,
2036,22/10/12 17:30:00,19.5,12.32,,,,,
2037,22/10/12 18:00:00,19.9,12.27,,,,,
2038,22/10/12 18:30:00,19.1,12.27,,,,,
2039,22/10/12 19:00:00,19.1,12.26,,,,,
2040,22/10/12 19:30:00,18.7,12.26,,,,,
2041,22/10/12 20:00:00,18.3,12.30,,,,,
2042,22/10/12 20:30:00,18.0,12.28,,,,,
2043,22/10/12 21:00:00,18.0,12.27,,,,,
2044,22/10/12 21:30:00,17.6,12.26,,,,,
2045,22/10/12 22:00:00,18.0,12.22,,,,,
2046,22/10/12 22:30:00,18.0,12.20,,,,,
2047,22/10/12 23:00:00,17.6,12.15,,,,,
2048,22/10/12 23:30:00,17.6,12.09,,,,,
2049,22/10/13 00:00:00,17.6,12.04,,,,,
2050,22/10/13 00:30:00,17.2,11.99,,,,,
2051,22/10/13 01:00:00,17.2,11.94,,,,,
2052,22/10/13 01:30:00,17.2,11.88,,,,,
2053,22/10/13 02:00:00,17.6,11.85,,,,,
2054,22/10/13 02:30:00,17.2,11.79,,,,,
2055,22/10/13 03:00:00,17.2,11.75,,,,,
2056,22/10/13 03:30:00,17.2,11.71,,,,,
2057,22/10/13 04:00:00,17.2,11.63,,,,,
2058,22/10/13 04:30:00,17.2,11.59,,,,,
2059,22/10/13 05:00:00,17.2,11.54,,,,,
2060,22/10/13 05:30:00,17.2,11.48,,,,,
2061,22/10/13 06:00:00,17.2,11.43,,,,,
2062,22/10/13 06:30:00,17.2,11.37,,,,,
2063,22/10/13 07:00:00,16.8,11.32,,,,,
2064,22/10/13 07:30:00,17.2,11.25,,,,,
2065,22/10/13 08:00:00,17.2,11.23,,,,,
2066,22/10/13 08:30:00,16.4,11.21,,,,,
2067,22/10/13 09:00:00,16.4,11.19,,,,,
2068,22/10/13 09:30:00,16.4,11.21,,,,,
2069,22/10/13 10:00:00,16.4,11.26,,,,,
2070,22/10/13 10:30:00,16.4,11.33,,,,,
2071,22/10/13 11:00:00,16.1,11.44,,,,,
2072,22/10/13 11:30:00,16.1,11.55,,,,,
2073,22/10/13 12:00:00,15.7,11.66,,,,,
2074,22/10/13 12:30:00,16.0,11.76,,,,,
2075,22/10/13 13:00:00,15.7,11.85,,,,,
2076,22/10/13 13:30:00,16.4,11.89,,,,,
2077,22/10/13 14:00:00,16.0,11.99,,,,,
2078,22/10/13 14:30:00,16.4,11.98,,,,,
2079,22/10/13 15:00:00,42.8,17.44,,,,,
2080,22/10/13 15:30:00,32.4,17.18,,,,,
2081,22/10/13 16:00:00,33.6,16.48,,,,,
2082,22/10/13 16:30:00,37.1,16.09,,,,,
2083,22/10/13 17:00:00,37.9,15.62,,,,,
2084,22/10/13 17:30:00,39.0,14.99,,,,,
2085,22/10/13 18:00:00,45.3,13.45,,,,,
2086,22/10/13 18:30:00,45.7,12.69,,,,,
2087,22/10/13 19:00:00,47.6,12.15,,,,,
2088,22/10/13 19:30:00,50.2,14.43,,,,,
2089,22/10/13 20:00:00,52.8,17.50,,,,,
2090,22/10/13 20:30:00,52.6,19.40,,,,,
2091,22/10/13 21:00:00,52.6,20.62,,,,,
2092,22/10/13 21:30:00,52.9,21.48,,,,,
2093,22/10/13 22:00:00,53.6,22.20,,,,,
2094,22/10/13 22:30:00,55.2,22.53,,,,,
2095,22/10/13 23:00:00,57.1,22.71,,,,,
2096,22/10/13 23:30:00,60.1,22.85,,,,,
2097,22/10/14 00:00:00,62.8,22.94,,,,,
2098,22/10/14 00:30:00,65.4,23.02,,,,,
2099,22/10/14 01:00:00,70.4,23.07,,,,,
2100,22/10/14 01:30:00,73.1,23.10,,,,,
2101,22/10/14 02:00:00,73.5,23.14,,,,,
2102,22/10/14 02:30:00,75.8,23.16,,,,,
2103,22/10/14 03:00:00,79.6,23.18,,,,,
2104,22/10/14 03:30:00,78.8,23.19,,,,,
2105,22/10/14 04:00:00,75.4,23.20,,,,,
2106,22/10/14 04:30:00,76.9,23.21,,,,,
2107,22/10/14 05:00:00,78.4,23.22,,,,,
2108,22/10/14 05:30:00,80.4,23.22,,,,,
2109,22/10/14 06:00:00,82.3,23.22,,,,,
2110,22/10/14 06:30:00,83.8,23.24,,,,,
2111,22/10/14 07:00:00,85.0,23.25,,,,,
2112,22/10/14 07:30:00,86.9,23.25,,,,,
2113,22/10/14 08:00:00,88.4,23.26,,,,,
2114,22/10/14 08:30:00,90.7,23.37,,,,,
2115,22/10/14 09:00:00,70.5,21.36,,,,,
2116,22/10/14 09:30:00,45.3,19.91,,,,,
2117,22/10/14 10:00:00,39.2,19.59,,,,,
2118,22/10/14 10:30:00,40.0,19.67,,,,,
2119,22/10/14 11:00:00,29.3,19.90,,,,,
2120,22/10/14 11:30:00,4.1,20.08,,,,,
2121,22/10/14 12:00:00,5.6,20.52,,,,,
2122,22/10/14 12:30:00,5.6,20.84,,,,,
2123,22/10/14 13:00:00,5.6,21.06,,,,,
2124,22/10/14 13:30:00,5.6,21.12,,,,,
2125,22/10/14 14:00:00,3.7,21.12,,,,,
2126,22/10/14 14:30:00,5.6,21.14,,,,,
2127,22/10/14 15:00:00,5.6,21.25,,,,,
2128,22/10/14 15:30:00,5.6,21.47,,,,,
2129,22/10/14 16:00:00,5.6,21.69,,,,,
2130,22/10/14 16:30:00,5.6,21.81,,,,,
2131,22/10/14 17:00:00,5.6,21.84,,,,,
2132,22/10/14 17:30:00,3.7,21.84,,,,,
2133,22/10/14 18:00:00,5.6,21.87,,,,,
2134,22/10/14 18:30:00,5.6,21.97,,,,,
2135,22/10/14 19:00:00,3.7,22.06,,,,,
2136,22/10/14 19:30:00,5.6,22.13,,,,,
2137,22/10/14 20:00:00,5.6,22.21,,,,,
2138,22/10/14 20:30:00,5.6,22.30,,,,,
2139,22/10/14 21:00:00,3.7,22.40,,,,,
2140,22/10/14 21:30:00,15.5,22.57,,,,,
2141,22/10/14 22:00:00,5.6,22.62,,,,,
2142,22/10/14 22:30:00,5.6,22.71,,,,,
2143,22/10/14 23:00:00,5.6,22.86,,,,,
2144,22/10/14 23:30:00,5.6,22.99,,,,,
2145,22/10/15 00:00:00,5.6,23.07,,,,,
2146,22/10/15 00:30:00,15.5,23.13,,,,,
2147,22/10/15 01:00:00,5.6,23.20,,,,,
2148,22/10/15 01:30:00,5.6,23.27,,,,,
2149,22/10/15 02:00:00,5.6,23.38,,,,,
2150,22/10/15 02:30:00,5.6,23.43,,,,,
2151,22/10/15 03:00:00,3.7,23.46,,,,,
2152,22/10/15 03:30:00,3.7,23.48,,,,,
2153,22/10/15 04:00:00,5.6,23.48,,,,,
2154,22/10/15 04:30:00,5.6,23.50,,,,,
2155,22/10/15 05:00:00,3.7,23.52,,,,,
2156,22/10/15 05:30:00,5.6,23.53,,,,,
2157,22/10/15 06:00:00,5.6,23.61,,,,,
2158,22/10/15 06:30:00,5.6,23.69,,,,,
2159,22/10/15 07:00:00,5.6,23.74,,,,,
2160,22/10/15 07:30:00,5.6,23.71,,,,,
2161,22/10/15 08:00:00,5.6,23.65,,,,,
2162,22/10/15 08:30:00,5.6,23.55,,,,,
2163,22/10/15 09:00:00,5.6,23.53,,,,,
2164,22/10/15 09:30:00,5.6,23.64,,,,,
2165,22/10/15 10:00:00,3.7,23.65,,,,,
2166,22/10/15 10:30:00,5.6,23.66,,,,,
2167,22/10/15 11:00:00,5.6,23.65,,,,,
2168,22/10/15 11:30:00,5.6,23.69,,,,,
2169,22/10/15 12:00:00,5.6,23.64,,,,,
2170,22/10/15 12:30:00,5.6,23.60,,,,,
2171,22/10/15 13:00:00,3.7,23.58,,,,,
2172,22/10/15 13:30:00,15.5,23.55,,,,,
2173,22/10/15 14:00:00,3.7,23.54,,,,,
2174,22/10/15 14:30:00,5.6,23.50,,,,,
2175,22/10/15 15:00:00,5.6,23.48,,,,,
2176,22/10/15 15:30:00,15.5,23.44,,,,,
2177,22/10/15 16:00:00,3.7,23.41,,,,,
2178,22/10/15 16:30:00,5.6,23.38,,,,,
2179,22/10/15 17:00:00,5.6,23.36,,,,,
2180,22/10/15 17:30:00,3.7,23.32,,,,,
2181,22/10/15 18:00:00,5.6,23.29,,,,,
2182,22/10/15 18:30:00,5.6,23.26,,,,,
2183,22/10/15 19:00:00,5.6,23.25,,,,,
2184,22/10/15 19:30:00,5.6,23.25,,,,,
2185,22/10/15 20:00:00,5.6,23.25,,,,,
2186,22/10/15 20:30:00,3.7,23.27,,,,,
2187,22/10/15 21:00:00,5.6,23.30,,,,,
2188,22/10/15 21:30:00,5.6,23.32,,,,,
2189,22/10/15 22:00:00,6.4,23.33,,,,,
2190,22/10/15 22:30:00,5.6,23.37,,,,,
2191,22/10/15 23:00:00,5.6,23.41,,,,,
2192,22/10/15 23:30:00,5.6,23.44,,,,,
2193,22/10/16 00:00:00,5.6,23.47,,,,,
2194,22/10/16 00:30:00,5.6,23.50,,,,,
2195,22/10/16 01:00:00,5.6,23.53,,,,,
2196,22/10/16 01:30:00,3.7,23.54,,,,,
2197,22/10/16 02:00:00,5.6,23.57,,,,,
2198,22/10/16 02:30:00,5.6,23.59,,,,,
2199,22/10/16 03:00:00,5.6,23.63,,,,,
2200,22/10/16 03:30:00,5.6,23.69,,,,,
2201,22/10/16 04:00:00,3.7,23.75,,,,,
2202,22/10/16 04:30:00,5.6,23.77,,,,,
2203,22/10/16 05:00:00,5.6,23.77,,,,,
2204,22/10/16 05:30:00,5.6,23.76,,,,,
2205,22/10/16 06:00:00,5.6,23.75,,,,,
2206,22/10/16 06:30:00,3.7,23.74,,,,,
2207,22/10/16 07:00:00,5.6,23.72,,,,,
2208,22/10/16 07:30:00,5.6,23.71,,,,,
2209,22/10/16 08:00:00,3.7,23.71,,,,,
2210,22/10/16 08:30:00,5.6,23.71,,,,,
2211,22/10/16 09:00:00,3.7,23.72,,,,,
2212,22/10/16 09:30:00,5.6,23.74,,,,,
2213,22/10/16 10:00:00,5.6,23.71,,,,,
2214,22/10/16 10:30:00,5.6,23.70,,,,,
2215,22/10/16 11:00:00,5.6,23.74,,,,,
2216,22/10/16 11:30:00,3.7,23.70,,,,,
2217,22/10/16 12:00:00,5.6,23.65,,,,,
2218,22/10/16 12:30:00,5.6,23.60,,,,,
2219,22/10/16 13:00:00,5.6,23.55,,,,,
2220,22/10/16 13:30:00,3.7,23.52,,,,,
2221,22/10/16 14:00:00,5.6,23.47,,,,,
2222,22/10/16 14:30:00,5.6,23.42,,,,,
2223,22/10/16 15:00:00,5.6,23.37,,,,,
2224,22/10/16 15:30:00,5.6,23.32,,,,,
2225,22/10/16 16:00:00,5.6,23.30,,,,,
2226,22/10/16 16:30:00,5.6,23.26,,,,,
2227,22/10/16 17:00:00,5.6,23.22,,,,,
2228,22/10/16 17:30:00,5.6,23.19,,,,,
2229,22/10/16 18:00:00,3.7,23.15,,,,,
2230,22/10/16 18:30:00,5.6,23.10,,,,,
2231,22/10/16 19:00:00,5.6,23.08,,,,,
2232,22/10/16 19:30:00,5.6,23.07,,,,,
2233,22/10/16 20:00:00,15.5,23.07,,,,,
2234,22/10/16 20:30:00,5.6,23.07,,,,,
2235,22/10/16 21:00:00,5.6,23.08,,,,,
2236,22/10/16 21:30:00,3.7,23.08,,,,,
2237,22/10/16 22:00:00,5.6,23.09,,,,,
2238,22/10/16 22:30:00,3.7,23.11,,,,,
2239,22/10/16 23:00:00,3.7,23.13,,,,,
2240,22/10/16 23:30:00,5.6,23.18,,,,,
2241,22/10/17 00:00:00,5.6,23.22,,,,,
2242,22/10/17 00:30:00,5.6,23.27,,,,,
2243,22/10/17 01:00:00,5.6,23.35,,,,,
2244,22/10/17 01:30:00,5.6,23.41,,,,,
2245,22/10/17 02:00:00,5.6,23.47,,,,,
2246,22/10/17 02:30:00,3.7,23.50,,,,,
2247,22/10/17 03:00:00,3.7,23.53,,,,,
2248,22/10/17 03:30:00,5.6,23.57,,,,,
2249,22/10/17 04:00:00,5.6,23.58,,,,,
2250,22/10/17 04:30:00,5.6,23.59,,,,,
2251,22/10/17 05:00:00,5.6,23.60,,,,,
2252,22/10/17 05:30:00,3.7,23.60,,,,,
2253,22/10/17 06:00:00,5.6,23.61,,,,,
2254,22/10/17 06:30:00,5.6,23.58,,,,,
2255,22/10/17 07:00:00,3.7,23.50,,,,,
2256,22/10/17 07:30:00,15.5,23.44,,,,,
2257,22/10/17 08:00:00,5.6,23.39,,,,,
2258,22/10/17 08:30:00,5.6,23.36,,,,,
2259,22/10/17 09:00:00,5.6,23.38,,,,,
2260,22/10/17 09:30:00,3.7,23.55,,,,,
2261,22/10/17 10:00:00,3.7,23.76,,,,,
2262,22/10/17 10:30:00,5.6,23.86,,,,,
2263,22/10/17 11:00:00,15.5,23.91,,,,,
2264,22/10/17 11:30:00,3.7,23.94,,,,,
2265,22/10/17 11:34:56,,,,Logged,,,
2266,22/10/17 11:37:04,,,,,Logged,,
2267,22/10/17 11:37:11,,,,,,Logged,Logged
