Plot Title: ACWA-BR,,,,,,,,,
#,"Date Time, GMT-06:00","DO conc, mg/L (LGR S/N: 10348258, SEN S/N: 10348258)","Temp, °C (LGR S/N: 10348258, SEN S/N: 10348258)",Coupler Detached (LGR S/N: 10348258),Sensor Data Error (LGR S/N: 10348258),Coupler Attached (LGR S/N: 10348258),Host Connected (LGR S/N: 10348258),Stopped (LGR S/N: 10348258),End Of File (LGR S/N: 10348258)
1,2022-08-31 8:00,8.88,22.88,,,,,,
2,2022-08-31 8:30,8.95,22.34,,,,,,
3,2022-08-31 9:00,9.07,21.86,,,,,,
4,2022-08-31 9:30,9.23,21.48,,,,,,
5,2022-08-31 10:00,9.56,21.8,,,,,,
6,2022-08-31 10:30,9.78,24.46,,,,,,
7,2022-08-31 11:00,9.55,27.8,,,,,,
8,2022-08-31 11:30,8.29,29.56,,,,,,
9,2022-08-31 12:00,8.02,29.64,,,,,,
10,2022-08-31 12:30,7.3,40.24,,,,,,
11,2022-08-31 13:00,6.72,41.64,,,,,,
12,2022-08-31 13:30,6.96,38.84,,,,,,
13,2022-08-31 14:00,6.9,37.42,,,,,,
14,2022-08-31 14:30,7.12,36.42,,,,,,
15,2022-08-31 15:00,7.17,36.02,,,,,,
16,2022-08-31 15:30,7.09,35.96,,,,,,
17,2022-08-31 16:00,7.13,36,,,,,,
18,2022-08-31 16:30,7.13,35.9,,,,,,
19,2022-08-31 17:00,7.14,35.8,,,,,,
20,2022-08-31 17:30,7.14,35.82,,,,,,
21,2022-08-31 18:00,7.13,35.92,,,,,,
22,2022-08-31 18:30,7.1,36.04,,,,,,
23,2022-08-31 19:00,7.09,36.12,,,,,,
24,2022-08-31 19:30,7.09,36.1,,,,,,
25,2022-08-31 20:00,7.09,35.98,,,,,,
26,2022-08-31 20:30,7.1,35.72,,,,,,
27,2022-08-31 21:00,7.14,35.34,,,,,,
28,2022-08-31 21:30,7.18,34.82,,,,,,
29,2022-08-31 22:00,7.25,34.24,,,,,,
30,2022-08-31 22:30,7.33,33.56,,,,,,
31,2022-08-31 23:00,7.4,32.86,,,,,,
32,2022-08-31 23:30,7.49,32.14,,,,,,
33,2022-09-01 0:00,7.57,31.4,,,,,,
34,2022-09-01 0:30,7.67,30.66,,,,,,
35,2022-09-01 1:00,7.77,29.92,,,,,,
36,2022-09-01 1:30,7.87,29.18,,,,,,
37,2022-09-01 2:00,7.96,28.44,,,,,,
38,2022-09-01 2:30,8.06,27.74,,,,,,
39,2022-09-01 3:00,8.17,27.06,,,,,,
40,2022-09-01 3:30,8.26,26.4,,,,,,
41,2022-09-01 4:00,8.36,25.78,,,,,,
42,2022-09-01 4:30,8.44,25.18,,,,,,
43,2022-09-01 5:00,8.55,24.6,,,,,,
44,2022-09-01 5:30,8.64,24.06,,,,,,
45,2022-09-01 6:00,8.74,23.52,,,,,,
46,2022-09-01 6:30,8.81,23,,,,,,
47,2022-09-01 7:00,8.9,22.52,,,,,,
48,2022-09-01 7:30,8.98,22.08,,,,,,
49,2022-09-01 8:00,9.06,21.68,,,,,,
50,2022-09-01 8:30,9.12,21.34,,,,,,
51,2022-09-01 9:00,9.08,21.06,,,,,,
52,2022-09-01 9:30,9.31,20.9,,,,,,
53,2022-09-01 10:00,9.18,22.24,,,,,,
54,2022-09-01 10:30,8.98,23.84,,,,,,
55,2022-09-01 11:00,8.68,26.44,,,,,,
56,2022-09-01 11:30,8.37,28.92,,,,,,
57,2022-09-01 12:00,8.21,31.12,,,,,,
58,2022-09-01 12:30,7.71,35.26,,,,,,
59,2022-09-01 12:37,,,Logged,,,,,
60,2022-09-01 13:00,7.34,35.7,,,,,,
61,2022-09-01 13:30,7.09,34.8,,,,,,
62,2022-09-01 14:00,7.08,33.78,,,,,,
63,2022-09-01 14:30,7.44,33.02,,,,,,
64,2022-09-01 15:00,7.41,33.46,,,,,,
65,2022-09-01 15:30,7.31,33.9,,,,,,
66,2022-09-01 16:00,-888.88,-888.88,,Logged,,,,
67,2022-09-01 16:30,-888.88,-888.88,,Logged,,,,
68,2022-09-01 17:00,-888.88,-888.88,,Logged,,,,
69,2022-09-01 17:30,-888.88,-888.88,,Logged,,,,
70,2022-09-01 18:00,-888.88,-888.88,,Logged,,,,
71,2022-09-01 18:30,10.88,19.5,,,,,,
72,2022-09-01 19:00,10.6,19.44,,,,,,
73,2022-09-01 19:30,10.33,19.36,,,,,,
74,2022-09-01 20:00,10.03,19.28,,,,,,
75,2022-09-01 20:30,9.78,19.28,,,,,,
76,2022-09-01 21:00,9.72,19.24,,,,,,
77,2022-09-01 21:30,9.77,19.28,,,,,,
78,2022-09-01 22:00,9.71,19.22,,,,,,
79,2022-09-01 22:30,9.66,19.12,,,,,,
80,2022-09-01 23:00,9.58,19.04,,,,,,
81,2022-09-01 23:30,9.53,19,,,,,,
82,2022-09-02 0:00,9.36,18.86,,,,,,
83,2022-09-02 0:30,9.31,18.82,,,,,,
84,2022-09-02 1:00,9.23,18.74,,,,,,
85,2022-09-02 1:30,9.15,18.66,,,,,,
86,2022-09-02 2:00,9.1,18.62,,,,,,
87,2022-09-02 2:30,9.14,18.58,,,,,,
88,2022-09-02 3:00,9.04,18.52,,,,,,
89,2022-09-02 3:30,8.95,18.44,,,,,,
90,2022-09-02 4:00,8.92,18.4,,,,,,
91,2022-09-02 4:30,8.9,18.34,,,,,,
92,2022-09-02 5:00,8.83,18.26,,,,,,
93,2022-09-02 5:30,8.79,18.2,,,,,,
94,2022-09-02 6:00,8.75,18.12,,,,,,
95,2022-09-02 6:30,8.68,18.04,,,,,,
96,2022-09-02 7:00,8.75,18,,,,,,
97,2022-09-02 7:30,8.91,17.96,,,,,,
98,2022-09-02 8:00,9.25,17.94,,,,,,
99,2022-09-02 8:30,9.66,17.98,,,,,,
100,2022-09-02 9:00,9.99,18.04,,,,,,
101,2022-09-02 9:30,10.22,18.12,,,,,,
102,2022-09-02 10:00,10.44,18.22,,,,,,
103,2022-09-02 10:30,10.7,18.32,,,,,,
104,2022-09-02 11:00,10.96,18.44,,,,,,
105,2022-09-02 11:30,11.18,18.52,,,,,,
106,2022-09-02 12:00,11.29,18.62,,,,,,
107,2022-09-02 12:30,11.47,18.72,,,,,,
108,2022-09-02 13:00,-888.88,-888.88,,Logged,,,,
109,2022-09-02 13:30,11.63,18.84,,,,,,
110,2022-09-02 14:00,11.47,18.92,,,,,,
111,2022-09-02 14:30,11.5,18.94,,,,,,
112,2022-09-02 15:00,11.51,18.96,,,,,,
113,2022-09-02 15:30,11.58,18.96,,,,,,
114,2022-09-02 16:00,-888.88,-888.88,,Logged,,,,
115,2022-09-02 16:30,-888.88,-888.88,,Logged,,,,
116,2022-09-02 17:00,-888.88,-888.88,,Logged,,,,
117,2022-09-02 17:30,-888.88,-888.88,,Logged,,,,
118,2022-09-02 18:00,-888.88,-888.88,,Logged,,,,
119,2022-09-02 18:30,11.23,18.9,,,,,,
120,2022-09-02 19:00,11.03,18.84,,,,,,
121,2022-09-02 19:30,10.8,18.82,,,,,,
122,2022-09-02 20:00,10.39,18.76,,,,,,
123,2022-09-02 20:30,10.22,18.74,,,,,,
124,2022-09-02 21:00,10.1,18.76,,,,,,
125,2022-09-02 21:30,10.09,18.78,,,,,,
126,2022-09-02 22:00,10,18.8,,,,,,
127,2022-09-02 22:30,9.96,18.82,,,,,,
128,2022-09-02 23:00,9.84,18.82,,,,,,
129,2022-09-02 23:30,9.36,18.84,,,,,,
130,2022-09-03 0:00,9.22,18.84,,,,,,
131,2022-09-03 0:30,9.08,18.78,,,,,,
132,2022-09-03 1:00,9.04,18.72,,,,,,
133,2022-09-03 1:30,8.98,18.66,,,,,,
134,2022-09-03 2:00,9.07,18.62,,,,,,
135,2022-09-03 2:30,9.06,18.58,,,,,,
136,2022-09-03 3:00,8.99,18.52,,,,,,
137,2022-09-03 3:30,8.98,18.46,,,,,,
138,2022-09-03 4:00,8.92,18.4,,,,,,
139,2022-09-03 4:30,8.9,18.34,,,,,,
140,2022-09-03 5:00,8.86,18.28,,,,,,
141,2022-09-03 5:30,8.83,18.24,,,,,,
142,2022-09-03 6:00,8.79,18.18,,,,,,
143,2022-09-03 6:30,8.75,18.12,,,,,,
144,2022-09-03 7:00,8.74,18.06,,,,,,
145,2022-09-03 7:30,8.82,18,,,,,,
146,2022-09-03 8:00,9.02,17.98,,,,,,
147,2022-09-03 8:30,9.34,18,,,,,,
148,2022-09-03 9:00,9.62,18,,,,,,
149,2022-09-03 9:30,9.89,18,,,,,,
150,2022-09-03 10:00,10.21,18.06,,,,,,
151,2022-09-03 10:30,10.52,18.12,,,,,,
152,2022-09-03 11:00,10.86,18.18,,,,,,
153,2022-09-03 11:30,11.17,18.3,,,,,,
154,2022-09-03 12:00,11.5,18.44,,,,,,
155,2022-09-03 12:30,11.68,18.52,,,,,,
156,2022-09-03 13:00,11.78,18.56,,,,,,
157,2022-09-03 13:30,11.73,18.62,,,,,,
158,2022-09-03 14:00,11.79,18.66,,,,,,
159,2022-09-03 14:30,12.23,18.66,,,,,,
160,2022-09-03 15:00,12.48,18.72,,,,,,
161,2022-09-03 15:30,11.89,18.68,,,,,,
162,2022-09-03 16:00,-888.88,-888.88,,Logged,,,,
163,2022-09-03 16:30,-888.88,-888.88,,Logged,,,,
164,2022-09-03 17:00,11.61,18.54,,,,,,
165,2022-09-03 17:30,11.52,18.54,,,,,,
166,2022-09-03 18:00,11.34,18.52,,,,,,
167,2022-09-03 18:30,11.07,18.44,,,,,,
168,2022-09-03 19:00,10.6,18.36,,,,,,
169,2022-09-03 19:30,10.34,18.3,,,,,,
170,2022-09-03 20:00,10.14,18.28,,,,,,
171,2022-09-03 20:30,9.99,18.24,,,,,,
172,2022-09-03 21:00,10.05,18.3,,,,,,
173,2022-09-03 21:30,10.06,18.34,,,,,,
174,2022-09-03 22:00,9.98,18.36,,,,,,
175,2022-09-03 22:30,9.91,18.38,,,,,,
176,2022-09-03 23:00,9.89,18.4,,,,,,
177,2022-09-03 23:30,9.67,18.4,,,,,,
178,2022-09-04 0:00,9.36,18.34,,,,,,
179,2022-09-04 0:30,9.39,18.34,,,,,,
180,2022-09-04 1:00,9.51,18.32,,,,,,
181,2022-09-04 1:30,9.5,18.28,,,,,,
182,2022-09-04 2:00,9.31,18.22,,,,,,
183,2022-09-04 2:30,9.25,18.16,,,,,,
184,2022-09-04 3:00,9.25,18.12,,,,,,
185,2022-09-04 3:30,9.18,18.08,,,,,,
186,2022-09-04 4:00,9.13,18.02,,,,,,
187,2022-09-04 4:30,9.1,18.02,,,,,,
188,2022-09-04 5:00,8.98,17.94,,,,,,
189,2022-09-04 5:30,8.96,17.9,,,,,,
190,2022-09-04 6:00,8.95,17.88,,,,,,
191,2022-09-04 6:30,8.97,17.82,,,,,,
192,2022-09-04 7:00,8.88,17.76,,,,,,
193,2022-09-04 7:30,9.01,17.76,,,,,,
194,2022-09-04 8:00,9.29,17.76,,,,,,
195,2022-09-04 8:30,9.57,17.8,,,,,,
196,2022-09-04 9:00,9.87,17.84,,,,,,
197,2022-09-04 9:30,10.26,17.88,,,,,,
198,2022-09-04 10:00,10.5,17.94,,,,,,
199,2022-09-04 10:30,10.79,18.02,,,,,,
200,2022-09-04 11:00,11.08,18.16,,,,,,
201,2022-09-04 11:30,11.28,18.24,,,,,,
202,2022-09-04 12:00,11.56,18.34,,,,,,
203,2022-09-04 12:30,11.68,18.4,,,,,,
204,2022-09-04 13:00,11.87,18.46,,,,,,
205,2022-09-04 13:30,11.82,18.54,,,,,,
206,2022-09-04 14:00,11.71,18.6,,,,,,
207,2022-09-04 14:30,11.78,18.7,,,,,,
208,2022-09-04 15:00,-888.88,-888.88,,Logged,,,,
209,2022-09-04 15:30,11.64,18.76,,,,,,
210,2022-09-04 16:00,-888.88,-888.88,,Logged,,,,
211,2022-09-04 16:30,-888.88,-888.88,,Logged,,,,
212,2022-09-04 17:00,-888.88,-888.88,,Logged,,,,
213,2022-09-04 17:30,-888.88,-888.88,,Logged,,,,
214,2022-09-04 18:00,-888.88,-888.88,,Logged,,,,
215,2022-09-04 18:30,11.74,18.7,,,,,,
216,2022-09-04 19:00,11.31,18.62,,,,,,
217,2022-09-04 19:30,11.12,18.66,,,,,,
218,2022-09-04 20:00,10.76,18.64,,,,,,
219,2022-09-04 20:30,10.52,18.66,,,,,,
220,2022-09-04 21:00,10.33,18.7,,,,,,
221,2022-09-04 21:30,10.22,18.7,,,,,,
222,2022-09-04 22:00,10.07,18.72,,,,,,
223,2022-09-04 22:30,9.89,18.72,,,,,,
224,2022-09-04 23:00,9.88,18.68,,,,,,
225,2022-09-04 23:30,9.93,18.7,,,,,,
226,2022-09-05 0:00,9.93,18.64,,,,,,
227,2022-09-05 0:30,9.79,18.56,,,,,,
228,2022-09-05 1:00,9.71,18.44,,,,,,
229,2022-09-05 1:30,9.61,18.4,,,,,,
230,2022-09-05 2:00,9.6,18.34,,,,,,
231,2022-09-05 2:30,9.55,18.26,,,,,,
232,2022-09-05 3:00,9.4,18.24,,,,,,
233,2022-09-05 3:30,9.35,18.18,,,,,,
234,2022-09-05 4:00,9.26,18.12,,,,,,
235,2022-09-05 4:30,9.22,18.06,,,,,,
236,2022-09-05 5:00,9.18,18.04,,,,,,
237,2022-09-05 5:30,9.01,17.96,,,,,,
238,2022-09-05 6:00,9.01,17.94,,,,,,
239,2022-09-05 6:30,8.98,17.92,,,,,,
240,2022-09-05 7:00,8.91,17.76,,,,,,
241,2022-09-05 7:30,9.1,17.7,,,,,,
242,2022-09-05 8:00,9.51,17.76,,,,,,
243,2022-09-05 8:30,9.91,17.74,,,,,,
244,2022-09-05 9:00,10.26,17.76,,,,,,
245,2022-09-05 9:30,10.58,17.8,,,,,,
246,2022-09-05 10:00,10.86,17.88,,,,,,
247,2022-09-05 10:30,11.1,18,,,,,,
248,2022-09-05 11:00,11.31,18.08,,,,,,
249,2022-09-05 11:30,11.5,18.16,,,,,,
250,2022-09-05 12:00,11.82,18.22,,,,,,
251,2022-09-05 12:30,11.94,18.24,,,,,,
252,2022-09-05 13:00,12.03,18.36,,,,,,
253,2022-09-05 13:30,12.04,18.42,,,,,,
254,2022-09-05 14:00,11.96,18.48,,,,,,
255,2022-09-05 14:30,12.06,18.5,,,,,,
256,2022-09-05 15:00,-888.88,-888.88,,Logged,,,,
257,2022-09-05 15:30,12.07,18.44,,,,,,
258,2022-09-05 16:00,-888.88,-888.88,,Logged,,,,
259,2022-09-05 16:30,-888.88,-888.88,,Logged,,,,
260,2022-09-05 17:00,-888.88,-888.88,,Logged,,,,
261,2022-09-05 17:30,-888.88,-888.88,,Logged,,,,
262,2022-09-05 18:00,12.07,18.42,,,,,,
263,2022-09-05 18:30,11.83,18.38,,,,,,
264,2022-09-05 19:00,11.64,18.36,,,,,,
265,2022-09-05 19:30,11.29,18.32,,,,,,
266,2022-09-05 20:00,10.91,18.24,,,,,,
267,2022-09-05 20:30,10.69,18.24,,,,,,
268,2022-09-05 21:00,10.6,18.22,,,,,,
269,2022-09-05 21:30,10.54,18.16,,,,,,
270,2022-09-05 22:00,10.49,18.1,,,,,,
271,2022-09-05 22:30,10.39,18.04,,,,,,
272,2022-09-05 23:00,10.28,17.96,,,,,,
273,2022-09-05 23:30,10.22,17.9,,,,,,
274,2022-09-06 0:00,10.1,17.84,,,,,,
275,2022-09-06 0:30,9.96,17.76,,,,,,
276,2022-09-06 1:00,9.85,17.66,,,,,,
277,2022-09-06 1:30,9.78,17.6,,,,,,
278,2022-09-06 2:00,9.71,17.54,,,,,,
279,2022-09-06 2:30,9.64,17.48,,,,,,
280,2022-09-06 3:00,9.58,17.44,,,,,,
281,2022-09-06 3:30,9.52,17.36,,,,,,
282,2022-09-06 4:00,9.5,17.3,,,,,,
283,2022-09-06 4:30,9.42,17.24,,,,,,
284,2022-09-06 5:00,9.39,17.18,,,,,,
285,2022-09-06 5:30,9.28,17.1,,,,,,
286,2022-09-06 6:00,9.2,17.02,,,,,,
287,2022-09-06 6:30,9.23,16.98,,,,,,
288,2022-09-06 7:00,9.22,16.9,,,,,,
289,2022-09-06 7:30,9.37,16.84,,,,,,
290,2022-09-06 8:00,9.76,16.82,,,,,,
291,2022-09-06 8:30,10.2,16.84,,,,,,
292,2022-09-06 9:00,10.52,16.88,,,,,,
293,2022-09-06 9:30,10.82,16.96,,,,,,
294,2022-09-06 10:00,11.07,16.96,,,,,,
295,2022-09-06 10:30,11.28,16.98,,,,,,
296,2022-09-06 11:00,11.53,16.98,,,,,,
297,2022-09-06 11:30,11.67,17.06,,,,,,
298,2022-09-06 12:00,11.95,17.18,,,,,,
299,2022-09-06 12:30,12.21,17.24,,,,,,
300,2022-09-06 13:00,12.47,17.28,,,,,,
301,2022-09-06 13:30,12.59,17.32,,,,,,
302,2022-09-06 14:00,12.55,17.38,,,,,,
303,2022-09-06 14:30,12.98,17.44,,,,,,
304,2022-09-06 15:00,13.12,17.5,,,,,,
305,2022-09-06 15:30,12.92,17.46,,,,,,
306,2022-09-06 16:00,-888.88,-888.88,,Logged,,,,
307,2022-09-06 16:30,-888.88,-888.88,,Logged,,,,
308,2022-09-06 17:00,-888.88,-888.88,,Logged,,,,
309,2022-09-06 17:30,12.86,17.56,,,,,,
310,2022-09-06 18:00,12.74,17.54,,,,,,
311,2022-09-06 18:30,12.52,17.56,,,,,,
312,2022-09-06 19:00,12.09,17.52,,,,,,
313,2022-09-06 19:30,11.67,17.54,,,,,,
314,2022-09-06 20:00,11.15,17.52,,,,,,
315,2022-09-06 20:30,10.85,17.52,,,,,,
316,2022-09-06 21:00,10.64,17.5,,,,,,
317,2022-09-06 21:30,10.52,17.46,,,,,,
318,2022-09-06 22:00,10.45,17.42,,,,,,
319,2022-09-06 22:30,10.37,17.38,,,,,,
320,2022-09-06 23:00,10.26,17.34,,,,,,
321,2022-09-06 23:30,10.18,17.3,,,,,,
322,2022-09-07 0:00,10.09,17.26,,,,,,
323,2022-09-07 0:30,10.09,17.22,,,,,,
324,2022-09-07 1:00,10.05,17.16,,,,,,
325,2022-09-07 1:30,9.96,17.12,,,,,,
326,2022-09-07 2:00,9.85,17.08,,,,,,
327,2022-09-07 2:30,9.74,17.02,,,,,,
328,2022-09-07 3:00,9.73,17,,,,,,
329,2022-09-07 3:30,9.62,16.94,,,,,,
330,2022-09-07 4:00,9.58,16.9,,,,,,
331,2022-09-07 4:30,9.41,16.84,,,,,,
332,2022-09-07 5:00,9.37,16.8,,,,,,
333,2022-09-07 5:30,9.29,16.74,,,,,,
334,2022-09-07 6:00,9.23,16.68,,,,,,
335,2022-09-07 6:30,9.25,16.66,,,,,,
336,2022-09-07 7:00,9.2,16.6,,,,,,
337,2022-09-07 7:30,9.35,16.56,,,,,,
338,2022-09-07 8:00,9.53,16.54,,,,,,
339,2022-09-07 8:30,10.01,16.56,,,,,,
340,2022-09-07 9:00,10.58,16.66,,,,,,
341,2022-09-07 9:30,10.79,16.76,,,,,,
342,2022-09-07 10:00,11.04,16.8,,,,,,
343,2022-09-07 10:30,11.51,16.94,,,,,,
344,2022-09-07 11:00,11.71,17,,,,,,
345,2022-09-07 11:30,11.94,17.04,,,,,,
346,2022-09-07 12:00,11.71,17.1,,,,,,
347,2022-09-07 12:30,11.66,17.12,,,,,,
348,2022-09-07 13:00,11.31,17.14,,,,,,
349,2022-09-07 13:30,11.91,17.28,,,,,,
350,2022-09-07 14:00,12.03,17.2,,,,,,
351,2022-09-07 14:30,12.95,17.32,,,,,,
352,2022-09-07 15:00,13.26,17.6,,,,,,
353,2022-09-07 15:30,12.18,17.38,,,,,,
354,2022-09-07 16:00,-888.88,-888.88,,Logged,,,,
355,2022-09-07 16:30,-888.88,-888.88,,Logged,,,,
356,2022-09-07 17:00,-888.88,-888.88,,Logged,,,,
357,2022-09-07 17:30,12.32,17.42,,,,,,
358,2022-09-07 18:00,12.1,17.4,,,,,,
359,2022-09-07 18:30,11.67,17.28,,,,,,
360,2022-09-07 19:00,11.46,17.24,,,,,,
361,2022-09-07 19:30,11.13,17.24,,,,,,
362,2022-09-07 20:00,10.88,17.28,,,,,,
363,2022-09-07 20:30,10.69,17.28,,,,,,
364,2022-09-07 21:00,10.61,17.26,,,,,,
365,2022-09-07 21:30,10.6,17.24,,,,,,
366,2022-09-07 22:00,10.56,17.2,,,,,,
367,2022-09-07 22:30,10.41,17.18,,,,,,
368,2022-09-07 23:00,10.33,17.16,,,,,,
369,2022-09-07 23:30,10.32,17.04,,,,,,
370,2022-09-08 0:00,10.37,16.98,,,,,,
371,2022-09-08 0:30,10.17,16.94,,,,,,
372,2022-09-08 1:00,10,16.92,,,,,,
373,2022-09-08 1:30,9.94,16.9,,,,,,
374,2022-09-08 2:00,9.78,16.86,,,,,,
375,2022-09-08 2:30,9.73,16.78,,,,,,
376,2022-09-08 3:00,9.61,16.76,,,,,,
377,2022-09-08 3:30,9.6,16.74,,,,,,
378,2022-09-08 4:00,9.36,16.62,,,,,,
379,2022-09-08 4:30,9.37,16.6,,,,,,
380,2022-09-08 5:00,9.37,16.6,,,,,,
381,2022-09-08 5:30,9.34,16.58,,,,,,
382,2022-09-08 6:00,9.18,16.52,,,,,,
383,2022-09-08 6:30,9.13,16.48,,,,,,
384,2022-09-08 7:00,9.12,16.44,,,,,,
385,2022-09-08 7:30,9.22,16.42,,,,,,
386,2022-09-08 8:00,9.8,16.44,,,,,,
387,2022-09-08 8:30,10.29,16.44,,,,,,
388,2022-09-08 9:00,10.15,16.4,,,,,,
389,2022-09-08 9:30,10.88,16.44,,,,,,
390,2022-09-08 10:00,11.62,16.6,,,,,,
391,2022-09-08 10:30,11.46,16.46,,,,,,
392,2022-09-08 11:00,11.72,16.46,,,,,,
393,2022-09-08 11:30,12.11,16.52,,,,,,
394,2022-09-08 12:00,12.53,16.56,,,,,,
395,2022-09-08 12:30,12.82,16.74,,,,,,
396,2022-09-08 13:00,13.12,16.82,,,,,,
397,2022-09-08 13:30,12.15,16.74,,,,,,
398,2022-09-08 14:00,13.25,16.66,,,,,,
399,2022-09-08 14:30,12.42,16.66,,,,,,
400,2022-09-08 15:00,12.65,16.48,,,,,,
401,2022-09-08 15:30,13.35,16.98,,,,,,
402,2022-09-08 16:00,-888.88,-888.88,,Logged,,,,
403,2022-09-08 16:30,13.29,16.9,,,,,,
404,2022-09-08 17:00,12.63,16.7,,,,,,
405,2022-09-08 17:30,11.04,16.42,,,,,,
406,2022-09-08 18:00,12.32,16.46,,,,,,
407,2022-09-08 18:30,11.41,16.5,,,,,,
408,2022-09-08 19:00,11.88,16.58,,,,,,
409,2022-09-08 19:30,11.02,16.44,,,,,,
410,2022-09-08 20:00,10.63,16.38,,,,,,
411,2022-09-08 20:30,10.71,16.28,,,,,,
412,2022-09-08 21:00,10.65,16.24,,,,,,
413,2022-09-08 21:30,10.61,16.18,,,,,,
414,2022-09-08 22:00,10.54,16.12,,,,,,
415,2022-09-08 22:30,10.42,16.06,,,,,,
416,2022-09-08 23:00,10.28,16.04,,,,,,
417,2022-09-08 23:30,10.2,16.02,,,,,,
418,2022-09-09 0:00,10.1,15.98,,,,,,
419,2022-09-09 0:30,9.98,15.84,,,,,,
420,2022-09-09 1:00,9.94,15.58,,,,,,
421,2022-09-09 1:30,10.04,15.62,,,,,,
422,2022-09-09 2:00,10,15.56,,,,,,
423,2022-09-09 2:30,9.87,15.48,,,,,,
424,2022-09-09 3:00,9.74,15.46,,,,,,
425,2022-09-09 3:30,9.61,15.34,,,,,,
426,2022-09-09 4:00,9.61,15.32,,,,,,
427,2022-09-09 4:30,9.56,15.3,,,,,,
428,2022-09-09 5:00,9.45,15.26,,,,,,
429,2022-09-09 5:30,9.37,15.14,,,,,,
430,2022-09-09 6:00,9.3,15.06,,,,,,
431,2022-09-09 6:30,9.3,15.02,,,,,,
432,2022-09-09 7:00,9.39,14.98,,,,,,
433,2022-09-09 7:30,9.64,14.94,,,,,,
434,2022-09-09 8:00,10.09,14.92,,,,,,
435,2022-09-09 8:30,10.6,14.94,,,,,,
436,2022-09-09 9:00,11.06,15,,,,,,
437,2022-09-09 9:30,11.49,15.06,,,,,,
438,2022-09-09 10:00,11.79,15.16,,,,,,
439,2022-09-09 10:30,12.42,15.28,,,,,,
440,2022-09-09 11:00,12.14,15.42,,,,,,
441,2022-09-09 11:30,13.1,15.36,,,,,,
442,2022-09-09 12:00,11.88,15.54,,,,,,
443,2022-09-09 12:30,12.2,15.52,,,,,,
444,2022-09-09 13:00,12.2,15.38,,,,,,
445,2022-09-09 13:30,12.39,15.48,,,,,,
446,2022-09-09 14:00,13.01,15.62,,,,,,
447,2022-09-09 14:30,11.84,15.38,,,,,,
448,2022-09-09 15:00,13.24,15.72,,,,,,
449,2022-09-09 15:30,13.57,15.86,,,,,,
450,2022-09-09 16:00,-888.88,-888.88,,Logged,,,,
451,2022-09-09 16:30,-888.88,-888.88,,Logged,,,,
452,2022-09-09 17:00,-888.88,-888.88,,Logged,,,,
453,2022-09-09 17:30,13.3,15.88,,,,,,
454,2022-09-09 18:00,13.19,15.84,,,,,,
455,2022-09-09 18:30,12.83,15.82,,,,,,
456,2022-09-09 19:00,12.53,15.76,,,,,,
457,2022-09-09 19:30,11.95,15.72,,,,,,
458,2022-09-09 20:00,11.5,15.74,,,,,,
459,2022-09-09 20:30,11.35,15.74,,,,,,
460,2022-09-09 21:00,11.2,15.74,,,,,,
461,2022-09-09 21:30,11.15,15.7,,,,,,
462,2022-09-09 22:00,11.08,15.68,,,,,,
463,2022-09-09 22:30,10.98,15.64,,,,,,
464,2022-09-09 23:00,10.96,15.6,,,,,,
465,2022-09-09 23:30,10.9,15.54,,,,,,
466,2022-09-10 0:00,10.82,15.5,,,,,,
467,2022-09-10 0:30,10.68,15.46,,,,,,
468,2022-09-10 1:00,10.09,15.38,,,,,,
469,2022-09-10 1:30,9.91,15.32,,,,,,
470,2022-09-10 2:00,9.89,15.26,,,,,,
471,2022-09-10 2:30,10.01,15.22,,,,,,
472,2022-09-10 3:00,9.83,15.14,,,,,,
473,2022-09-10 3:30,9.77,15.08,,,,,,
474,2022-09-10 4:00,10,15.02,,,,,,
475,2022-09-10 4:30,10.04,14.98,,,,,,
476,2022-09-10 5:00,9.95,14.9,,,,,,
477,2022-09-10 5:30,9.93,14.86,,,,,,
478,2022-09-10 6:00,9.9,14.8,,,,,,
479,2022-09-10 6:30,9.78,14.72,,,,,,
480,2022-09-10 7:00,9.76,14.68,,,,,,
481,2022-09-10 7:30,9.91,14.64,,,,,,
482,2022-09-10 8:00,10.22,14.64,,,,,,
483,2022-09-10 8:30,10.61,14.66,,,,,,
484,2022-09-10 9:00,11.02,14.74,,,,,,
485,2022-09-10 9:30,11.23,14.84,,,,,,
486,2022-09-10 10:00,11.49,14.96,,,,,,
487,2022-09-10 10:30,11.69,15.06,,,,,,
488,2022-09-10 11:00,11.98,15.16,,,,,,
489,2022-09-10 11:30,12.23,15.24,,,,,,
490,2022-09-10 12:00,12.47,15.3,,,,,,
491,2022-09-10 12:30,12.53,15.38,,,,,,
492,2022-09-10 13:00,12.63,15.46,,,,,,
493,2022-09-10 13:30,12.64,15.52,,,,,,
494,2022-09-10 14:00,12.6,15.6,,,,,,
495,2022-09-10 14:30,12.93,15.68,,,,,,
496,2022-09-10 15:00,12.81,15.7,,,,,,
497,2022-09-10 15:30,13.15,15.78,,,,,,
498,2022-09-10 16:00,13.34,15.8,,,,,,
499,2022-09-10 16:30,-888.88,-888.88,,Logged,,,,
500,2022-09-10 17:00,-888.88,-888.88,,Logged,,,,
501,2022-09-10 17:30,12.82,15.88,,,,,,
502,2022-09-10 18:00,12.74,15.84,,,,,,
503,2022-09-10 18:30,12.54,15.84,,,,,,
504,2022-09-10 19:00,12.27,15.82,,,,,,
505,2022-09-10 19:30,11.91,15.8,,,,,,
506,2022-09-10 20:00,11.67,15.8,,,,,,
507,2022-09-10 20:30,11.55,15.82,,,,,,
508,2022-09-10 21:00,11.51,15.86,,,,,,
509,2022-09-10 21:30,11.52,15.88,,,,,,
510,2022-09-10 22:00,11.44,15.9,,,,,,
511,2022-09-10 22:30,11.33,15.94,,,,,,
512,2022-09-10 23:00,11.12,15.94,,,,,,
513,2022-09-10 23:30,10.95,15.96,,,,,,
514,2022-09-11 0:00,10.8,15.92,,,,,,
515,2022-09-11 0:30,10.9,15.88,,,,,,
516,2022-09-11 1:00,10.98,15.86,,,,,,
517,2022-09-11 1:30,10.87,15.8,,,,,,
518,2022-09-11 2:00,10.23,15.7,,,,,,
519,2022-09-11 2:30,10.28,15.64,,,,,,
520,2022-09-11 3:00,10.18,15.56,,,,,,
521,2022-09-11 3:30,10.25,15.52,,,,,,
522,2022-09-11 4:00,10.07,15.46,,,,,,
523,2022-09-11 4:30,9.77,15.36,,,,,,
524,2022-09-11 5:00,9.93,15.36,,,,,,
525,2022-09-11 5:30,9.93,15.32,,,,,,
526,2022-09-11 6:00,9.72,15.24,,,,,,
527,2022-09-11 6:30,9.67,15.18,,,,,,
528,2022-09-11 7:00,9.77,15.16,,,,,,
529,2022-09-11 7:30,9.85,15.1,,,,,,
530,2022-09-11 8:00,10.25,15.1,,,,,,
531,2022-09-11 8:30,10.71,15.16,,,,,,
532,2022-09-11 9:00,10.98,15.18,,,,,,
533,2022-09-11 9:30,11.28,15.28,,,,,,
534,2022-09-11 10:00,11.62,15.42,,,,,,
535,2022-09-11 10:30,11.99,15.56,,,,,,
536,2022-09-11 11:00,12.27,15.64,,,,,,
537,2022-09-11 11:30,12.33,15.76,,,,,,
538,2022-09-11 12:00,12.28,15.86,,,,,,
539,2022-09-11 12:30,12.76,15.96,,,,,,
540,2022-09-11 13:00,13.17,15.98,,,,,,
541,2022-09-11 13:30,12.87,15.88,,,,,,
542,2022-09-11 14:00,13.67,16.04,,,,,,
543,2022-09-11 14:30,13.47,16.14,,,,,,
544,2022-09-11 15:00,13.25,16.02,,,,,,
545,2022-09-11 15:30,13.25,16.04,,,,,,
546,2022-09-11 16:00,13.1,16.06,,,,,,
547,2022-09-11 16:30,13.3,16.18,,,,,,
548,2022-09-11 17:00,12.76,16.16,,,,,,
549,2022-09-11 17:30,12.26,16.14,,,,,,
550,2022-09-11 18:00,11.87,16.14,,,,,,
551,2022-09-11 18:30,11.74,16.18,,,,,,
552,2022-09-11 19:00,11.74,16.24,,,,,,
553,2022-09-11 19:30,11.8,16.28,,,,,,
554,2022-09-11 20:00,11.49,16.2,,,,,,
555,2022-09-11 20:30,11.3,16.16,,,,,,
556,2022-09-11 21:00,11.28,16.18,,,,,,
557,2022-09-11 21:30,11.25,16.18,,,,,,
558,2022-09-11 22:00,10.96,16.2,,,,,,
559,2022-09-11 22:30,10.88,16.18,,,,,,
560,2022-09-11 23:00,10.81,16.2,,,,,,
561,2022-09-11 23:30,10.83,16.16,,,,,,
562,2022-09-12 0:00,10.61,16.12,,,,,,
563,2022-09-12 0:30,10.54,16.06,,,,,,
564,2022-09-12 1:00,10.47,16.02,,,,,,
565,2022-09-12 1:30,10.38,15.98,,,,,,
566,2022-09-12 2:00,10.31,15.94,,,,,,
567,2022-09-12 2:30,10.27,15.88,,,,,,
568,2022-09-12 3:00,10.2,15.86,,,,,,
569,2022-09-12 3:30,10.1,15.8,,,,,,
570,2022-09-12 4:00,10.04,15.76,,,,,,
571,2022-09-12 4:30,9.8,15.66,,,,,,
572,2022-09-12 5:00,9.87,15.62,,,,,,
573,2022-09-12 5:30,9.84,15.62,,,,,,
574,2022-09-12 6:00,9.74,15.56,,,,,,
575,2022-09-12 6:30,9.62,15.48,,,,,,
576,2022-09-12 7:00,9.6,15.44,,,,,,
577,2022-09-12 7:30,9.73,15.42,,,,,,
578,2022-09-12 8:00,9.99,15.4,,,,,,
579,2022-09-12 8:30,10.6,15.44,,,,,,
580,2022-09-12 9:00,10.88,15.5,,,,,,
581,2022-09-12 9:30,10.85,15.46,,,,,,
582,2022-09-12 10:00,11.01,15.5,,,,,,
583,2022-09-12 10:30,11.46,15.56,,,,,,
584,2022-09-12 11:00,12.03,15.6,,,,,,
585,2022-09-12 11:30,12.47,15.74,,,,,,
586,2022-09-12 12:00,12.8,15.82,,,,,,
587,2022-09-12 12:30,12.86,15.76,,,,,,
588,2022-09-12 13:00,12.7,15.74,,,,,,
589,2022-09-12 13:30,12.95,15.88,,,,,,
590,2022-09-12 14:00,12.96,15.82,,,,,,
591,2022-09-12 14:30,12.7,15.86,,,,,,
592,2022-09-12 15:00,13.07,15.88,,,,,,
593,2022-09-12 15:30,12.5,15.84,,,,,,
594,2022-09-12 16:00,11.99,15.7,,,,,,
595,2022-09-12 16:30,12.34,15.7,,,,,,
596,2022-09-12 17:00,12.37,15.72,,,,,,
597,2022-09-12 17:30,12.44,15.74,,,,,,
598,2022-09-12 18:00,12.1,15.74,,,,,,
599,2022-09-12 18:30,11.6,15.7,,,,,,
600,2022-09-12 19:00,11.62,15.7,,,,,,
601,2022-09-12 19:30,11.47,15.68,,,,,,
602,2022-09-12 20:00,11.26,15.62,,,,,,
603,2022-09-12 20:30,11.09,15.62,,,,,,
604,2022-09-12 21:00,11.07,15.6,,,,,,
605,2022-09-12 21:30,11.1,15.6,,,,,,
606,2022-09-12 22:00,11.01,15.54,,,,,,
607,2022-09-12 22:30,10.88,15.46,,,,,,
608,2022-09-12 23:00,10.76,15.44,,,,,,
609,2022-09-12 23:30,10.63,15.4,,,,,,
610,2022-09-13 0:00,10.55,15.4,,,,,,
611,2022-09-13 0:30,10.44,15.36,,,,,,
612,2022-09-13 1:00,10.36,15.34,,,,,,
613,2022-09-13 1:30,10.15,15.28,,,,,,
614,2022-09-13 2:00,9.91,15.22,,,,,,
615,2022-09-13 2:30,9.68,15.14,,,,,,
616,2022-09-13 3:00,9.56,15.1,,,,,,
617,2022-09-13 3:30,9.44,15.1,,,,,,
618,2022-09-13 4:00,9.36,15.06,,,,,,
619,2022-09-13 4:30,9.56,15.1,,,,,,
620,2022-09-13 5:00,9.56,15.1,,,,,,
621,2022-09-13 5:30,9.39,15.06,,,,,,
622,2022-09-13 6:00,9.18,15.02,,,,,,
623,2022-09-13 6:30,9.14,15.02,,,,,,
624,2022-09-13 7:00,9.04,14.98,,,,,,
625,2022-09-13 7:30,9.12,14.96,,,,,,
626,2022-09-13 8:00,9.33,14.98,,,,,,
627,2022-09-13 8:30,9.73,15,,,,,,
628,2022-09-13 9:00,10.06,15.04,,,,,,
629,2022-09-13 9:30,10.47,15.08,,,,,,
630,2022-09-13 10:00,11.01,15.08,,,,,,
631,2022-09-13 10:30,11.45,15.16,,,,,,
632,2022-09-13 11:00,12.06,15.38,,,,,,
633,2022-09-13 11:30,12.07,15.28,,,,,,
634,2022-09-13 12:00,12.8,15.56,,,,,,
635,2022-09-13 12:30,12.98,15.6,,,,,,
636,2022-09-13 13:00,13.22,15.78,,,,,,
637,2022-09-13 13:30,12.44,15.5,,,,,,
638,2022-09-13 14:00,13.23,15.62,,,,,,
639,2022-09-13 14:30,13.66,15.76,,,,,,
640,2022-09-13 15:00,13.37,15.86,,,,,,
641,2022-09-13 15:30,13.5,15.88,,,,,,
642,2022-09-13 16:00,13.74,15.9,,,,,,
643,2022-09-13 16:30,13.47,15.84,,,,,,
644,2022-09-13 17:00,12.63,15.82,,,,,,
645,2022-09-13 17:30,11.93,15.76,,,,,,
646,2022-09-13 18:00,11.77,15.82,,,,,,
647,2022-09-13 18:30,12.01,15.84,,,,,,
648,2022-09-13 19:00,11.96,15.9,,,,,,
649,2022-09-13 19:30,11.45,15.88,,,,,,
650,2022-09-13 20:00,11.03,15.88,,,,,,
651,2022-09-13 20:30,10.9,15.88,,,,,,
652,2022-09-13 21:00,10.91,15.94,,,,,,
653,2022-09-13 21:30,10.92,15.96,,,,,,
654,2022-09-13 22:00,10.88,15.94,,,,,,
655,2022-09-13 22:30,10.86,15.94,,,,,,
656,2022-09-13 23:00,10.8,15.94,,,,,,
657,2022-09-13 23:30,10.76,15.92,,,,,,
658,2022-09-14 0:00,10.71,15.92,,,,,,
659,2022-09-14 0:30,10.68,15.92,,,,,,
660,2022-09-14 1:00,10.42,15.9,,,,,,
661,2022-09-14 1:30,9.8,15.86,,,,,,
662,2022-09-14 2:00,9.72,15.8,,,,,,
663,2022-09-14 2:30,9.89,15.78,,,,,,
664,2022-09-14 3:00,9.84,15.74,,,,,,
665,2022-09-14 3:30,9.82,15.7,,,,,,
666,2022-09-14 4:00,9.82,15.68,,,,,,
667,2022-09-14 4:30,9.74,15.64,,,,,,
668,2022-09-14 5:00,9.77,15.56,,,,,,
669,2022-09-14 5:30,9.66,15.5,,,,,,
670,2022-09-14 6:00,9.62,15.48,,,,,,
671,2022-09-14 6:30,9.47,15.42,,,,,,
672,2022-09-14 7:00,9.46,15.4,,,,,,
673,2022-09-14 7:30,9.58,15.36,,,,,,
674,2022-09-14 8:00,9.96,15.36,,,,,,
675,2022-09-14 8:30,10.44,15.36,,,,,,
676,2022-09-14 9:00,10.95,15.38,,,,,,
677,2022-09-14 9:30,11.34,15.46,,,,,,
678,2022-09-14 10:00,11.74,15.54,,,,,,
679,2022-09-14 10:30,12.25,15.64,,,,,,
680,2022-09-14 11:00,12.59,15.76,,,,,,
681,2022-09-14 11:30,12.91,15.84,,,,,,
682,2022-09-14 12:00,13.14,15.9,,,,,,
683,2022-09-14 12:30,13.46,16,,,,,,
684,2022-09-14 13:00,13.61,16.1,,,,,,
685,2022-09-14 13:30,13.68,16.16,,,,,,
686,2022-09-14 14:00,14.57,16.22,,,,,,
687,2022-09-14 14:30,14.47,16.3,,,,,,
688,2022-09-14 15:00,13.99,16.22,,,,,,
689,2022-09-14 15:30,13.58,16.14,,,,,,
690,2022-09-14 16:00,14.88,16.38,,,,,,
691,2022-09-14 16:30,-888.88,-888.88,,Logged,,,,
692,2022-09-14 17:00,13.77,16.3,,,,,,
693,2022-09-14 17:30,12.87,16.24,,,,,,
694,2022-09-14 18:00,12.43,16.26,,,,,,
695,2022-09-14 18:30,11.8,16.36,,,,,,
696,2022-09-14 19:00,11.47,16.42,,,,,,
697,2022-09-14 19:30,11.19,16.38,,,,,,
698,2022-09-14 20:00,11.09,16.4,,,,,,
699,2022-09-14 20:30,10.98,16.38,,,,,,
700,2022-09-14 21:00,10.95,16.38,,,,,,
701,2022-09-14 21:30,10.99,16.38,,,,,,
702,2022-09-14 22:00,10.99,16.36,,,,,,
703,2022-09-14 22:30,10.98,16.36,,,,,,
704,2022-09-14 23:00,10.86,16.36,,,,,,
705,2022-09-14 23:30,10.38,16.3,,,,,,
706,2022-09-15 0:00,10.33,16.24,,,,,,
707,2022-09-15 0:30,10.49,16.16,,,,,,
708,2022-09-15 1:00,10.58,16.12,,,,,,
709,2022-09-15 1:30,10.42,16.06,,,,,,
710,2022-09-15 2:00,10.42,16,,,,,,
711,2022-09-15 2:30,10.32,15.94,,,,,,
712,2022-09-15 3:00,10.06,15.86,,,,,,
713,2022-09-15 3:30,9.94,15.8,,,,,,
714,2022-09-15 4:00,9.89,15.74,,,,,,
715,2022-09-15 4:30,9.72,15.7,,,,,,
716,2022-09-15 5:00,9.67,15.62,,,,,,
717,2022-09-15 5:30,9.62,15.54,,,,,,
718,2022-09-15 6:00,9.47,15.54,,,,,,
719,2022-09-15 6:30,9.37,15.44,,,,,,
720,2022-09-15 7:00,9.33,15.38,,,,,,
721,2022-09-15 7:30,9.41,15.36,,,,,,
722,2022-09-15 8:00,9.71,15.34,,,,,,
723,2022-09-15 8:30,10.04,15.36,,,,,,
724,2022-09-15 9:00,10.44,15.32,,,,,,
725,2022-09-15 9:30,10.86,15.34,,,,,,
726,2022-09-15 10:00,11.08,15.46,,,,,,
727,2022-09-15 10:30,11.52,15.54,,,,,,
728,2022-09-15 11:00,11.89,15.66,,,,,,
729,2022-09-15 11:30,12.28,15.78,,,,,,
730,2022-09-15 12:00,12.69,15.88,,,,,,
731,2022-09-15 12:30,12.99,15.96,,,,,,
732,2022-09-15 13:00,12.77,16.06,,,,,,
733,2022-09-15 13:30,13.24,16.16,,,,,,
734,2022-09-15 14:00,13.44,16.24,,,,,,
735,2022-09-15 14:30,13.1,16.16,,,,,,
736,2022-09-15 15:00,13.4,16.26,,,,,,
737,2022-09-15 15:30,-888.88,-888.88,,Logged,,,,
738,2022-09-15 16:00,13.1,16.28,,,,,,
739,2022-09-15 16:30,13.46,16.26,,,,,,
740,2022-09-15 17:00,13.3,16.24,,,,,,
741,2022-09-15 17:30,13.36,16.28,,,,,,
742,2022-09-15 18:00,13.34,16.3,,,,,,
743,2022-09-15 18:30,12.97,16.32,,,,,,
744,2022-09-15 19:00,12.38,16.3,,,,,,
745,2022-09-15 19:30,11.84,16.34,,,,,,
746,2022-09-15 20:00,11.41,16.34,,,,,,
747,2022-09-15 20:30,11.22,16.34,,,,,,
748,2022-09-15 21:00,11.18,16.36,,,,,,
749,2022-09-15 21:30,11.12,16.36,,,,,,
750,2022-09-15 22:00,11.06,16.32,,,,,,
751,2022-09-15 22:30,11.01,16.3,,,,,,
752,2022-09-15 23:00,10.85,16.26,,,,,,
753,2022-09-15 23:30,10.71,16.18,,,,,,
754,2022-09-16 0:00,9.74,16.12,,,,,,
755,2022-09-16 0:30,10.53,16.06,,,,,,
756,2022-09-16 1:00,10.42,16,,,,,,
757,2022-09-16 1:30,10.37,15.92,,,,,,
758,2022-09-16 2:00,10.25,15.86,,,,,,
759,2022-09-16 2:30,10.06,15.76,,,,,,
760,2022-09-16 3:00,9.96,15.72,,,,,,
761,2022-09-16 3:30,5.44,15.66,,,,,,
762,2022-09-16 4:00,9.74,15.6,,,,,,
763,2022-09-16 4:30,9.71,15.56,,,,,,
764,2022-09-16 5:00,9.6,15.5,,,,,,
765,2022-09-16 5:30,9.52,15.42,,,,,,
766,2022-09-16 6:00,9.47,15.4,,,,,,
767,2022-09-16 6:30,9.42,15.32,,,,,,
768,2022-09-16 7:00,9.24,15.2,,,,,,
769,2022-09-16 7:30,9.36,15.18,,,,,,
770,2022-09-16 8:00,9.85,15.18,,,,,,
771,2022-09-16 8:30,10.5,15.22,,,,,,
772,2022-09-16 9:00,10.88,15.22,,,,,,
773,2022-09-16 9:30,11.3,15.24,,,,,,
774,2022-09-16 10:00,12.15,15.36,,,,,,
775,2022-09-16 10:30,12.37,15.48,,,,,,
776,2022-09-16 11:00,12.76,15.52,,,,,,
777,2022-09-16 11:30,13.14,15.54,,,,,,
778,2022-09-16 12:00,13.04,15.52,,,,,,
779,2022-09-16 12:30,13.66,15.82,,,,,,
780,2022-09-16 13:00,13.28,15.9,,,,,,
781,2022-09-16 13:30,13.26,15.94,,,,,,
782,2022-09-16 14:00,13.94,16.02,,,,,,
783,2022-09-16 14:30,13.98,16,,,,,,
784,2022-09-16 15:00,13.41,15.94,,,,,,
785,2022-09-16 15:30,13.89,16.04,,,,,,
786,2022-09-16 16:00,13.58,15.92,,,,,,
787,2022-09-16 16:30,-888.88,-888.88,,Logged,,,,
788,2022-09-16 17:00,12.95,16,,,,,,
789,2022-09-16 17:30,13.45,16.04,,,,,,
790,2022-09-16 18:00,13.53,16.16,,,,,,
791,2022-09-16 18:30,12.81,16.06,,,,,,
792,2022-09-16 19:00,12.21,16.02,,,,,,
793,2022-09-16 19:30,11.85,16.02,,,,,,
794,2022-09-16 20:00,11.51,15.96,,,,,,
795,2022-09-16 20:30,11.37,15.96,,,,,,
796,2022-09-16 21:00,11.31,16,,,,,,
797,2022-09-16 21:30,11.23,16.02,,,,,,
798,2022-09-16 22:00,11.25,16,,,,,,
799,2022-09-16 22:30,11.14,15.96,,,,,,
800,2022-09-16 23:00,11.1,15.92,,,,,,
801,2022-09-16 23:30,10.66,15.82,,,,,,
802,2022-09-17 0:00,10.72,15.78,,,,,,
803,2022-09-17 0:30,10.58,15.7,,,,,,
804,2022-09-17 1:00,10.49,15.66,,,,,,
805,2022-09-17 1:30,10.28,15.58,,,,,,
806,2022-09-17 2:00,10.2,15.5,,,,,,
807,2022-09-17 2:30,10.09,15.44,,,,,,
808,2022-09-17 3:00,9.98,15.36,,,,,,
809,2022-09-17 3:30,9.91,15.3,,,,,,
810,2022-09-17 4:00,9.8,15.24,,,,,,
811,2022-09-17 4:30,9.71,15.18,,,,,,
812,2022-09-17 5:00,9.73,15.14,,,,,,
813,2022-09-17 5:30,9.61,15.06,,,,,,
814,2022-09-17 6:00,9.49,14.98,,,,,,
815,2022-09-17 6:30,9.49,14.94,,,,,,
816,2022-09-17 7:00,9.42,14.88,,,,,,
817,2022-09-17 7:30,9.5,14.84,,,,,,
818,2022-09-17 8:00,9.82,14.78,,,,,,
819,2022-09-17 8:30,10.23,14.72,,,,,,
820,2022-09-17 9:00,10.9,14.76,,,,,,
821,2022-09-17 9:30,11.22,14.8,,,,,,
822,2022-09-17 10:00,11.71,14.88,,,,,,
823,2022-09-17 10:30,12.23,14.9,,,,,,
824,2022-09-17 11:00,12.68,15,,,,,,
825,2022-09-17 11:30,13.22,15.12,,,,,,
826,2022-09-17 12:00,13.57,15.2,,,,,,
827,2022-09-17 12:30,14.33,15.24,,,,,,
828,2022-09-17 13:00,13.56,15.36,,,,,,
829,2022-09-17 13:30,13.63,15.38,,,,,,
830,2022-09-17 14:00,14.69,15.44,,,,,,
831,2022-09-17 14:30,14.03,15.42,,,,,,
832,2022-09-17 15:00,14.54,15.56,,,,,,
833,2022-09-17 15:30,14.88,15.56,,,,,,
834,2022-09-17 16:00,14.88,15.56,,,,,,
835,2022-09-17 16:30,-888.88,-888.88,,Logged,,,,
836,2022-09-17 17:00,14.61,15.7,,,,,,
837,2022-09-17 17:30,13.68,15.68,,,,,,
838,2022-09-17 18:00,12.55,15.64,,,,,,
839,2022-09-17 18:30,13.09,15.66,,,,,,
840,2022-09-17 19:00,12.54,15.68,,,,,,
841,2022-09-17 19:30,11.98,15.68,,,,,,
842,2022-09-17 20:00,11.56,15.68,,,,,,
843,2022-09-17 20:30,11.28,15.66,,,,,,
844,2022-09-17 21:00,11.26,15.64,,,,,,
845,2022-09-17 21:30,11.23,15.62,,,,,,
846,2022-09-17 22:00,11.03,15.6,,,,,,
847,2022-09-17 22:30,11.03,15.56,,,,,,
848,2022-09-17 23:00,10.99,15.52,,,,,,
849,2022-09-17 23:30,10.72,15.38,,,,,,
850,2022-09-18 0:00,10.54,15.26,,,,,,
851,2022-09-18 0:30,10.56,15.22,,,,,,
852,2022-09-18 1:00,10.29,15.12,,,,,,
853,2022-09-18 1:30,10.05,14.98,,,,,,
854,2022-09-18 2:00,10.2,14.98,,,,,,
855,2022-09-18 2:30,9.95,14.9,,,,,,
856,2022-09-18 3:00,9.85,14.78,,,,,,
857,2022-09-18 3:30,9.96,14.76,,,,,,
858,2022-09-18 4:00,9.98,14.74,,,,,,
859,2022-09-18 4:30,9.61,14.54,,,,,,
860,2022-09-18 5:00,9.79,14.56,,,,,,
861,2022-09-18 5:30,9.79,14.52,,,,,,
862,2022-09-18 6:00,9.51,14.36,,,,,,
863,2022-09-18 6:30,9.53,14.3,,,,,,
864,2022-09-18 7:00,9.63,14.28,,,,,,
865,2022-09-18 7:30,9.66,14.18,,,,,,
866,2022-09-18 8:00,10.17,14.12,,,,,,
867,2022-09-18 8:30,10.8,14.16,,,,,,
868,2022-09-18 9:00,11.28,14.18,,,,,,
869,2022-09-18 9:30,11.61,14.16,,,,,,
870,2022-09-18 10:00,12.21,14.3,,,,,,
871,2022-09-18 10:30,12.69,14.36,,,,,,
872,2022-09-18 11:00,12.91,14.36,,,,,,
873,2022-09-18 11:30,13.28,14.4,,,,,,
874,2022-09-18 12:00,13.89,14.44,,,,,,
875,2022-09-18 12:30,13.87,14.42,,,,,,
876,2022-09-18 13:00,13.94,14.6,,,,,,
877,2022-09-18 13:30,15.02,14.8,,,,,,
878,2022-09-18 14:00,15.08,14.88,,,,,,
879,2022-09-18 14:30,14.81,14.82,,,,,,
880,2022-09-18 15:00,14.55,14.9,,,,,,
881,2022-09-18 15:30,13.78,14.76,,,,,,
882,2022-09-18 16:00,13.47,14.72,,,,,,
883,2022-09-18 16:30,13.42,14.74,,,,,,
884,2022-09-18 17:00,13.77,14.82,,,,,,
885,2022-09-18 17:30,13.67,14.88,,,,,,
886,2022-09-18 18:00,12.82,14.86,,,,,,
887,2022-09-18 18:30,12.22,14.86,,,,,,
888,2022-09-18 19:00,11.78,14.86,,,,,,
889,2022-09-18 19:30,11.55,14.88,,,,,,
890,2022-09-18 20:00,11.4,14.9,,,,,,
891,2022-09-18 20:30,11.37,14.92,,,,,,
892,2022-09-18 21:00,11.41,14.92,,,,,,
893,2022-09-18 21:30,11.42,14.92,,,,,,
894,2022-09-18 22:00,11.4,14.9,,,,,,
895,2022-09-18 22:30,11.33,14.9,,,,,,
896,2022-09-18 23:00,11.25,14.86,,,,,,
897,2022-09-18 23:30,10.91,14.8,,,,,,
898,2022-09-19 0:00,10.76,14.74,,,,,,
899,2022-09-19 0:30,10.86,14.7,,,,,,
900,2022-09-19 1:00,10.77,14.66,,,,,,
901,2022-09-19 1:30,10.53,14.62,,,,,,
902,2022-09-19 2:00,9.9,14.58,,,,,,
903,2022-09-19 2:30,10.37,14.54,,,,,,
904,2022-09-19 3:00,10.16,14.48,,,,,,
905,2022-09-19 3:30,10.12,14.42,,,,,,
906,2022-09-19 4:00,10.14,14.38,,,,,,
907,2022-09-19 4:30,9.91,14.32,,,,,,
908,2022-09-19 5:00,10,14.28,,,,,,
909,2022-09-19 5:30,9.96,14.26,,,,,,
910,2022-09-19 6:00,9.82,14.22,,,,,,
911,2022-09-19 6:30,9.84,14.18,,,,,,
912,2022-09-19 7:00,9.79,14.08,,,,,,
913,2022-09-19 7:30,9.76,13.98,,,,,,
914,2022-09-19 8:00,10.25,13.96,,,,,,
915,2022-09-19 8:30,10.04,13.94,,,,,,
916,2022-09-19 9:00,9.85,13.84,,,,,,
917,2022-09-19 9:30,9.99,13.82,,,,,,
918,2022-09-19 10:00,10.6,13.84,,,,,,
919,2022-09-19 10:30,11.76,13.92,,,,,,
920,2022-09-19 11:00,11.14,13.84,,,,,,
921,2022-09-19 11:30,10.92,13.76,,,,,,
922,2022-09-19 12:00,10.75,13.74,,,,,,
923,2022-09-19 12:30,10.71,13.64,,,,,,
924,2022-09-19 13:00,10.32,13.54,,,,,,
925,2022-09-19 13:30,11.03,13.46,,,,,,
926,2022-09-19 14:00,11.78,13.5,,,,,,
927,2022-09-19 14:30,12.33,13.5,,,,,,
928,2022-09-19 15:00,12.71,13.52,,,,,,
929,2022-09-19 15:30,12.99,13.54,,,,,,
930,2022-09-19 16:00,13.46,13.44,,,,,,
931,2022-09-19 16:30,13.66,13.58,,,,,,
932,2022-09-19 17:00,13.18,13.5,,,,,,
933,2022-09-19 17:30,14.54,13.44,,,,,,
934,2022-09-19 18:00,13.13,13.38,,,,,,
935,2022-09-19 18:30,12.58,13.34,,,,,,
936,2022-09-19 19:00,11.76,13.24,,,,,,
937,2022-09-19 19:30,10.91,13.14,,,,,,
938,2022-09-19 20:00,10.5,13.08,,,,,,
939,2022-09-19 20:30,10.54,13.02,,,,,,
940,2022-09-19 21:00,10.59,12.98,,,,,,
941,2022-09-19 21:30,10.58,12.98,,,,,,
942,2022-09-19 22:00,10.58,12.88,,,,,,
943,2022-09-19 22:30,10.52,12.84,,,,,,
944,2022-09-19 23:00,10.37,12.8,,,,,,
945,2022-09-19 23:30,10.32,12.76,,,,,,
946,2022-09-20 0:00,10.28,12.72,,,,,,
947,2022-09-20 0:30,10.23,12.68,,,,,,
948,2022-09-20 1:00,10.25,12.62,,,,,,
949,2022-09-20 1:30,10.17,12.54,,,,,,
950,2022-09-20 2:00,10.16,12.5,,,,,,
951,2022-09-20 2:30,10.1,12.44,,,,,,
952,2022-09-20 3:00,10.05,12.38,,,,,,
953,2022-09-20 3:30,10.03,12.32,,,,,,
954,2022-09-20 4:00,10.01,12.24,,,,,,
955,2022-09-20 4:30,9.99,12.18,,,,,,
956,2022-09-20 5:00,9.96,12.12,,,,,,
957,2022-09-20 5:30,9.93,12.1,,,,,,
958,2022-09-20 6:00,9.89,12.04,,,,,,
959,2022-09-20 6:30,9.83,11.96,,,,,,
960,2022-09-20 7:00,9.85,11.92,,,,,,
961,2022-09-20 7:30,10.04,11.86,,,,,,
962,2022-09-20 8:00,10.52,11.82,,,,,,
963,2022-09-20 8:30,11.18,11.86,,,,,,
964,2022-09-20 9:00,11.67,11.86,,,,,,
965,2022-09-20 9:30,12.01,11.92,,,,,,
966,2022-09-20 10:00,12.55,12.02,,,,,,
967,2022-09-20 10:30,13.37,12.14,,,,,,
968,2022-09-20 11:00,13.77,12.26,,,,,,
969,2022-09-20 11:30,14.28,12.4,,,,,,
970,2022-09-20 12:00,14.79,12.48,,,,,,
971,2022-09-20 12:30,15.53,12.54,,,,,,
972,2022-09-20 13:00,16.2,12.62,,,,,,
973,2022-09-20 13:30,13.78,12.58,,,,,,
974,2022-09-20 14:00,14.42,12.64,,,,,,
975,2022-09-20 14:30,14.57,12.52,,,,,,
976,2022-09-20 15:00,15.28,12.76,,,,,,
977,2022-09-20 15:30,-888.88,-888.88,,Logged,,,,
978,2022-09-20 16:00,-888.88,-888.88,,Logged,,,,
979,2022-09-20 16:30,-888.88,-888.88,,Logged,,,,
980,2022-09-20 17:00,14.48,12.96,,,,,,
981,2022-09-20 17:30,13.63,12.9,,,,,,
982,2022-09-20 18:00,13.57,12.96,,,,,,
983,2022-09-20 18:30,12.98,12.86,,,,,,
984,2022-09-20 19:00,12.41,12.9,,,,,,
985,2022-09-20 19:30,11.77,12.9,,,,,,
986,2022-09-20 20:00,11.52,12.96,,,,,,
987,2022-09-20 20:30,11.47,13,,,,,,
988,2022-09-20 21:00,11.52,13.04,,,,,,
989,2022-09-20 21:30,11.56,13.02,,,,,,
990,2022-09-20 22:00,11.51,13,,,,,,
991,2022-09-20 22:30,11.44,12.98,,,,,,
992,2022-09-20 23:00,11.29,12.94,,,,,,
993,2022-09-20 23:30,11.28,12.92,,,,,,
994,2022-09-21 0:00,11.23,12.88,,,,,,
995,2022-09-21 0:30,11.12,12.84,,,,,,
996,2022-09-21 1:00,10.98,12.8,,,,,,
997,2022-09-21 1:30,11.01,12.78,,,,,,
998,2022-09-21 2:00,10.92,12.74,,,,,,
999,2022-09-21 2:30,10.63,12.7,,,,,,
1000,2022-09-21 3:00,10.33,12.64,,,,,,
1001,2022-09-21 3:30,10.2,12.58,,,,,,
1002,2022-09-21 4:00,10.09,12.5,,,,,,
1003,2022-09-21 4:30,9.96,12.44,,,,,,
1004,2022-09-21 5:00,10.01,12.4,,,,,,
1005,2022-09-21 5:30,10.04,12.34,,,,,,
1006,2022-09-21 6:00,10.04,12.3,,,,,,
1007,2022-09-21 6:30,10,12.22,,,,,,
1008,2022-09-21 7:00,10.06,12.18,,,,,,
1009,2022-09-21 7:30,10.16,12.12,,,,,,
1010,2022-09-21 8:00,10.55,12.08,,,,,,
1011,2022-09-21 8:30,11.2,12.08,,,,,,
1012,2022-09-21 9:00,11.87,12.12,,,,,,
1013,2022-09-21 9:30,12.14,12.18,,,,,,
1014,2022-09-21 10:00,12.74,12.28,,,,,,
1015,2022-09-21 10:30,13.14,12.4,,,,,,
1016,2022-09-21 11:00,13.88,12.46,,,,,,
1017,2022-09-21 11:30,14.58,12.48,,,,,,
1018,2022-09-21 12:00,14.9,12.6,,,,,,
1019,2022-09-21 12:30,15.22,12.76,,,,,,
1020,2022-09-21 13:00,16.21,12.88,,,,,,
1021,2022-09-21 13:30,14.38,12.94,,,,,,
1022,2022-09-21 14:00,15.09,13.02,,,,,,
1023,2022-09-21 14:30,15.36,13.1,,,,,,
1024,2022-09-21 15:00,16.21,13.16,,,,,,
1025,2022-09-21 15:30,16.44,13.2,,,,,,
1026,2022-09-21 16:00,16.47,13.28,,,,,,
1027,2022-09-21 16:30,-888.88,-888.88,,Logged,,,,
1028,2022-09-21 17:00,15.64,13.32,,,,,,
1029,2022-09-21 17:30,15.04,13.32,,,,,,
1030,2022-09-21 18:00,14.16,13.26,,,,,,
1031,2022-09-21 18:30,13.52,13.2,,,,,,
1032,2022-09-21 19:00,12.71,13.14,,,,,,
1033,2022-09-21 19:30,12.01,13.08,,,,,,
1034,2022-09-21 20:00,11.6,13.08,,,,,,
1035,2022-09-21 20:30,11.5,13.04,,,,,,
1036,2022-09-21 21:00,11.49,13.02,,,,,,
1037,2022-09-21 21:30,11.41,13.02,,,,,,
1038,2022-09-21 22:00,11.52,12.98,,,,,,
1039,2022-09-21 22:30,11.53,12.96,,,,,,
1040,2022-09-21 23:00,11.49,12.94,,,,,,
1041,2022-09-21 23:30,11.41,12.92,,,,,,
1042,2022-09-22 0:00,11.15,12.84,,,,,,
1043,2022-09-22 0:30,11.02,12.78,,,,,,
1044,2022-09-22 1:00,10.93,12.7,,,,,,
1045,2022-09-22 1:30,10.87,12.66,,,,,,
1046,2022-09-22 2:00,10.93,12.62,,,,,,
1047,2022-09-22 2:30,10.85,12.56,,,,,,
1048,2022-09-22 3:00,10.9,12.54,,,,,,
1049,2022-09-22 3:30,10.64,12.44,,,,,,
1050,2022-09-22 4:00,10.55,12.38,,,,,,
1051,2022-09-22 4:30,10.56,12.36,,,,,,
1052,2022-09-22 5:00,10.36,12.28,,,,,,
1053,2022-09-22 5:30,10.2,12.2,,,,,,
1054,2022-09-22 6:00,10.16,12.18,,,,,,
1055,2022-09-22 6:30,10.03,12.1,,,,,,
1056,2022-09-22 7:00,9.89,12.04,,,,,,
1057,2022-09-22 7:30,10.03,12.04,,,,,,
1058,2022-09-22 8:00,10.55,12.04,,,,,,
1059,2022-09-22 8:30,11.01,12.08,,,,,,
1060,2022-09-22 9:00,11.49,12.1,,,,,,
1061,2022-09-22 9:30,12.07,12.12,,,,,,
1062,2022-09-22 10:00,12.34,12.14,,,,,,
1063,2022-09-22 10:30,12.58,12.18,,,,,,
1064,2022-09-22 11:00,13.87,12.36,,,,,,
1065,2022-09-22 11:30,14.27,12.42,,,,,,
1066,2022-09-22 12:00,14.57,12.58,,,,,,
1067,2022-09-22 12:30,14.43,12.76,,,,,,
1068,2022-09-22 13:00,14.49,12.5,,,,,,
1069,2022-09-22 13:30,14.53,12.58,,,,,,
1070,2022-09-22 14:00,14.18,12.56,,,,,,
1071,2022-09-22 14:30,15.64,12.9,,,,,,
1072,2022-09-22 15:00,15.71,13.04,,,,,,
1073,2022-09-22 15:30,15.5,12.88,,,,,,
1074,2022-09-22 16:00,14.57,12.8,,,,,,
1075,2022-09-22 16:30,15.71,12.9,,,,,,
1076,2022-09-22 17:00,14.21,12.82,,,,,,
1077,2022-09-22 17:30,13.71,12.84,,,,,,
1078,2022-09-22 18:00,13.58,12.88,,,,,,
1079,2022-09-22 18:30,13.45,12.94,,,,,,
1080,2022-09-22 19:00,12.65,12.94,,,,,,
1081,2022-09-22 19:30,12.18,12.96,,,,,,
1082,2022-09-22 20:00,11.9,12.96,,,,,,
1083,2022-09-22 20:30,11.82,13,,,,,,
1084,2022-09-22 21:00,11.87,12.98,,,,,,
1085,2022-09-22 21:30,11.85,12.96,,,,,,
1086,2022-09-22 22:00,11.73,12.96,,,,,,
1087,2022-09-22 22:30,11.76,12.92,,,,,,
1088,2022-09-22 23:00,11.73,12.88,,,,,,
1089,2022-09-22 23:30,11.51,12.84,,,,,,
1090,2022-09-23 0:00,11.19,12.78,,,,,,
1091,2022-09-23 0:30,10.98,12.72,,,,,,
1092,2022-09-23 1:00,10.95,12.66,,,,,,
1093,2022-09-23 1:30,10.92,12.62,,,,,,
1094,2022-09-23 2:00,10.82,12.56,,,,,,
1095,2022-09-23 2:30,10.82,12.52,,,,,,
1096,2022-09-23 3:00,10.7,12.46,,,,,,
1097,2022-09-23 3:30,10.75,12.42,,,,,,
1098,2022-09-23 4:00,10.61,12.34,,,,,,
1099,2022-09-23 4:30,10.53,12.3,,,,,,
1100,2022-09-23 5:00,10.48,12.26,,,,,,
1101,2022-09-23 5:30,10.38,12.2,,,,,,
1102,2022-09-23 6:00,10.25,12.16,,,,,,
1103,2022-09-23 6:30,10.25,12.12,,,,,,
1104,2022-09-23 7:00,10.12,12.06,,,,,,
1105,2022-09-23 7:30,10.28,12.04,,,,,,
1106,2022-09-23 8:00,10.7,12.02,,,,,,
1107,2022-09-23 8:30,11.19,12.04,,,,,,
1108,2022-09-23 9:00,11.79,12.12,,,,,,
1109,2022-09-23 9:30,12.64,12.22,,,,,,
1110,2022-09-23 10:00,13.13,12.4,,,,,,
1111,2022-09-23 10:30,13.44,12.4,,,,,,
1112,2022-09-23 11:00,14.69,12.58,,,,,,
1113,2022-09-23 11:30,14.7,12.64,,,,,,
1114,2022-09-23 12:00,15.18,12.66,,,,,,
1115,2022-09-23 12:30,14.81,12.84,,,,,,
1116,2022-09-23 13:00,15.33,12.78,,,,,,
1117,2022-09-23 13:30,14.1,12.66,,,,,,
1118,2022-09-23 14:00,15.5,12.88,,,,,,
1119,2022-09-23 14:30,15.69,12.84,,,,,,
1120,2022-09-23 15:00,15.13,13.06,,,,,,
1121,2022-09-23 15:30,-888.88,-888.88,,Logged,,,,
1122,2022-09-23 16:00,-888.88,-888.88,,Logged,,,,
1123,2022-09-23 16:30,-888.88,-888.88,,Logged,,,,
1124,2022-09-23 17:00,15.09,13.18,,,,,,
1125,2022-09-23 17:30,14.63,13.14,,,,,,
1126,2022-09-23 18:00,13.68,13.2,,,,,,
1127,2022-09-23 18:30,12.45,13.1,,,,,,
1128,2022-09-23 19:00,12.09,13.12,,,,,,
1129,2022-09-23 19:30,11.69,13.14,,,,,,
1130,2022-09-23 20:00,11.46,13.12,,,,,,
1131,2022-09-23 20:30,11.42,13.1,,,,,,
1132,2022-09-23 21:00,11.47,13.14,,,,,,
1133,2022-09-23 21:30,11.67,13.2,,,,,,
1134,2022-09-23 22:00,11.56,13.2,,,,,,
1135,2022-09-23 22:30,11.66,13.18,,,,,,
1136,2022-09-23 23:00,11.5,13.14,,,,,,
1137,2022-09-23 23:30,11.29,13.1,,,,,,
1138,2022-09-24 0:00,11.13,13.04,,,,,,
1139,2022-09-24 0:30,11.19,13.04,,,,,,
1140,2022-09-24 1:00,10.93,13.02,,,,,,
1141,2022-09-24 1:30,11.17,13.02,,,,,,
1142,2022-09-24 2:00,11.03,12.98,,,,,,
1143,2022-09-24 2:30,10.95,12.9,,,,,,
1144,2022-09-24 3:00,10.82,12.84,,,,,,
1145,2022-09-24 3:30,10.8,12.8,,,,,,
1146,2022-09-24 4:00,10.72,12.76,,,,,,
1147,2022-09-24 4:30,10.52,12.7,,,,,,
1148,2022-09-24 5:00,10.37,12.66,,,,,,
1149,2022-09-24 5:30,10.34,12.6,,,,,,
1150,2022-09-24 6:00,10.26,12.54,,,,,,
1151,2022-09-24 6:30,10.22,12.48,,,,,,
1152,2022-09-24 7:00,10.21,12.44,,,,,,
1153,2022-09-24 7:30,10.27,12.4,,,,,,
1154,2022-09-24 8:00,10.66,12.36,,,,,,
1155,2022-09-24 8:30,11.26,12.38,,,,,,
1156,2022-09-24 9:00,11.66,12.4,,,,,,
1157,2022-09-24 9:30,12.06,12.48,,,,,,
1158,2022-09-24 10:00,12.41,12.6,,,,,,
1159,2022-09-24 10:30,13.17,12.68,,,,,,
1160,2022-09-24 11:00,13.39,12.8,,,,,,
1161,2022-09-24 11:30,14.22,12.92,,,,,,
1162,2022-09-24 12:00,14.81,13.02,,,,,,
1163,2022-09-24 12:30,15.45,13.2,,,,,,
1164,2022-09-24 13:00,16.38,13.22,,,,,,
1165,2022-09-24 13:30,14.28,13.26,,,,,,
1166,2022-09-24 14:00,14.87,13.24,,,,,,
1167,2022-09-24 14:30,14.22,13.32,,,,,,
1168,2022-09-24 15:00,13.73,13.4,,,,,,
1169,2022-09-24 15:30,-888.88,-888.88,,Logged,,,,
1170,2022-09-24 16:00,13.45,13.54,,,,,,
1171,2022-09-24 16:30,15.44,13.6,,,,,,
1172,2022-09-24 17:00,15.2,13.66,,,,,,
1173,2022-09-24 17:30,14.32,13.68,,,,,,
1174,2022-09-24 18:00,14.07,13.74,,,,,,
1175,2022-09-24 18:30,13.29,13.76,,,,,,
1176,2022-09-24 19:00,12.45,13.76,,,,,,
1177,2022-09-24 19:30,12.07,13.78,,,,,,
1178,2022-09-24 20:00,11.76,13.78,,,,,,
1179,2022-09-24 20:30,11.74,13.78,,,,,,
1180,2022-09-24 21:00,11.73,13.82,,,,,,
1181,2022-09-24 21:30,11.69,13.84,,,,,,
1182,2022-09-24 22:00,11.69,13.82,,,,,,
1183,2022-09-24 22:30,11.66,13.8,,,,,,
1184,2022-09-24 23:00,11.68,13.78,,,,,,
1185,2022-09-24 23:30,11.69,13.76,,,,,,
1186,2022-09-25 0:00,11.33,13.7,,,,,,
1187,2022-09-25 0:30,10.91,13.62,,,,,,
1188,2022-09-25 1:00,10.8,13.54,,,,,,
1189,2022-09-25 1:30,10.79,13.46,,,,,,
1190,2022-09-25 2:00,10.68,13.4,,,,,,
1191,2022-09-25 2:30,10.77,13.36,,,,,,
1192,2022-09-25 3:00,10.65,13.28,,,,,,
1193,2022-09-25 3:30,10.42,13.16,,,,,,
1194,2022-09-25 4:00,10.64,13.16,,,,,,
1195,2022-09-25 4:30,10.52,13.08,,,,,,
1196,2022-09-25 5:00,10.06,12.96,,,,,,
1197,2022-09-25 5:30,10.23,12.96,,,,,,
1198,2022-09-25 6:00,10.25,12.92,,,,,,
1199,2022-09-25 6:30,10.06,12.8,,,,,,
1200,2022-09-25 7:00,9.99,12.74,,,,,,
1201,2022-09-25 7:30,10.2,12.72,,,,,,
1202,2022-09-25 8:00,10.65,12.7,,,,,,
1203,2022-09-25 8:30,11.24,12.7,,,,,,
1204,2022-09-25 9:00,12.14,12.78,,,,,,
1205,2022-09-25 9:30,12.27,12.76,,,,,,
1206,2022-09-25 10:00,12.88,12.8,,,,,,
1207,2022-09-25 10:30,13.84,12.92,,,,,,
1208,2022-09-25 11:00,14.5,13.04,,,,,,
1209,2022-09-25 11:30,15.03,13.08,,,,,,
1210,2022-09-25 12:00,14.99,13.22,,,,,,
1211,2022-09-25 12:30,15.79,13.32,,,,,,
1212,2022-09-25 13:00,-888.88,-888.88,,Logged,,,,
1213,2022-09-25 13:30,16,13.5,,,,,,
1214,2022-09-25 14:00,14.41,13.56,,,,,,
1215,2022-09-25 14:30,16.66,13.62,,,,,,
1216,2022-09-25 15:00,14.36,13.62,,,,,,
1217,2022-09-25 15:30,17.24,13.7,,,,,,
1218,2022-09-25 16:00,-888.88,-888.88,,Logged,,,,
1219,2022-09-25 16:30,15.08,13.74,,,,,,
1220,2022-09-25 17:00,16.53,13.8,,,,,,
1221,2022-09-25 17:30,14.42,13.86,,,,,,
1222,2022-09-25 18:00,14.01,13.88,,,,,,
1223,2022-09-25 18:30,13.24,13.9,,,,,,
1224,2022-09-25 19:00,12.68,13.98,,,,,,
1225,2022-09-25 19:30,11.82,13.96,,,,,,
1226,2022-09-25 20:00,11.73,14,,,,,,
1227,2022-09-25 20:30,11.8,14.06,,,,,,
1228,2022-09-25 21:00,11.77,14.08,,,,,,
1229,2022-09-25 21:30,11.73,14.1,,,,,,
1230,2022-09-25 22:00,11.6,14.14,,,,,,
1231,2022-09-25 22:30,7.93,14.14,,,,,,
1232,2022-09-25 23:00,11.64,14.12,,,,,,
1233,2022-09-25 23:30,11.46,14.08,,,,,,
1234,2022-09-26 0:00,11.09,14.04,,,,,,
1235,2022-09-26 0:30,11.22,14,,,,,,
1236,2022-09-26 1:00,11.09,13.94,,,,,,
1237,2022-09-26 1:30,10.91,13.88,,,,,,
1238,2022-09-26 2:00,10.86,13.82,,,,,,
1239,2022-09-26 2:30,10.82,13.78,,,,,,
1240,2022-09-26 3:00,10.56,13.68,,,,,,
1241,2022-09-26 3:30,10.44,13.6,,,,,,
1242,2022-09-26 4:00,10.52,13.58,,,,,,
1243,2022-09-26 4:30,10.37,13.5,,,,,,
1244,2022-09-26 5:00,10.18,13.44,,,,,,
1245,2022-09-26 5:30,10.17,13.4,,,,,,
1246,2022-09-26 6:00,10.05,13.34,,,,,,
1247,2022-09-26 6:30,9.85,13.22,,,,,,
1248,2022-09-26 7:00,9.91,13.2,,,,,,
1249,2022-09-26 7:30,9.98,13.16,,,,,,
1250,2022-09-26 8:00,10.32,13.06,,,,,,
1251,2022-09-26 8:30,10.93,13.12,,,,,,
1252,2022-09-26 9:00,11.52,13.16,,,,,,
1253,2022-09-26 9:30,11.85,13.16,,,,,,
1254,2022-09-26 10:00,12.48,13.28,,,,,,
1255,2022-09-26 10:30,13.44,13.4,,,,,,
1256,2022-09-26 11:00,14,13.52,,,,,,
1257,2022-09-26 11:30,14.64,13.66,,,,,,
1258,2022-09-26 12:00,14.81,13.76,,,,,,
1259,2022-09-26 12:30,15.33,13.86,,,,,,
1260,2022-09-26 13:00,16.11,13.9,,,,,,
1261,2022-09-26 13:30,-888.88,-888.88,,Logged,,,,
1262,2022-09-26 14:00,13.57,14.06,,,,,,
1263,2022-09-26 14:30,-888.88,-888.88,,Logged,,,,
1264,2022-09-26 15:00,14.69,14.16,,,,,,
1265,2022-09-26 15:30,-888.88,-888.88,,Logged,,,,
1266,2022-09-26 16:00,-888.88,-888.88,,Logged,,,,
1267,2022-09-26 16:30,-888.88,-888.88,,Logged,,,,
1268,2022-09-26 17:00,15.57,14.42,,,,,,
1269,2022-09-26 17:30,14.49,14.44,,,,,,
1270,2022-09-26 18:00,13.88,14.46,,,,,,
1271,2022-09-26 18:30,13.31,14.5,,,,,,
1272,2022-09-26 19:00,12.61,14.54,,,,,,
1273,2022-09-26 19:30,11.96,14.56,,,,,,
1274,2022-09-26 20:00,11.74,14.6,,,,,,
1275,2022-09-26 20:30,11.71,14.62,,,,,,
1276,2022-09-26 21:00,11.69,14.62,,,,,,
1277,2022-09-26 21:30,11.66,14.62,,,,,,
1278,2022-09-26 22:00,11.64,14.62,,,,,,
1279,2022-09-26 22:30,11.6,14.62,,,,,,
1280,2022-09-26 23:00,11.55,14.6,,,,,,
1281,2022-09-26 23:30,11.44,14.56,,,,,,
1282,2022-09-27 0:00,10.95,14.5,,,,,,
1283,2022-09-27 0:30,10.83,14.46,,,,,,
1284,2022-09-27 1:00,10.69,14.42,,,,,,
1285,2022-09-27 1:30,10.66,14.38,,,,,,
1286,2022-09-27 2:00,10.66,14.32,,,,,,
1287,2022-09-27 2:30,10.53,14.24,,,,,,
1288,2022-09-27 3:00,10.26,14.16,,,,,,
1289,2022-09-27 3:30,10.25,14.12,,,,,,
1290,2022-09-27 4:00,10.18,14.1,,,,,,
1291,2022-09-27 4:30,9.88,14,,,,,,
1292,2022-09-27 5:00,9.8,13.94,,,,,,
1293,2022-09-27 5:30,9.78,13.92,,,,,,
1294,2022-09-27 6:00,9.63,13.8,,,,,,
1295,2022-09-27 6:30,9.53,13.7,,,,,,
1296,2022-09-27 7:00,9.53,13.68,,,,,,
1297,2022-09-27 7:30,9.68,13.64,,,,,,
1298,2022-09-27 8:00,9.98,13.56,,,,,,
1299,2022-09-27 8:30,10.58,13.6,,,,,,
1300,2022-09-27 9:00,11.04,13.64,,,,,,
1301,2022-09-27 9:30,11.34,13.6,,,,,,
1302,2022-09-27 10:00,11.9,13.74,,,,,,
1303,2022-09-27 10:30,12.66,13.84,,,,,,
1304,2022-09-27 11:00,13.26,13.92,,,,,,
1305,2022-09-27 11:30,13.96,14.06,,,,,,
1306,2022-09-27 12:00,14.63,14.18,,,,,,
1307,2022-09-27 12:30,15.28,14.24,,,,,,
1308,2022-09-27 13:00,16.14,14.34,,,,,,
1309,2022-09-27 13:30,15.4,14.4,,,,,,
1310,2022-09-27 14:00,14.34,14.4,,,,,,
1311,2022-09-27 14:30,14.32,14.44,,,,,,
1312,2022-09-27 15:00,14.2,14.46,,,,,,
1313,2022-09-27 15:30,-888.88,-888.88,,Logged,,,,
1314,2022-09-27 16:00,-888.88,-888.88,,Logged,,,,
1315,2022-09-27 16:30,-888.88,-888.88,,Logged,,,,
1316,2022-09-27 17:00,15.06,14.8,,,,,,
1317,2022-09-27 17:30,13.82,14.76,,,,,,
1318,2022-09-27 18:00,13.39,14.86,,,,,,
1319,2022-09-27 18:30,12.42,14.88,,,,,,
1320,2022-09-27 19:00,12.1,14.92,,,,,,
1321,2022-09-27 19:30,11.9,14.94,,,,,,
1322,2022-09-27 20:00,11.9,15.04,,,,,,
1323,2022-09-27 20:30,11.87,15.12,,,,,,
1324,2022-09-27 21:00,11.74,15.1,,,,,,
1325,2022-09-27 21:30,11.67,15.1,,,,,,
1326,2022-09-27 22:00,11.69,15.1,,,,,,
1327,2022-09-27 22:30,11.61,15.1,,,,,,
1328,2022-09-27 23:00,11.63,15.06,,,,,,
1329,2022-09-27 23:30,11.33,15.04,,,,,,
1330,2022-09-28 0:00,11.19,14.98,,,,,,
1331,2022-09-28 0:30,11.2,14.94,,,,,,
1332,2022-09-28 1:00,11.01,14.86,,,,,,
1333,2022-09-28 1:30,10.87,14.76,,,,,,
1334,2022-09-28 2:00,11.04,14.74,,,,,,
1335,2022-09-28 2:30,10.81,14.66,,,,,,
1336,2022-09-28 3:00,10.38,14.5,,,,,,
1337,2022-09-28 3:30,10.53,14.48,,,,,,
1338,2022-09-28 4:00,10.37,14.4,,,,,,
1339,2022-09-28 4:30,10.07,14.26,,,,,,
1340,2022-09-28 5:00,10.05,14.24,,,,,,
1341,2022-09-28 5:30,9.98,14.2,,,,,,
1342,2022-09-28 6:00,9.76,14.06,,,,,,
1343,2022-09-28 6:30,9.8,14.02,,,,,,
1344,2022-09-28 7:00,9.77,13.98,,,,,,
1345,2022-09-28 7:30,9.66,13.84,,,,,,
1346,2022-09-28 8:00,10.04,13.8,,,,,,
1347,2022-09-28 8:30,10.59,13.82,,,,,,
1348,2022-09-28 9:00,11.2,13.82,,,,,,
1349,2022-09-28 9:30,11.64,13.84,,,,,,
1350,2022-09-28 10:00,12,13.94,,,,,,
1351,2022-09-28 10:30,12.53,14,,,,,,
1352,2022-09-28 11:00,12.91,14.08,,,,,,
1353,2022-09-28 11:30,13.69,14.22,,,,,,
1354,2022-09-28 12:00,14.98,14.32,,,,,,
1355,2022-09-28 12:30,15.44,14.42,,,,,,
1356,2022-09-28 13:00,16.6,14.5,,,,,,
1357,2022-09-28 13:30,-888.88,-888.88,,Logged,,,,
1358,2022-09-28 14:00,14.07,14.64,,,,,,
1359,2022-09-28 14:30,14.42,14.68,,,,,,
1360,2022-09-28 15:00,14.93,14.72,,,,,,
1361,2022-09-28 15:30,17.02,14.74,,,,,,
1362,2022-09-28 16:00,-888.88,-888.88,,Logged,,,,
1363,2022-09-28 16:30,-888.88,-888.88,,Logged,,,,
1364,2022-09-28 17:00,15.36,14.94,,,,,,
1365,2022-09-28 17:30,14.3,14.94,,,,,,
1366,2022-09-28 18:00,13.6,14.96,,,,,,
1367,2022-09-28 18:30,12.48,14.92,,,,,,
1368,2022-09-28 19:00,11.91,14.94,,,,,,
1369,2022-09-28 19:30,11.34,15.04,,,,,,
1370,2022-09-28 20:00,11.31,15.1,,,,,,
1371,2022-09-28 20:30,11.3,15.18,,,,,,
1372,2022-09-28 21:00,11.33,15.24,,,,,,
1373,2022-09-28 21:30,11.44,15.26,,,,,,
1374,2022-09-28 22:00,11.47,15.3,,,,,,
1375,2022-09-28 22:30,11.47,15.3,,,,,,
1376,2022-09-28 23:00,11.4,15.32,,,,,,
1377,2022-09-28 23:30,11.01,15.32,,,,,,
1378,2022-09-29 0:00,10.9,15.3,,,,,,
1379,2022-09-29 0:30,10.91,15.24,,,,,,
1380,2022-09-29 1:00,10.95,15.2,,,,,,
1381,2022-09-29 1:30,10.81,15.12,,,,,,
1382,2022-09-29 2:00,10.7,15.04,,,,,,
1383,2022-09-29 2:30,10.59,15,,,,,,
1384,2022-09-29 3:00,10.23,14.92,,,,,,
1385,2022-09-29 3:30,10.21,14.9,,,,,,
1386,2022-09-29 4:00,10.21,14.9,,,,,,
1387,2022-09-29 4:30,9.96,14.8,,,,,,
1388,2022-09-29 5:00,10.01,14.8,,,,,,
1389,2022-09-29 5:30,10.03,14.8,,,,,,
1390,2022-09-29 6:00,9.5,14.68,,,,,,
1391,2022-09-29 6:30,9.44,14.62,,,,,,
1392,2022-09-29 7:00,9.47,14.66,,,,,,
1393,2022-09-29 7:30,9.46,14.64,,,,,,
1394,2022-09-29 8:00,9.58,14.64,,,,,,
1395,2022-09-29 8:30,9.73,14.6,,,,,,
1396,2022-09-29 9:00,9.63,14.54,,,,,,
1397,2022-09-29 9:30,10.22,14.5,,,,,,
1398,2022-09-29 10:00,12,14.64,,,,,,
1399,2022-09-29 10:30,11.19,14.68,,,,,,
1400,2022-09-29 11:00,10.12,14.58,,,,,,
1401,2022-09-29 11:30,10.81,14.64,,,,,,
1402,2022-09-29 12:00,10.88,14.56,,,,,,
1403,2022-09-29 12:30,12.11,14.66,,,,,,
1404,2022-09-29 13:00,17.44,15.08,,,,,,
1405,2022-09-29 13:30,17.09,15.06,,,,,,
1406,2022-09-29 14:00,14.98,15.12,,,,,,
1407,2022-09-29 14:30,15.69,15.26,,,,,,
1408,2022-09-29 15:00,14.63,15.1,,,,,,
1409,2022-09-29 15:30,12.92,14.98,,,,,,
1410,2022-09-29 16:00,-888.88,-888.88,,Logged,,,,
1411,2022-09-29 16:30,-888.88,-888.88,,Logged,,,,
1412,2022-09-29 17:00,13.5,15.38,,,,,,
1413,2022-09-29 17:30,12.9,15.16,,,,,,
1414,2022-09-29 18:00,11.8,14.94,,,,,,
1415,2022-09-29 18:30,11.99,14.94,,,,,,
1416,2022-09-29 19:00,11.33,14.98,,,,,,
1417,2022-09-29 19:30,10.76,14.92,,,,,,
1418,2022-09-29 20:00,10.74,14.94,,,,,,
1419,2022-09-29 20:30,10.63,14.9,,,,,,
1420,2022-09-29 21:00,10.52,14.88,,,,,,
1421,2022-09-29 21:30,10.54,14.82,,,,,,
1422,2022-09-29 22:00,10.79,14.78,,,,,,
1423,2022-09-29 22:30,11.41,14.8,,,,,,
1424,2022-09-29 23:00,11.37,14.74,,,,,,
1425,2022-09-29 23:30,11.18,14.66,,,,,,
1426,2022-09-30 0:00,10.93,14.56,,,,,,
1427,2022-09-30 0:30,10.85,14.6,,,,,,
1428,2022-09-30 1:00,10.68,14.56,,,,,,
1429,2022-09-30 1:30,10.37,14.46,,,,,,
1430,2022-09-30 2:00,10.43,14.44,,,,,,
1431,2022-09-30 2:30,10.42,14.42,,,,,,
1432,2022-09-30 3:00,10.14,14.32,,,,,,
1433,2022-09-30 3:30,10.15,14.28,,,,,,
1434,2022-09-30 4:00,10.17,14.28,,,,,,
1435,2022-09-30 4:30,9.98,14.18,,,,,,
1436,2022-09-30 5:00,9.95,14.14,,,,,,
1437,2022-09-30 5:30,9.95,14.12,,,,,,
1438,2022-09-30 6:00,9.82,14.06,,,,,,
1439,2022-09-30 6:30,9.66,13.98,,,,,,
1440,2022-09-30 7:00,9.68,13.94,,,,,,
1441,2022-09-30 7:30,9.61,13.9,,,,,,
1442,2022-09-30 8:00,9.63,13.82,,,,,,
1443,2022-09-30 8:30,10.28,13.82,,,,,,
1444,2022-09-30 9:00,10.63,13.82,,,,,,
1445,2022-09-30 9:30,10.99,13.82,,,,,,
1446,2022-09-30 10:00,11.36,13.8,,,,,,
1447,2022-09-30 10:30,11.68,13.8,,,,,,
1448,2022-09-30 11:00,12.9,14.04,,,,,,
1449,2022-09-30 11:30,12.92,14.02,,,,,,
1450,2022-09-30 12:00,14.23,14.3,,,,,,
1451,2022-09-30 12:30,14.36,14.4,,,,,,
1452,2022-09-30 13:00,14.58,14.46,,,,,,
1453,2022-09-30 13:30,14.57,14.44,,,,,,
1454,2022-09-30 14:00,14.52,14.58,,,,,,
1455,2022-09-30 14:30,14.68,14.5,,,,,,
1456,2022-09-30 15:00,15.22,14.52,,,,,,
1457,2022-09-30 15:30,15.02,14.6,,,,,,
1458,2022-09-30 16:00,14.84,14.46,,,,,,
1459,2022-09-30 16:30,-888.88,-888.88,,Logged,,,,
1460,2022-09-30 17:00,13.07,14.4,,,,,,
1461,2022-09-30 17:30,12.47,14.3,,,,,,
1462,2022-09-30 18:00,11.31,14.28,,,,,,
1463,2022-09-30 18:30,11.03,14.28,,,,,,
1464,2022-09-30 19:00,10.64,14.28,,,,,,
1465,2022-09-30 19:30,10.55,14.3,,,,,,
1466,2022-09-30 20:00,10.87,14.3,,,,,,
1467,2022-09-30 20:30,10.75,14.3,,,,,,
1468,2022-09-30 21:00,10.93,14.3,,,,,,
1469,2022-09-30 21:30,11.07,14.32,,,,,,
1470,2022-09-30 22:00,11.08,14.32,,,,,,
1471,2022-09-30 22:30,10.99,14.3,,,,,,
1472,2022-09-30 23:00,11.02,14.28,,,,,,
1473,2022-09-30 23:30,10.98,14.3,,,,,,
1474,2022-10-01 0:00,10.81,14.28,,,,,,
1475,2022-10-01 0:30,10.93,14.28,,,,,,
1476,2022-10-01 1:00,6.66,14.24,,,,,,
1477,2022-10-01 1:30,10.76,14.14,,,,,,
1478,2022-10-01 2:00,10.6,14.06,,,,,,
1479,2022-10-01 2:30,10.29,14,,,,,,
1480,2022-10-01 3:00,10.5,13.96,,,,,,
1481,2022-10-01 3:30,10.32,13.9,,,,,,
1482,2022-10-01 4:00,10.18,13.84,,,,,,
1483,2022-10-01 4:30,10.18,13.8,,,,,,
1484,2022-10-01 5:00,10.06,13.74,,,,,,
1485,2022-10-01 5:30,10.04,13.68,,,,,,
1486,2022-10-01 6:00,9.98,13.64,,,,,,
1487,2022-10-01 6:30,9.94,13.58,,,,,,
1488,2022-10-01 7:00,9.85,13.52,,,,,,
1489,2022-10-01 7:30,9.87,13.46,,,,,,
1490,2022-10-01 8:00,10.18,13.4,,,,,,
1491,2022-10-01 8:30,10.69,13.38,,,,,,
1492,2022-10-01 9:00,11.19,13.42,,,,,,
1493,2022-10-01 9:30,11.79,13.44,,,,,,
1494,2022-10-01 10:00,12.18,13.54,,,,,,
1495,2022-10-01 10:30,12.96,13.64,,,,,,
1496,2022-10-01 11:00,13.46,13.74,,,,,,
1497,2022-10-01 11:30,14.1,13.84,,,,,,
1498,2022-10-01 12:00,14.65,13.94,,,,,,
1499,2022-10-01 12:30,14.9,14.06,,,,,,
1500,2022-10-01 13:00,15.17,14.16,,,,,,
1501,2022-10-01 13:30,14.48,14.2,,,,,,
1502,2022-10-01 14:00,14.11,14.26,,,,,,
1503,2022-10-01 14:30,13.99,14.28,,,,,,
1504,2022-10-01 15:00,14.04,14.3,,,,,,
1505,2022-10-01 15:30,14.5,14.32,,,,,,
1506,2022-10-01 16:00,-888.88,-888.88,,Logged,,,,
1507,2022-10-01 16:30,-888.88,-888.88,,Logged,,,,
1508,2022-10-01 17:00,-888.88,-888.88,,Logged,,,,
1509,2022-10-01 17:30,14.12,14.44,,,,,,
1510,2022-10-01 18:00,14.72,14.44,,,,,,
1511,2022-10-01 18:30,13.62,14.48,,,,,,
1512,2022-10-01 19:00,12.42,14.5,,,,,,
1513,2022-10-01 19:30,11.88,14.52,,,,,,
1514,2022-10-01 20:00,11.72,14.52,,,,,,
1515,2022-10-01 20:30,11.62,14.54,,,,,,
1516,2022-10-01 21:00,11.6,14.54,,,,,,
1517,2022-10-01 21:30,11.56,14.54,,,,,,
1518,2022-10-01 22:00,11.57,14.52,,,,,,
1519,2022-10-01 22:30,11.58,14.48,,,,,,
1520,2022-10-01 23:00,11.42,14.46,,,,,,
1521,2022-10-01 23:30,11.13,14.38,,,,,,
1522,2022-10-02 0:00,11.03,14.32,,,,,,
1523,2022-10-02 0:30,11.13,14.32,,,,,,
1524,2022-10-02 1:00,11.28,14.32,,,,,,
1525,2022-10-02 1:30,10.93,14.24,,,,,,
1526,2022-10-02 2:00,10.54,14.06,,,,,,
1527,2022-10-02 2:30,10.25,13.98,,,,,,
1528,2022-10-02 3:00,10.42,13.94,,,,,,
1529,2022-10-02 3:30,10.28,13.86,,,,,,
1530,2022-10-02 4:00,9.69,13.66,,,,,,
1531,2022-10-02 4:30,9.9,13.66,,,,,,
1532,2022-10-02 5:00,9.91,13.62,,,,,,
1533,2022-10-02 5:30,9.73,13.52,,,,,,
1534,2022-10-02 6:00,9.85,13.48,,,,,,
1535,2022-10-02 6:30,9.85,13.46,,,,,,
1536,2022-10-02 7:00,9.66,13.38,,,,,,
1537,2022-10-02 7:30,9.71,13.28,,,,,,
1538,2022-10-02 8:00,10.33,13.32,,,,,,
1539,2022-10-02 8:30,10.9,13.26,,,,,,
1540,2022-10-02 9:00,11.25,13.2,,,,,,
1541,2022-10-02 9:30,11.79,13.3,,,,,,
1542,2022-10-02 10:00,12.22,13.38,,,,,,
1543,2022-10-02 10:30,12.85,13.42,,,,,,
1544,2022-10-02 11:00,13.6,13.6,,,,,,
1545,2022-10-02 11:30,14.07,13.72,,,,,,
1546,2022-10-02 12:00,14.58,13.72,,,,,,
1547,2022-10-02 12:30,15.09,13.86,,,,,,
1548,2022-10-02 13:00,14.98,14,,,,,,
1549,2022-10-02 13:30,14.41,14.04,,,,,,
1550,2022-10-02 14:00,13.88,14.08,,,,,,
1551,2022-10-02 14:30,14.04,14.12,,,,,,
1552,2022-10-02 15:00,14.25,14.1,,,,,,
1553,2022-10-02 15:30,14.87,14.16,,,,,,
1554,2022-10-02 16:00,15.25,14.18,,,,,,
1555,2022-10-02 16:30,-888.88,-888.88,,Logged,,,,
1556,2022-10-02 17:00,-888.88,-888.88,,Logged,,,,
1557,2022-10-02 17:30,14.45,14.26,,,,,,
1558,2022-10-02 18:00,14.8,14.2,,,,,,
1559,2022-10-02 18:30,13.12,14.14,,,,,,
1560,2022-10-02 19:00,12.04,14.18,,,,,,
1561,2022-10-02 19:30,11.56,14.26,,,,,,
1562,2022-10-02 20:00,11.44,14.26,,,,,,
1563,2022-10-02 20:30,11.42,14.28,,,,,,
1564,2022-10-02 21:00,11.47,14.32,,,,,,
1565,2022-10-02 21:30,11.49,14.32,,,,,,
1566,2022-10-02 22:00,11.41,14.32,,,,,,
1567,2022-10-02 22:30,11.44,14.3,,,,,,
1568,2022-10-02 23:00,11.31,14.28,,,,,,
1569,2022-10-02 23:30,11.22,14.22,,,,,,
1570,2022-10-03 0:00,11.26,14.2,,,,,,
1571,2022-10-03 0:30,10.98,14.12,,,,,,
1572,2022-10-03 1:00,10.86,14.04,,,,,,
1573,2022-10-03 1:30,10.92,14.02,,,,,,
1574,2022-10-03 2:00,10.61,13.96,,,,,,
1575,2022-10-03 2:30,1.56,13.86,,,,,,
1576,2022-10-03 3:00,10.49,13.82,,,,,,
1577,2022-10-03 3:30,10.33,13.74,,,,,,
1578,2022-10-03 4:00,10.2,13.66,,,,,,
1579,2022-10-03 4:30,10.34,13.68,,,,,,
1580,2022-10-03 5:00,10.15,13.6,,,,,,
1581,2022-10-03 5:30,9.87,13.44,,,,,,
1582,2022-10-03 6:00,9.98,13.46,,,,,,
1583,2022-10-03 6:30,9.89,13.4,,,,,,
1584,2022-10-03 7:00,9.73,13.3,,,,,,
1585,2022-10-03 7:30,9.93,13.34,,,,,,
1586,2022-10-03 8:00,10.33,13.32,,,,,,
1587,2022-10-03 8:30,10.63,13.22,,,,,,
1588,2022-10-03 9:00,11.51,13.24,,,,,,
1589,2022-10-03 9:30,12.22,13.32,,,,,,
1590,2022-10-03 10:00,12.76,13.36,,,,,,
1591,2022-10-03 10:30,13.42,13.42,,,,,,
1592,2022-10-03 11:00,14.11,13.6,,,,,,
1593,2022-10-03 11:30,14.59,13.7,,,,,,
1594,2022-10-03 12:00,15.19,13.76,,,,,,
1595,2022-10-03 12:30,15.25,13.88,,,,,,
1596,2022-10-03 13:00,15.29,14.02,,,,,,
1597,2022-10-03 13:30,14.58,14.06,,,,,,
1598,2022-10-03 14:00,14.38,14.12,,,,,,
1599,2022-10-03 14:30,14.49,14.16,,,,,,
1600,2022-10-03 15:00,14.23,14.18,,,,,,
1601,2022-10-03 15:30,15.04,14.2,,,,,,
1602,2022-10-03 16:00,15.35,14.26,,,,,,
1603,2022-10-03 16:30,-888.88,-888.88,,Logged,,,,
1604,2022-10-03 17:00,-888.88,-888.88,,Logged,,,,
1605,2022-10-03 17:30,15.15,14.28,,,,,,
1606,2022-10-03 18:00,15.68,14.28,,,,,,
1607,2022-10-03 18:30,13.17,14.28,,,,,,
1608,2022-10-03 19:00,12.23,14.28,,,,,,
1609,2022-10-03 19:30,11.62,14.32,,,,,,
1610,2022-10-03 20:00,11.57,14.36,,,,,,
1611,2022-10-03 20:30,11.57,14.38,,,,,,
1612,2022-10-03 21:00,11.55,14.4,,,,,,
1613,2022-10-03 21:30,11.58,14.42,,,,,,
1614,2022-10-03 22:00,11.6,14.42,,,,,,
1615,2022-10-03 22:30,11.35,14.42,,,,,,
1616,2022-10-03 23:00,11.19,14.42,,,,,,
1617,2022-10-03 23:30,11.29,14.4,,,,,,
1618,2022-10-04 0:00,11.15,14.36,,,,,,
1619,2022-10-04 0:30,10.86,14.28,,,,,,
1620,2022-10-04 1:00,10.96,14.26,,,,,,
1621,2022-10-04 1:30,10.81,14.2,,,,,,
1622,2022-10-04 2:00,10.55,14.1,,,,,,
1623,2022-10-04 2:30,10.65,14.08,,,,,,
1624,2022-10-04 3:00,10.59,14.04,,,,,,
1625,2022-10-04 3:30,10.16,13.92,,,,,,
1626,2022-10-04 4:00,10.17,13.88,,,,,,
1627,2022-10-04 4:30,10.22,13.86,,,,,,
1628,2022-10-04 5:00,10.06,13.76,,,,,,
1629,2022-10-04 5:30,10.05,13.72,,,,,,
1630,2022-10-04 6:00,10.04,13.7,,,,,,
1631,2022-10-04 6:30,9.8,13.6,,,,,,
1632,2022-10-04 7:00,9.69,13.52,,,,,,
1633,2022-10-04 7:30,9.8,13.52,,,,,,
1634,2022-10-04 8:00,10.42,13.48,,,,,,
1635,2022-10-04 8:30,11.08,13.42,,,,,,
1636,2022-10-04 9:00,11.79,13.48,,,,,,
1637,2022-10-04 9:30,12.45,13.52,,,,,,
1638,2022-10-04 10:00,12.32,13.56,,,,,,
1639,2022-10-04 10:30,12.38,13.68,,,,,,
1640,2022-10-04 11:00,13.61,13.86,,,,,,
1641,2022-10-04 11:30,14.23,13.94,,,,,,
1642,2022-10-04 12:00,14.69,14.04,,,,,,
1643,2022-10-04 12:30,15.07,14.18,,,,,,
1644,2022-10-04 13:00,14.68,14.24,,,,,,
1645,2022-10-04 13:30,14.82,14.26,,,,,,
1646,2022-10-04 14:00,14.17,14.34,,,,,,
1647,2022-10-04 14:30,14.5,14.38,,,,,,
1648,2022-10-04 15:00,14.59,14.38,,,,,,
1649,2022-10-04 15:30,15.04,14.38,,,,,,
1650,2022-10-04 16:00,-888.88,-888.88,,Logged,,,,
1651,2022-10-04 16:30,-888.88,-888.88,,Logged,,,,
1652,2022-10-04 17:00,14.92,14.46,,,,,,
1653,2022-10-04 17:30,14.22,14.42,,,,,,
1654,2022-10-04 18:00,13.61,14.4,,,,,,
1655,2022-10-04 18:30,13.24,14.4,,,,,,
1656,2022-10-04 19:00,11.94,14.46,,,,,,
1657,2022-10-04 19:30,11.29,14.48,,,,,,
1658,2022-10-04 20:00,11.3,14.56,,,,,,
1659,2022-10-04 20:30,11.51,14.6,,,,,,
1660,2022-10-04 21:00,11.58,14.58,,,,,,
1661,2022-10-04 21:30,11.55,14.56,,,,,,
1662,2022-10-04 22:00,11.58,14.56,,,,,,
1663,2022-10-04 22:30,11.47,14.52,,,,,,
1664,2022-10-04 23:00,11.37,14.5,,,,,,
1665,2022-10-04 23:30,11.29,14.44,,,,,,
1666,2022-10-05 0:00,11.17,14.36,,,,,,
1667,2022-10-05 0:30,11.13,14.32,,,,,,
1668,2022-10-05 1:00,11.07,14.3,,,,,,
1669,2022-10-05 1:30,10.85,14.22,,,,,,
1670,2022-10-05 2:00,10.66,14.14,,,,,,
1671,2022-10-05 2:30,10.71,14.12,,,,,,
1672,2022-10-05 3:00,10.49,14.02,,,,,,
1673,2022-10-05 3:30,10.29,13.92,,,,,,
1674,2022-10-05 4:00,10.34,13.88,,,,,,
1675,2022-10-05 4:30,10.18,13.82,,,,,,
1676,2022-10-05 5:00,10.06,13.68,,,,,,
1677,2022-10-05 5:30,10.2,13.7,,,,,,
1678,2022-10-05 6:00,10.11,13.64,,,,,,
1679,2022-10-05 6:30,9.94,13.48,,,,,,
1680,2022-10-05 7:00,10.01,13.5,,,,,,
1681,2022-10-05 7:30,9.94,13.44,,,,,,
1682,2022-10-05 8:00,10.09,13.3,,,,,,
1683,2022-10-05 8:30,10.81,13.34,,,,,,
1684,2022-10-05 9:00,11.89,13.36,,,,,,
1685,2022-10-05 9:30,12.68,13.34,,,,,,
1686,2022-10-05 10:00,13.51,13.46,,,,,,
1687,2022-10-05 10:30,13.62,13.56,,,,,,
1688,2022-10-05 11:00,13.58,13.5,,,,,,
1689,2022-10-05 11:30,14.03,13.62,,,,,,
1690,2022-10-05 12:00,14.66,13.74,,,,,,
1691,2022-10-05 12:30,16.41,13.86,,,,,,
1692,2022-10-05 13:00,16.85,13.92,,,,,,
1693,2022-10-05 13:30,16.81,13.82,,,,,,
1694,2022-10-05 14:00,16.11,13.78,,,,,,
1695,2022-10-05 14:30,15.03,13.78,,,,,,
1696,2022-10-05 15:00,15.29,13.94,,,,,,
1697,2022-10-05 15:30,15.74,13.96,,,,,,
1698,2022-10-05 16:00,15.76,13.92,,,,,,
1699,2022-10-05 16:30,15.93,13.9,,,,,,
1700,2022-10-05 17:00,15.53,13.9,,,,,,
1701,2022-10-05 17:30,15.13,13.86,,,,,,
1702,2022-10-05 18:00,13.58,13.82,,,,,,
1703,2022-10-05 18:30,13.24,13.88,,,,,,
1704,2022-10-05 19:00,12.12,13.88,,,,,,
1705,2022-10-05 19:30,11.99,13.86,,,,,,
1706,2022-10-05 20:00,11.96,13.82,,,,,,
1707,2022-10-05 20:30,12.12,13.78,,,,,,
1708,2022-10-05 21:00,12.22,13.76,,,,,,
1709,2022-10-05 21:30,12.14,13.74,,,,,,
1710,2022-10-05 22:00,12.03,13.7,,,,,,
1711,2022-10-05 22:30,11.55,13.64,,,,,,
1712,2022-10-05 23:00,11.34,13.6,,,,,,
1713,2022-10-05 23:30,11.2,13.56,,,,,,
1714,2022-10-06 0:00,11.06,13.44,,,,,,
1715,2022-10-06 0:30,11.04,13.4,,,,,,
1716,2022-10-06 1:00,10.88,13.34,,,,,,
1717,2022-10-06 1:30,10.52,13.2,,,,,,
1718,2022-10-06 2:00,10.45,13.2,,,,,,
1719,2022-10-06 2:30,10.39,13.1,,,,,,
1720,2022-10-06 3:00,10.25,13.02,,,,,,
1721,2022-10-06 3:30,10.34,13,,,,,,
1722,2022-10-06 4:00,10.29,12.94,,,,,,
1723,2022-10-06 4:30,9.9,12.8,,,,,,
1724,2022-10-06 5:00,9.89,12.7,,,,,,
1725,2022-10-06 5:30,9.89,12.68,,,,,,
1726,2022-10-06 6:00,9.84,12.6,,,,,,
1727,2022-10-06 6:30,9.93,12.54,,,,,,
1728,2022-10-06 7:00,10.05,12.54,,,,,,
1729,2022-10-06 7:30,9.87,12.4,,,,,,
1730,2022-10-06 8:00,10.31,12.28,,,,,,
1731,2022-10-06 8:30,11.3,12.3,,,,,,
1732,2022-10-06 9:00,12.12,12.3,,,,,,
1733,2022-10-06 9:30,12.38,12.26,,,,,,
1734,2022-10-06 10:00,12.72,12.36,,,,,,
1735,2022-10-06 10:30,13.02,12.42,,,,,,
1736,2022-10-06 11:00,13.94,12.42,,,,,,
1737,2022-10-06 11:30,14.18,12.52,,,,,,
1738,2022-10-06 12:00,14.66,12.62,,,,,,
1739,2022-10-06 12:30,15.01,12.68,,,,,,
1740,2022-10-06 13:00,14.86,12.78,,,,,,
1741,2022-10-06 13:30,15.28,12.84,,,,,,
1742,2022-10-06 14:00,15.13,12.84,,,,,,
1743,2022-10-06 14:30,15.34,12.88,,,,,,
1744,2022-10-06 15:00,15.57,12.92,,,,,,
1745,2022-10-06 15:30,15.88,12.92,,,,,,
1746,2022-10-06 16:00,16.45,12.96,,,,,,
1747,2022-10-06 16:30,16.36,12.98,,,,,,
1748,2022-10-06 17:00,16.33,12.98,,,,,,
1749,2022-10-06 17:30,15.66,12.94,,,,,,
1750,2022-10-06 18:00,15.03,12.94,,,,,,
1751,2022-10-06 18:30,13.64,12.92,,,,,,
1752,2022-10-06 19:00,12.71,12.94,,,,,,
1753,2022-10-06 19:30,12.39,12.94,,,,,,
1754,2022-10-06 20:00,12.15,12.94,,,,,,
1755,2022-10-06 20:30,12.21,12.9,,,,,,
1756,2022-10-06 21:00,12.28,12.88,,,,,,
1757,2022-10-06 21:30,12.27,12.88,,,,,,
1758,2022-10-06 22:00,12.34,12.84,,,,,,
1759,2022-10-06 22:30,12.27,12.76,,,,,,
1760,2022-10-06 23:00,12.12,12.7,,,,,,
1761,2022-10-06 23:30,11.83,12.62,,,,,,
1762,2022-10-07 0:00,11.71,12.6,,,,,,
1763,2022-10-07 0:30,11.58,12.6,,,,,,
1764,2022-10-07 1:00,11.39,12.5,,,,,,
1765,2022-10-07 1:30,11.23,12.42,,,,,,
1766,2022-10-07 2:00,11.24,12.42,,,,,,
1767,2022-10-07 2:30,11.02,12.34,,,,,,
1768,2022-10-07 3:00,10.88,12.26,,,,,,
1769,2022-10-07 3:30,10.9,12.22,,,,,,
1770,2022-10-07 4:00,10.77,12.16,,,,,,
1771,2022-10-07 4:30,10.65,12.08,,,,,,
1772,2022-10-07 5:00,10.77,12.06,,,,,,
1773,2022-10-07 5:30,10.63,12,,,,,,
1774,2022-10-07 6:00,10.42,11.9,,,,,,
1775,2022-10-07 6:30,10.44,11.86,,,,,,
1776,2022-10-07 7:00,10.43,11.84,,,,,,
1777,2022-10-07 7:30,10.36,11.76,,,,,,
1778,2022-10-07 8:00,10.56,11.72,,,,,,
1779,2022-10-07 8:30,10.99,11.72,,,,,,
1780,2022-10-07 9:00,11.8,11.68,,,,,,
1781,2022-10-07 9:30,12.82,11.74,,,,,,
1782,2022-10-07 10:00,13.41,11.84,,,,,,
1783,2022-10-07 10:30,13.78,11.96,,,,,,
1784,2022-10-07 11:00,13.78,12.04,,,,,,
1785,2022-10-07 11:30,14.12,12.18,,,,,,
1786,2022-10-07 12:00,14.8,12.3,,,,,,
1787,2022-10-07 12:30,15.02,12.38,,,,,,
1788,2022-10-07 13:00,14.65,12.46,,,,,,
1789,2022-10-07 13:30,15.15,12.54,,,,,,
1790,2022-10-07 14:00,14.22,12.54,,,,,,
1791,2022-10-07 14:30,13.94,12.56,,,,,,
1792,2022-10-07 15:00,14.14,12.64,,,,,,
1793,2022-10-07 15:30,14.09,12.64,,,,,,
1794,2022-10-07 16:00,14.34,12.64,,,,,,
1795,2022-10-07 16:30,14.3,12.68,,,,,,
1796,2022-10-07 17:00,14.16,12.68,,,,,,
1797,2022-10-07 17:30,13.52,12.64,,,,,,
1798,2022-10-07 18:00,13.56,12.68,,,,,,
1799,2022-10-07 18:30,13.2,12.72,,,,,,
1800,2022-10-07 19:00,12.25,12.7,,,,,,
1801,2022-10-07 19:30,12.1,12.74,,,,,,
1802,2022-10-07 20:00,12.18,12.78,,,,,,
1803,2022-10-07 20:30,12.1,12.8,,,,,,
1804,2022-10-07 21:00,12.21,12.8,,,,,,
1805,2022-10-07 21:30,12.22,12.84,,,,,,
1806,2022-10-07 22:00,12.2,12.84,,,,,,
1807,2022-10-07 22:30,12.16,12.82,,,,,,
1808,2022-10-07 23:00,12.14,12.8,,,,,,
1809,2022-10-07 23:30,12.04,12.78,,,,,,
1810,2022-10-08 0:00,11.66,12.74,,,,,,
1811,2022-10-08 0:30,11.44,12.68,,,,,,
1812,2022-10-08 1:00,11.41,12.62,,,,,,
1813,2022-10-08 1:30,11.51,12.6,,,,,,
1814,2022-10-08 2:00,11.36,12.54,,,,,,
1815,2022-10-08 2:30,11.17,12.48,,,,,,
1816,2022-10-08 3:00,11.23,12.46,,,,,,
1817,2022-10-08 3:30,11.07,12.4,,,,,,
1818,2022-10-08 4:00,10.82,12.32,,,,,,
1819,2022-10-08 4:30,10.81,12.28,,,,,,
1820,2022-10-08 5:00,10.83,12.26,,,,,,
1821,2022-10-08 5:30,10.7,12.2,,,,,,
1822,2022-10-08 6:00,10.72,12.14,,,,,,
1823,2022-10-08 6:30,10.68,12.1,,,,,,
1824,2022-10-08 7:00,10.45,12.02,,,,,,
1825,2022-10-08 7:30,10.47,11.96,,,,,,
1826,2022-10-08 8:00,10.82,11.96,,,,,,
1827,2022-10-08 8:30,11.42,11.92,,,,,,
1828,2022-10-08 9:00,12.04,11.94,,,,,,
1829,2022-10-08 9:30,12.8,11.98,,,,,,
1830,2022-10-08 10:00,13.55,12.06,,,,,,
1831,2022-10-08 10:30,14,12.16,,,,,,
1832,2022-10-08 11:00,15.18,12.3,,,,,,
1833,2022-10-08 11:30,15.87,12.4,,,,,,
1834,2022-10-08 12:00,16.61,12.5,,,,,,
1835,2022-10-08 12:30,17.33,12.6,,,,,,
1836,2022-10-08 13:00,17.33,12.68,,,,,,
1837,2022-10-08 13:30,-888.88,-888.88,,Logged,,,,
1838,2022-10-08 14:00,16.05,12.74,,,,,,
1839,2022-10-08 14:30,15.26,12.74,,,,,,
1840,2022-10-08 15:00,16.3,12.78,,,,,,
1841,2022-10-08 15:30,-888.88,-888.88,,Logged,,,,
1842,2022-10-08 16:00,16.84,12.82,,,,,,
1843,2022-10-08 16:30,15.91,12.84,,,,,,
1844,2022-10-08 17:00,15.66,12.84,,,,,,
1845,2022-10-08 17:30,14.54,12.82,,,,,,
1846,2022-10-08 18:00,13.88,12.82,,,,,,
1847,2022-10-08 18:30,13.03,12.84,,,,,,
1848,2022-10-08 19:00,12.12,12.82,,,,,,
1849,2022-10-08 19:30,11.79,12.86,,,,,,
1850,2022-10-08 20:00,11.82,12.88,,,,,,
1851,2022-10-08 20:30,11.83,12.92,,,,,,
1852,2022-10-08 21:00,11.91,12.94,,,,,,
1853,2022-10-08 21:30,11.98,12.94,,,,,,
1854,2022-10-08 22:00,12.03,12.92,,,,,,
1855,2022-10-08 22:30,11.98,12.9,,,,,,
1856,2022-10-08 23:00,11.77,12.86,,,,,,
1857,2022-10-08 23:30,11.55,12.8,,,,,,
1858,2022-10-09 0:00,11.42,12.76,,,,,,
1859,2022-10-09 0:30,11.34,12.72,,,,,,
1860,2022-10-09 1:00,11.44,12.7,,,,,,
1861,2022-10-09 1:30,11.25,12.64,,,,,,
1862,2022-10-09 2:00,11.02,12.56,,,,,,
1863,2022-10-09 2:30,10.96,12.5,,,,,,
1864,2022-10-09 3:00,10.92,12.48,,,,,,
1865,2022-10-09 3:30,10.77,12.4,,,,,,
1866,2022-10-09 4:00,10.72,12.34,,,,,,
1867,2022-10-09 4:30,10.68,12.3,,,,,,
1868,2022-10-09 5:00,10.5,12.22,,,,,,
1869,2022-10-09 5:30,10.41,12.18,,,,,,
1870,2022-10-09 6:00,10.37,12.14,,,,,,
1871,2022-10-09 6:30,10.32,12.1,,,,,,
1872,2022-10-09 7:00,10.26,12.04,,,,,,
1873,2022-10-09 7:30,10.22,11.98,,,,,,
1874,2022-10-09 8:00,10.55,11.94,,,,,,
1875,2022-10-09 8:30,11.41,11.92,,,,,,
1876,2022-10-09 9:00,12.16,11.94,,,,,,
1877,2022-10-09 9:30,12.88,11.96,,,,,,
1878,2022-10-09 10:00,13.89,12.02,,,,,,
1879,2022-10-09 10:30,14.84,12.12,,,,,,
1880,2022-10-09 11:00,16.01,12.26,,,,,,
1881,2022-10-09 11:30,16.86,12.36,,,,,,
1882,2022-10-09 12:00,17.93,12.44,,,,,,
1883,2022-10-09 12:30,18.31,12.52,,,,,,
1884,2022-10-09 13:00,18.41,12.58,,,,,,
1885,2022-10-09 13:30,-888.88,-888.88,,Logged,,,,
1886,2022-10-09 14:00,16.33,12.66,,,,,,
1887,2022-10-09 14:30,16.76,12.68,,,,,,
1888,2022-10-09 15:00,17.19,12.74,,,,,,
1889,2022-10-09 15:30,17.55,12.76,,,,,,
1890,2022-10-09 16:00,17.09,12.74,,,,,,
1891,2022-10-09 16:30,16.3,12.74,,,,,,
1892,2022-10-09 17:00,16.14,12.74,,,,,,
1893,2022-10-09 17:30,14.85,12.76,,,,,,
1894,2022-10-09 18:00,13.96,12.74,,,,,,
1895,2022-10-09 18:30,13.08,12.74,,,,,,
1896,2022-10-09 19:00,12.12,12.72,,,,,,
1897,2022-10-09 19:30,11.76,12.74,,,,,,
1898,2022-10-09 20:00,11.72,12.74,,,,,,
1899,2022-10-09 20:30,11.66,12.78,,,,,,
1900,2022-10-09 21:00,11.64,12.78,,,,,,
1901,2022-10-09 21:30,11.61,12.78,,,,,,
1902,2022-10-09 22:00,11.53,12.76,,,,,,
1903,2022-10-09 22:30,11.55,12.74,,,,,,
1904,2022-10-09 23:00,11.56,12.72,,,,,,
1905,2022-10-09 23:30,11.63,12.66,,,,,,
1906,2022-10-10 0:00,11.3,12.58,,,,,,
1907,2022-10-10 0:30,11.06,12.48,,,,,,
1908,2022-10-10 1:00,10.9,12.4,,,,,,
1909,2022-10-10 1:30,10.86,12.36,,,,,,
1910,2022-10-10 2:00,10.76,12.32,,,,,,
1911,2022-10-10 2:30,10.61,12.24,,,,,,
1912,2022-10-10 3:00,10.47,12.18,,,,,,
1913,2022-10-10 3:30,10.34,12.1,,,,,,
1914,2022-10-10 4:00,10.14,12.04,,,,,,
1915,2022-10-10 4:30,10.15,11.98,,,,,,
1916,2022-10-10 5:00,10.32,11.98,,,,,,
1917,2022-10-10 5:30,10.06,11.9,,,,,,
1918,2022-10-10 6:00,9.83,11.82,,,,,,
1919,2022-10-10 6:30,9.94,11.8,,,,,,
1920,2022-10-10 7:00,9.89,11.76,,,,,,
1921,2022-10-10 7:30,9.8,11.7,,,,,,
1922,2022-10-10 8:00,10.34,11.7,,,,,,
1923,2022-10-10 8:30,11.34,11.68,,,,,,
1924,2022-10-10 9:00,12.97,11.68,,,,,,
1925,2022-10-10 9:30,13.76,11.76,,,,,,
1926,2022-10-10 10:00,14.5,11.82,,,,,,
1927,2022-10-10 10:30,16.57,11.76,,,,,,
1928,2022-10-10 11:00,16.74,12.1,,,,,,
1929,2022-10-10 11:30,19.23,12.22,,,,,,
1930,2022-10-10 12:00,13.62,12.06,,,,,,
1931,2022-10-10 12:30,12.93,11.86,,,,,,
1932,2022-10-10 13:00,13.37,11.84,,,,,,
1933,2022-10-10 13:30,15.76,11.88,,,,,,
1934,2022-10-10 14:00,16.96,11.98,,,,,,
1935,2022-10-10 14:30,17.41,12.26,,,,,,
1936,2022-10-10 15:00,18.18,12.32,,,,,,
1937,2022-10-10 15:30,16.72,12.2,,,,,,
1938,2022-10-10 16:00,18.49,12.26,,,,,,
1939,2022-10-10 16:30,14.66,12.18,,,,,,
1940,2022-10-10 17:00,15.29,12.1,,,,,,
1941,2022-10-10 17:30,15.84,12.26,,,,,,
1942,2022-10-10 18:00,14.26,12.14,,,,,,
1943,2022-10-10 18:30,12.36,12.06,,,,,,
1944,2022-10-10 19:00,11.15,12,,,,,,
1945,2022-10-10 19:30,10.82,11.98,,,,,,
1946,2022-10-10 20:00,10.96,11.92,,,,,,
1947,2022-10-10 20:30,11.08,11.94,,,,,,
1948,2022-10-10 21:00,11.24,11.92,,,,,,
1949,2022-10-10 21:30,11.66,11.92,,,,,,
1950,2022-10-10 22:00,11.52,11.82,,,,,,
1951,2022-10-10 22:30,11.34,11.74,,,,,,
1952,2022-10-10 23:00,11.01,11.6,,,,,,
1953,2022-10-10 23:30,10.99,11.6,,,,,,
1954,2022-10-11 0:00,10.98,11.58,,,,,,
1955,2022-10-11 0:30,10.71,11.52,,,,,,
1956,2022-10-11 1:00,10.79,11.52,,,,,,
1957,2022-10-11 1:30,10.82,11.5,,,,,,
1958,2022-10-11 2:00,10.79,11.48,,,,,,
1959,2022-10-11 2:30,10.64,11.38,,,,,,
1960,2022-10-11 3:00,10.68,11.4,,,,,,
1961,2022-10-11 3:30,10.54,11.36,,,,,,
1962,2022-10-11 4:00,10.39,11.3,,,,,,
1963,2022-10-11 4:30,10.39,11.28,,,,,,
1964,2022-10-11 5:00,10.34,11.24,,,,,,
1965,2022-10-11 5:30,10.23,11.16,,,,,,
1966,2022-10-11 6:00,10.25,11.14,,,,,,
1967,2022-10-11 6:30,10.2,11.08,,,,,,
1968,2022-10-11 7:00,10.1,11,,,,,,
1969,2022-10-11 7:30,10.1,10.96,,,,,,
1970,2022-10-11 8:00,10.41,10.92,,,,,,
1971,2022-10-11 8:30,11.06,10.9,,,,,,
1972,2022-10-11 9:00,11.31,10.92,,,,,,
1973,2022-10-11 9:30,12.31,10.94,,,,,,
1974,2022-10-11 10:00,12.99,11.02,,,,,,
1975,2022-10-11 10:30,14.09,11.14,,,,,,
1976,2022-10-11 11:00,14.76,11.2,,,,,,
1977,2022-10-11 11:30,15.3,11.28,,,,,,
1978,2022-10-11 12:00,15.76,11.34,,,,,,
1979,2022-10-11 12:30,16.63,11.44,,,,,,
1980,2022-10-11 13:00,-888.88,-888.88,,Logged,,,,
1981,2022-10-11 13:30,17.8,11.58,,,,,,
1982,2022-10-11 14:00,15.72,11.6,,,,,,
1983,2022-10-11 14:30,15.12,11.62,,,,,,
1984,2022-10-11 15:00,14.91,11.68,,,,,,
1985,2022-10-11 15:30,15.61,11.64,,,,,,
1986,2022-10-11 16:00,15.74,11.6,,,,,,
1987,2022-10-11 16:30,14.55,11.6,,,,,,
1988,2022-10-11 17:00,15.2,11.6,,,,,,
1989,2022-10-11 17:30,13.61,11.52,,,,,,
1990,2022-10-11 18:00,12.53,11.48,,,,,,
1991,2022-10-11 18:30,12.04,11.48,,,,,,
1992,2022-10-11 19:00,11.56,11.5,,,,,,
1993,2022-10-11 19:30,11.79,11.54,,,,,,
1994,2022-10-11 20:00,12.15,11.54,,,,,,
1995,2022-10-11 20:30,12.03,11.52,,,,,,
1996,2022-10-11 21:00,11.9,11.48,,,,,,
1997,2022-10-11 21:30,11.85,11.44,,,,,,
1998,2022-10-11 22:00,11.69,11.42,,,,,,
1999,2022-10-11 22:30,11.78,11.36,,,,,,
2000,2022-10-11 23:00,11.63,11.32,,,,,,
2001,2022-10-11 23:30,11.6,11.26,,,,,,
2002,2022-10-12 0:00,11.52,11.24,,,,,,
2003,2022-10-12 0:30,11.6,11.26,,,,,,
2004,2022-10-12 1:00,11.6,11.26,,,,,,
2005,2022-10-12 1:30,11.41,11.2,,,,,,
2006,2022-10-12 2:00,11.4,11.14,,,,,,
2007,2022-10-12 2:30,11.4,11.1,,,,,,
2008,2022-10-12 3:00,11.26,11.04,,,,,,
2009,2022-10-12 3:30,11.19,11.02,,,,,,
2010,2022-10-12 4:00,11.15,10.94,,,,,,
2011,2022-10-12 4:30,11.08,10.88,,,,,,
2012,2022-10-12 5:00,10.98,10.86,,,,,,
2013,2022-10-12 5:30,10.99,10.84,,,,,,
2014,2022-10-12 6:00,10.87,10.8,,,,,,
2015,2022-10-12 6:30,10.75,10.74,,,,,,
2016,2022-10-12 7:00,10.79,10.72,,,,,,
2017,2022-10-12 7:30,10.77,10.66,,,,,,
2018,2022-10-12 8:00,10.87,10.56,,,,,,
2019,2022-10-12 8:30,11.47,10.52,,,,,,
2020,2022-10-12 9:00,12.01,10.52,,,,,,
2021,2022-10-12 9:30,12.44,10.52,,,,,,
2022,2022-10-12 10:00,13.36,10.58,,,,,,
2023,2022-10-12 10:30,14.52,10.68,,,,,,
2024,2022-10-12 11:00,15.44,10.8,,,,,,
2025,2022-10-12 11:30,15.94,10.9,,,,,,
2026,2022-10-12 12:00,16.68,11,,,,,,
2027,2022-10-12 12:30,16.84,11.14,,,,,,
2028,2022-10-12 13:00,-888.88,-888.88,,Logged,,,,
2029,2022-10-12 13:30,-888.88,-888.88,,Logged,,,,
2030,2022-10-12 14:00,15.72,11.24,,,,,,
2031,2022-10-12 14:30,15.19,11.22,,,,,,
2032,2022-10-12 15:00,16.03,11.24,,,,,,
2033,2022-10-12 15:30,16.49,11.2,,,,,,
2034,2022-10-12 16:00,16.07,11.2,,,,,,
2035,2022-10-12 16:30,15.04,11.2,,,,,,
2036,2022-10-12 17:00,15.26,11.18,,,,,,
2037,2022-10-12 17:30,14.26,11.14,,,,,,
2038,2022-10-12 18:00,12.95,11.12,,,,,,
2039,2022-10-12 18:30,12.44,11.12,,,,,,
2040,2022-10-12 19:00,11.9,11.14,,,,,,
2041,2022-10-12 19:30,11.66,11.12,,,,,,
2042,2022-10-12 20:00,11.93,11.16,,,,,,
2043,2022-10-12 20:30,12.09,11.16,,,,,,
2044,2022-10-12 21:00,12.26,11.16,,,,,,
2045,2022-10-12 21:30,12.33,11.14,,,,,,
2046,2022-10-12 22:00,12.34,11.12,,,,,,
2047,2022-10-12 22:30,12.33,11.1,,,,,,
2048,2022-10-12 23:00,12.2,11.04,,,,,,
2049,2022-10-12 23:30,12.06,10.96,,,,,,
2050,2022-10-13 0:00,11.82,10.9,,,,,,
2051,2022-10-13 0:30,11.94,10.84,,,,,,
2052,2022-10-13 1:00,11.8,10.78,,,,,,
2053,2022-10-13 1:30,11.71,10.72,,,,,,
2054,2022-10-13 2:00,11.82,10.68,,,,,,
2055,2022-10-13 2:30,11.6,10.62,,,,,,
2056,2022-10-13 3:00,11.58,10.56,,,,,,
2057,2022-10-13 3:30,11.57,10.52,,,,,,
2058,2022-10-13 4:00,11.35,10.44,,,,,,
2059,2022-10-13 4:30,11.2,10.38,,,,,,
2060,2022-10-13 5:00,11.1,10.34,,,,,,
2061,2022-10-13 5:30,11.08,10.26,,,,,,
2062,2022-10-13 6:00,11.03,10.2,,,,,,
2063,2022-10-13 6:30,10.93,10.14,,,,,,
2064,2022-10-13 7:00,10.88,10.08,,,,,,
2065,2022-10-13 7:30,10.74,10,,,,,,
2066,2022-10-13 8:00,11.04,9.98,,,,,,
2067,2022-10-13 8:30,11.95,9.96,,,,,,
2068,2022-10-13 9:00,12.68,9.94,,,,,,
2069,2022-10-13 9:30,13.24,9.98,,,,,,
2070,2022-10-13 10:00,14.48,10.04,,,,,,
2071,2022-10-13 10:30,12.82,12.2,,,,,,
2072,2022-10-13 11:00,10.25,19.96,,,,,,
2073,2022-10-13 11:30,8.63,26.5,,,,,,
2074,2022-10-13 12:00,8.05,28.78,,,,,,
2075,2022-10-13 12:30,7.78,29.84,,,,,,
2076,2022-10-13 13:00,7.51,30.74,,,,,,
2077,2022-10-13 13:30,8.63,22.42,,,,,,
2078,2022-10-13 14:00,9.77,17.54,,,,,,
2079,2022-10-13 14:30,10.48,14.62,,,,,,
2080,2022-10-13 15:00,10.25,15.94,,,,,,
2081,2022-10-13 15:30,10.32,15.1,,,,,,
2082,2022-10-13 16:00,10.54,14.32,,,,,,
2083,2022-10-13 16:30,10.66,13.86,,,,,,
2084,2022-10-13 17:00,10.71,13.56,,,,,,
2085,2022-10-13 17:30,10.76,13.24,,,,,,
2086,2022-10-13 18:00,10.61,12.88,,,,,,
2087,2022-10-13 18:30,10.71,12.22,,,,,,
2088,2022-10-13 19:00,10.81,11.86,,,,,,
2089,2022-10-13 19:30,10.48,13.96,,,,,,
2090,2022-10-13 20:00,9.78,16.58,,,,,,
2091,2022-10-13 20:30,9.3,18.36,,,,,,
2092,2022-10-13 21:00,8.98,19.64,,,,,,
2093,2022-10-13 21:30,8.75,20.6,,,,,,
2094,2022-10-13 22:00,8.5,21.58,,,,,,
2095,2022-10-13 22:30,8.36,22.06,,,,,,
2096,2022-10-13 23:00,8.28,22.28,,,,,,
2097,2022-10-13 23:30,8.22,22.44,,,,,,
2098,2022-10-14 0:00,8.18,22.54,,,,,,
2099,2022-10-14 0:30,8.16,22.62,,,,,,
2100,2022-10-14 1:00,8.12,22.68,,,,,,
2101,2022-10-14 1:30,8.1,22.72,,,,,,
2102,2022-10-14 2:00,8.07,22.74,,,,,,
2103,2022-10-14 2:30,8.05,22.78,,,,,,
2104,2022-10-14 3:00,8.02,22.8,,,,,,
2105,2022-10-14 3:30,7.99,22.8,,,,,,
2106,2022-10-14 4:00,7.96,22.82,,,,,,
2107,2022-10-14 4:30,7.94,22.82,,,,,,
2108,2022-10-14 5:00,7.9,22.84,,,,,,
2109,2022-10-14 5:30,7.87,22.84,,,,,,
2110,2022-10-14 6:00,7.84,22.84,,,,,,
2111,2022-10-14 6:30,7.8,22.84,,,,,,
2112,2022-10-14 7:00,7.77,22.86,,,,,,
2113,2022-10-14 7:30,7.74,22.86,,,,,,
2114,2022-10-14 8:00,7.71,22.86,,,,,,
2115,2022-10-14 8:30,7.68,22.9,,,,,,
2116,2022-10-14 9:00,7.45,28.52,,,,,,
2117,2022-10-14 9:30,8.28,22.5,,,,,,
2118,2022-10-14 10:00,8.47,21.38,,,,,,
2119,2022-10-14 10:30,8.58,20.92,,,,,,
2120,2022-10-14 11:00,8.68,20.78,,,,,,
2121,2022-10-14 11:30,8.72,20.82,,,,,,
2122,2022-10-14 12:00,8.74,20.86,,,,,,
2123,2022-10-14 12:30,8.74,20.92,,,,,,
2124,2022-10-14 13:00,8.75,20.96,,,,,,
2125,2022-10-14 13:30,8.74,20.98,,,,,,
2126,2022-10-14 14:00,8.76,21,,,,,,
2127,2022-10-14 14:30,8.76,21,,,,,,
2128,2022-10-14 15:00,8.77,21.12,,,,,,
2129,2022-10-14 15:30,8.74,21.42,,,,,,
2130,2022-10-14 16:00,8.7,21.68,,,,,,
2131,2022-10-14 16:30,8.65,21.86,,,,,,
2132,2022-10-14 17:00,8.63,21.98,,,,,,
2133,2022-10-14 17:30,8.63,22.04,,,,,,
2134,2022-10-14 18:00,8.65,22.12,,,,,,
2135,2022-10-14 18:30,8.69,22.2,,,,,,
2136,2022-10-14 19:00,8.96,22.28,,,,,,
2137,2022-10-14 19:30,9.06,22.38,,,,,,
2138,2022-10-14 20:00,9.07,22.48,,,,,,
2139,2022-10-14 20:30,9.04,22.56,,,,,,
2140,2022-10-14 21:00,9.04,22.62,,,,,,
2141,2022-10-14 21:30,9.04,22.68,,,,,,
2142,2022-10-14 22:00,9.02,22.72,,,,,,
2143,2022-10-14 22:30,9.03,22.74,,,,,,
2144,2022-10-14 23:00,9.02,22.76,,,,,,
2145,2022-10-14 23:30,9.01,22.78,,,,,,
2146,2022-10-15 0:00,9.02,22.8,,,,,,
2147,2022-10-15 0:30,9.02,22.84,,,,,,
2148,2022-10-15 1:00,8.99,22.88,,,,,,
2149,2022-10-15 1:30,8.99,22.92,,,,,,
2150,2022-10-15 2:00,8.98,22.96,,,,,,
2151,2022-10-15 2:30,8.98,22.98,,,,,,
2152,2022-10-15 3:00,8.98,23,,,,,,
2153,2022-10-15 3:30,8.97,23.02,,,,,,
2154,2022-10-15 4:00,8.97,23.04,,,,,,
2155,2022-10-15 4:30,8.98,23.04,,,,,,
2156,2022-10-15 5:00,8.97,23.04,,,,,,
2157,2022-10-15 5:30,8.97,23.06,,,,,,
2158,2022-10-15 6:00,8.98,23.16,,,,,,
2159,2022-10-15 6:30,8.97,23.24,,,,,,
2160,2022-10-15 7:00,8.96,23.32,,,,,,
2161,2022-10-15 7:30,8.95,23.32,,,,,,
2162,2022-10-15 8:00,8.93,23.28,,,,,,
2163,2022-10-15 8:30,8.95,23.18,,,,,,
2164,2022-10-15 9:00,8.97,23.1,,,,,,
2165,2022-10-15 9:30,8.98,23.2,,,,,,
2166,2022-10-15 10:00,8.96,23.24,,,,,,
2167,2022-10-15 10:30,8.96,23.26,,,,,,
2168,2022-10-15 11:00,8.95,23.26,,,,,,
2169,2022-10-15 11:30,8.95,23.28,,,,,,
2170,2022-10-15 12:00,8.93,23.26,,,,,,
2171,2022-10-15 12:30,8.93,23.2,,,,,,
2172,2022-10-15 13:00,8.95,23.16,,,,,,
2173,2022-10-15 13:30,8.95,23.14,,,,,,
2174,2022-10-15 14:00,8.93,23.1,,,,,,
2175,2022-10-15 14:30,8.95,23.08,,,,,,
2176,2022-10-15 15:00,8.95,23.06,,,,,,
2177,2022-10-15 15:30,8.96,23.02,,,,,,
2178,2022-10-15 16:00,8.95,22.98,,,,,,
2179,2022-10-15 16:30,8.96,22.96,,,,,,
2180,2022-10-15 17:00,8.96,22.94,,,,,,
2181,2022-10-15 17:30,8.97,22.9,,,,,,
2182,2022-10-15 18:00,8.98,22.88,,,,,,
2183,2022-10-15 18:30,8.97,22.84,,,,,,
2184,2022-10-15 19:00,8.99,22.82,,,,,,
2185,2022-10-15 19:30,8.98,22.82,,,,,,
2186,2022-10-15 20:00,8.98,22.82,,,,,,
2187,2022-10-15 20:30,8.98,22.82,,,,,,
2188,2022-10-15 21:00,8.98,22.84,,,,,,
2189,2022-10-15 21:30,8.98,22.86,,,,,,
2190,2022-10-15 22:00,8.98,22.88,,,,,,
2191,2022-10-15 22:30,8.98,22.9,,,,,,
2192,2022-10-15 23:00,8.97,22.92,,,,,,
2193,2022-10-15 23:30,8.97,22.96,,,,,,
2194,2022-10-16 0:00,8.96,22.98,,,,,,
2195,2022-10-16 0:30,8.96,23,,,,,,
2196,2022-10-16 1:00,8.95,23.02,,,,,,
2197,2022-10-16 1:30,8.95,23.04,,,,,,
2198,2022-10-16 2:00,8.95,23.06,,,,,,
2199,2022-10-16 2:30,8.95,23.08,,,,,,
2200,2022-10-16 3:00,8.95,23.1,,,,,,
2201,2022-10-16 3:30,8.93,23.2,,,,,,
2202,2022-10-16 4:00,8.93,23.28,,,,,,
2203,2022-10-16 4:30,8.92,23.32,,,,,,
2204,2022-10-16 5:00,8.92,23.34,,,,,,
2205,2022-10-16 5:30,8.91,23.34,,,,,,
2206,2022-10-16 6:00,8.91,23.32,,,,,,
2207,2022-10-16 6:30,8.91,23.32,,,,,,
2208,2022-10-16 7:00,8.92,23.3,,,,,,
2209,2022-10-16 7:30,8.91,23.3,,,,,,
2210,2022-10-16 8:00,8.91,23.3,,,,,,
2211,2022-10-16 8:30,8.91,23.3,,,,,,
2212,2022-10-16 9:00,8.91,23.3,,,,,,
2213,2022-10-16 9:30,8.92,23.32,,,,,,
2214,2022-10-16 10:00,8.91,23.3,,,,,,
2215,2022-10-16 10:30,8.91,23.26,,,,,,
2216,2022-10-16 11:00,8.92,23.3,,,,,,
2217,2022-10-16 11:30,8.9,23.28,,,,,,
2218,2022-10-16 12:00,8.9,23.22,,,,,,
2219,2022-10-16 12:30,8.91,23.16,,,,,,
2220,2022-10-16 13:00,8.92,23.12,,,,,,
2221,2022-10-16 13:30,8.92,23.06,,,,,,
2222,2022-10-16 14:00,8.93,23.02,,,,,,
2223,2022-10-16 14:30,8.93,22.98,,,,,,
2224,2022-10-16 15:00,8.93,22.94,,,,,,
2225,2022-10-16 15:30,8.95,22.9,,,,,,
2226,2022-10-16 16:00,8.95,22.86,,,,,,
2227,2022-10-16 16:30,8.95,22.82,,,,,,
2228,2022-10-16 17:00,8.95,22.8,,,,,,
2229,2022-10-16 17:30,8.96,22.76,,,,,,
2230,2022-10-16 18:00,8.97,22.72,,,,,,
2231,2022-10-16 18:30,8.97,22.68,,,,,,
2232,2022-10-16 19:00,8.97,22.64,,,,,,
2233,2022-10-16 19:30,8.97,22.62,,,,,,
2234,2022-10-16 20:00,8.97,22.6,,,,,,
2235,2022-10-16 20:30,8.97,22.6,,,,,,
2236,2022-10-16 21:00,8.98,22.6,,,,,,
2237,2022-10-16 21:30,8.97,22.6,,,,,,
2238,2022-10-16 22:00,8.96,22.6,,,,,,
2239,2022-10-16 22:30,8.96,22.62,,,,,,
2240,2022-10-16 23:00,8.96,22.64,,,,,,
2241,2022-10-16 23:30,8.95,22.66,,,,,,
2242,2022-10-17 0:00,8.93,22.7,,,,,,
2243,2022-10-17 0:30,8.93,22.74,,,,,,
2244,2022-10-17 1:00,8.93,22.8,,,,,,
2245,2022-10-17 1:30,8.92,22.84,,,,,,
2246,2022-10-17 2:00,8.91,22.9,,,,,,
2247,2022-10-17 2:30,8.91,22.94,,,,,,
2248,2022-10-17 3:00,8.9,22.98,,,,,,
2249,2022-10-17 3:30,8.9,23,,,,,,
2250,2022-10-17 4:00,8.9,23.02,,,,,,
2251,2022-10-17 4:30,8.88,23.04,,,,,,
2252,2022-10-17 5:00,8.88,23.06,,,,,,
2253,2022-10-17 5:30,8.9,23.06,,,,,,
2254,2022-10-17 6:00,8.88,23.08,,,,,,
2255,2022-10-17 6:30,8.9,23.06,,,,,,
2256,2022-10-17 7:00,8.9,23.02,,,,,,
2257,2022-10-17 7:30,8.9,22.96,,,,,,
2258,2022-10-17 8:00,8.91,22.92,,,,,,
2259,2022-10-17 8:30,8.91,22.88,,,,,,
2260,2022-10-17 9:00,8.92,22.86,,,,,,
2261,2022-10-17 9:30,8.92,22.92,,,,,,
2262,2022-10-17 10:00,8.9,23.08,,,,,,
2263,2022-10-17 10:30,8.88,23.26,,,,,,
2264,2022-10-17 11:00,8.87,23.3,,,,,,
2265,2022-10-17 11:30,8.82,23.5,,,,,,
2266,2022-10-17 11:35,,,,,Logged,,,
2267,2022-10-17 11:35,,,,,,Logged,,
2268,2022-10-17 11:35,,,,,,,Logged,Logged
